customer_id,churn_probability,predicted_churn,actual_churn_next_30_days
CUST025026,0.8898,1,1
CUST020499,0.4898,0,0
CUST001658,0.0512,0,0
CUST044227,0.1809,0,0
CUST001102,0.2459,0,0
CUST003703,0.0428,0,0
CUST005485,0.1196,0,0
CUST010550,0.3421,0,0
CUST025682,0.3181,0,1
CUST005443,0.0461,0,0
CUST020243,0.0506,0,0
CUST042465,0.5293,1,0
CUST006842,0.6561,1,0
CUST042692,0.1975,0,0
CUST018780,0.1336,0,0
CUST035942,0.1456,0,0
CUST049849,0.8407,1,0
CUST005461,0.8352,1,0
CUST015641,0.5673,1,0
CUST003537,0.0921,0,0
CUST048719,0.8953,1,0
CUST042881,0.2934,0,0
CUST036780,0.6637,1,0
CUST033174,0.6095,1,0
CUST028372,0.0826,0,0
CUST026625,0.0684,0,0
CUST036598,0.1048,0,0
CUST043316,0.0453,0,0
CUST025704,0.1086,0,0
CUST023274,0.4125,0,0
CUST047333,0.5963,1,0
CUST014152,0.1817,0,0
CUST017940,0.0979,0,0
CUST037477,0.1359,0,0
CUST035495,0.0675,0,0
CUST033237,0.337,0,0
CUST047842,0.0414,0,0
CUST038512,0.0553,0,0
CUST020066,0.1162,0,0
CUST002170,0.0752,0,0
CUST020266,0.0675,0,0
CUST036693,0.4234,0,0
CUST018157,0.1147,0,0
CUST017441,0.1685,0,0
CUST020393,0.3412,0,0
CUST005351,0.076,0,0
CUST017041,0.2687,0,0
CUST007943,0.4252,0,0
CUST000991,0.0791,0,0
CUST037047,0.7245,1,0
CUST042411,0.1836,0,0
CUST033024,0.7365,1,0
CUST027286,0.0842,0,0
CUST038998,0.0532,0,0
CUST044474,0.0609,0,0
CUST011279,0.1437,0,0
CUST020509,0.2183,0,0
CUST013656,0.0419,0,0
CUST043183,0.1276,0,0
CUST003202,0.0675,0,0
CUST014858,0.0615,0,0
CUST016253,0.4876,0,0
CUST038883,0.1648,0,0
CUST023148,0.852,1,0
CUST045344,0.1079,0,0
CUST022999,0.8951,1,0
CUST018202,0.0753,0,0
CUST036821,0.1177,0,0
CUST021790,0.3423,0,0
CUST028834,0.0799,0,0
CUST016799,0.1256,0,0
CUST035842,0.0584,0,0
CUST004112,0.6341,1,0
CUST045969,0.1055,0,0
CUST000186,0.1511,0,0
CUST044043,0.1313,0,0
CUST003153,0.2537,0,0
CUST013427,0.8991,1,1
CUST037836,0.3584,0,0
CUST009752,0.0962,0,0
CUST002276,0.065,0,0
CUST010771,0.4497,0,0
CUST001125,0.0626,0,0
CUST022588,0.0829,0,0
CUST035025,0.0513,0,0
CUST018366,0.0643,0,0
CUST025960,0.2412,0,0
CUST021240,0.5268,1,0
CUST002684,0.841,1,0
CUST025917,0.8018,1,0
CUST032504,0.1128,0,0
CUST009885,0.1218,0,0
CUST006820,0.3193,0,0
CUST028732,0.282,0,0
CUST025029,0.2746,0,0
CUST044523,0.0478,0,0
CUST027654,0.3592,0,0
CUST024305,0.0562,0,0
CUST039635,0.2738,0,0
CUST004698,0.2389,0,0
CUST008743,0.0553,0,0
CUST047275,0.1428,0,0
CUST002885,0.1783,0,0
CUST017913,0.0883,0,0
CUST040564,0.7774,1,0
CUST020027,0.087,0,0
CUST046066,0.3602,0,0
CUST013390,0.5134,1,0
CUST003262,0.1685,0,0
CUST032901,0.0889,0,0
CUST013299,0.0385,0,0
CUST029637,0.0975,0,0
CUST045394,0.068,0,0
CUST002645,0.1068,0,0
CUST037272,0.1571,0,0
CUST046128,0.1684,0,0
CUST035049,0.0709,0,0
CUST012594,0.0413,0,0
CUST005642,0.0704,0,0
CUST036531,0.198,0,0
CUST020878,0.2927,0,0
CUST035862,0.0716,0,0
CUST036016,0.2673,0,0
CUST024853,0.1353,0,0
CUST020297,0.0576,0,0
CUST010889,0.0993,0,0
CUST029856,0.178,0,0
CUST030883,0.0529,0,0
CUST034816,0.8131,1,0
CUST014791,0.096,0,0
CUST024960,0.7963,1,1
CUST041439,0.0549,0,0
CUST013858,0.0575,0,0
CUST024204,0.0807,0,0
CUST008755,0.0604,0,0
CUST032906,0.1319,0,0
CUST003801,0.363,0,0
CUST041608,0.8551,1,0
CUST023993,0.0554,0,0
CUST047715,0.1261,0,0
CUST027626,0.136,0,0
CUST034293,0.3318,0,0
CUST032048,0.0561,0,0
CUST002097,0.3062,0,0
CUST017652,0.1458,0,0
CUST000192,0.0939,0,0
CUST035208,0.3263,0,0
CUST002793,0.0767,0,0
CUST013877,0.6189,1,0
CUST001769,0.1414,0,0
CUST000729,0.1223,0,0
CUST012168,0.5022,1,0
CUST013269,0.5947,1,0
CUST008180,0.8215,1,0
CUST046741,0.0878,0,0
CUST046815,0.0461,0,0
CUST021962,0.1989,0,0
CUST003868,0.1444,0,0
CUST032529,0.2946,0,0
CUST012793,0.0688,0,0
CUST010020,0.2659,0,0
CUST021947,0.1811,0,0
CUST018355,0.2131,0,0
CUST030409,0.0546,0,0
CUST042422,0.0899,0,0
CUST049927,0.4104,0,0
CUST025664,0.7684,1,1
CUST025219,0.1424,0,0
CUST042948,0.8854,1,1
CUST015248,0.552,1,0
CUST046030,0.0524,0,0
CUST043799,0.7972,1,1
CUST031589,0.862,1,1
CUST002510,0.0468,0,0
CUST044282,0.8142,1,0
CUST036170,0.2144,0,0
CUST025822,0.0649,0,0
CUST025514,0.3374,0,0
CUST012522,0.4187,0,0
CUST002823,0.1458,0,0
CUST020833,0.2834,0,0
CUST029149,0.5598,1,0
CUST038145,0.7976,1,0
CUST023662,0.053,0,0
CUST019088,0.5678,1,1
CUST025154,0.1652,0,0
CUST016386,0.0816,0,0
CUST010179,0.0436,0,0
CUST021137,0.104,0,0
CUST027412,0.1231,0,0
CUST043745,0.1252,0,0
CUST024030,0.6805,1,0
CUST042707,0.5114,1,0
CUST016704,0.4735,0,0
CUST010779,0.2776,0,0
CUST030913,0.0407,0,0
CUST043410,0.0753,0,0
CUST024345,0.0636,0,0
CUST027542,0.0698,0,0
CUST018449,0.3249,0,0
CUST015370,0.1824,0,0
CUST022434,0.4153,0,0
CUST027305,0.0751,0,0
CUST041642,0.2943,0,0
CUST007645,0.0723,0,0
CUST013029,0.1244,0,0
CUST048352,0.8397,1,0
CUST049437,0.0667,0,0
CUST042935,0.1946,0,0
CUST043357,0.1126,0,0
CUST024710,0.096,0,0
CUST047199,0.3392,0,0
CUST038283,0.859,1,0
CUST020436,0.1349,0,0
CUST017614,0.0832,0,0
CUST012030,0.1371,0,0
CUST012384,0.0981,0,0
CUST016007,0.1794,0,0
CUST014202,0.8955,1,0
CUST043094,0.2014,0,0
CUST045536,0.1006,0,0
CUST030268,0.8613,1,0
CUST004406,0.7956,1,0
CUST005236,0.4304,0,0
CUST043194,0.1436,0,0
CUST033312,0.8991,1,1
CUST046856,0.0822,0,0
CUST008229,0.0821,0,0
CUST028326,0.5766,1,0
CUST008425,0.0715,0,0
CUST020123,0.0954,0,0
CUST046517,0.1114,0,0
CUST007807,0.1209,0,0
CUST043556,0.2734,0,0
CUST044465,0.0524,0,0
CUST042608,0.331,0,0
CUST037360,0.0666,0,0
CUST000331,0.0785,0,0
CUST013962,0.0664,0,0
CUST006176,0.2483,0,0
CUST041798,0.821,1,0
CUST029786,0.0524,0,0
CUST013749,0.0433,0,0
CUST027503,0.0655,0,0
CUST007730,0.1583,0,0
CUST024167,0.0835,0,0
CUST031259,0.7375,1,0
CUST030080,0.0796,0,0
CUST033287,0.0478,0,0
CUST010663,0.0675,0,0
CUST033714,0.8654,1,0
CUST029281,0.0624,0,0
CUST040025,0.0557,0,0
CUST027355,0.0363,0,0
CUST038287,0.1933,0,0
CUST017918,0.1167,0,0
CUST019792,0.2704,0,0
CUST045793,0.053,0,0
CUST005769,0.0575,0,0
CUST038803,0.1926,0,0
CUST032513,0.056,0,0
CUST011569,0.2237,0,0
CUST015124,0.2086,0,0
CUST011220,0.1961,0,0
CUST036525,0.5389,1,0
CUST010456,0.0363,0,0
CUST041984,0.1411,0,0
CUST048730,0.8991,1,0
CUST049663,0.3265,0,0
CUST007662,0.0647,0,0
CUST010049,0.0495,0,0
CUST037206,0.0533,0,0
CUST045804,0.0445,0,0
CUST044804,0.2226,0,0
CUST004633,0.0396,0,0
CUST003820,0.1415,0,0
CUST043790,0.0832,0,0
CUST008579,0.1266,0,0
CUST036972,0.0658,0,0
CUST049962,0.067,0,0
CUST030879,0.1463,0,0
CUST040260,0.0675,0,0
CUST033308,0.1373,0,0
CUST046515,0.0732,0,0
CUST025459,0.9008,1,0
CUST018504,0.0521,0,0
CUST045496,0.6894,1,0
CUST045098,0.2607,0,0
CUST016605,0.3778,0,0
CUST000706,0.4616,0,0
CUST007026,0.1584,0,0
CUST042370,0.7446,1,0
CUST025481,0.1511,0,0
CUST004035,0.0411,0,0
CUST020160,0.0739,0,0
CUST039901,0.5191,1,0
CUST000362,0.0577,0,0
CUST046752,0.0502,0,0
CUST009369,0.195,0,0
CUST032069,0.0719,0,0
CUST018521,0.0757,0,0
CUST004347,0.1068,0,0
CUST027101,0.837,1,0
CUST044526,0.0615,0,0
CUST044393,0.2829,0,0
CUST027790,0.0907,0,0
CUST026560,0.1716,0,0
CUST020241,0.0466,0,0
CUST001254,0.2667,0,0
CUST009625,0.0454,0,0
CUST023943,0.4781,0,0
CUST011430,0.0929,0,0
CUST025674,0.0667,0,0
CUST026550,0.098,0,0
CUST026705,0.1813,0,0
CUST014844,0.1876,0,0
CUST012119,0.0753,0,0
CUST024725,0.075,0,0
CUST027261,0.1507,0,0
CUST006346,0.1707,0,0
CUST036643,0.1178,0,0
CUST028046,0.1309,0,0
CUST045016,0.1424,0,0
CUST035999,0.3498,0,1
CUST042685,0.5794,1,0
CUST034377,0.7885,1,0
CUST040513,0.083,0,0
CUST001624,0.0866,0,0
CUST037775,0.0714,0,0
CUST022472,0.0893,0,0
CUST026388,0.8971,1,0
CUST006398,0.1109,0,0
CUST047368,0.0704,0,0
CUST038926,0.1805,0,0
CUST019815,0.0689,0,0
CUST001493,0.1434,0,0
CUST030098,0.6551,1,0
CUST047492,0.0555,0,0
CUST036179,0.884,1,0
CUST022207,0.0682,0,0
CUST022869,0.0601,0,0
CUST031621,0.1958,0,0
CUST040793,0.1379,0,0
CUST032244,0.8334,1,0
CUST039873,0.1202,0,0
CUST001265,0.1308,0,0
CUST007529,0.1513,0,0
CUST047340,0.1219,0,0
CUST000068,0.111,0,0
CUST042644,0.0838,0,0
CUST002971,0.1009,0,0
CUST036297,0.0587,0,0
CUST010720,0.0523,0,0
CUST036890,0.0557,0,0
CUST035620,0.0914,0,0
CUST020214,0.1666,0,0
CUST000242,0.0675,0,0
CUST005242,0.1562,0,0
CUST003749,0.078,0,0
CUST010269,0.0823,0,0
CUST028192,0.1767,0,0
CUST046168,0.0988,0,0
CUST036927,0.0559,0,0
CUST005911,0.0409,0,0
CUST009589,0.5912,1,0
CUST036410,0.4906,0,0
CUST003263,0.7865,1,0
CUST008031,0.3082,0,0
CUST032992,0.7808,1,0
CUST029330,0.0381,0,0
CUST039337,0.3574,0,0
CUST043716,0.0942,0,0
CUST017360,0.1175,0,0
CUST022424,0.1361,0,0
CUST028690,0.1277,0,0
CUST016423,0.1419,0,0
CUST037052,0.8595,1,0
CUST036150,0.21,0,0
CUST012785,0.5552,1,0
CUST005289,0.0827,0,0
CUST045438,0.6298,1,0
CUST039051,0.8781,1,1
CUST004864,0.0776,0,0
CUST046239,0.2261,0,0
CUST023531,0.0892,0,0
CUST038944,0.0715,0,0
CUST003228,0.4256,0,0
CUST041228,0.3625,0,0
CUST002449,0.0675,0,0
CUST015928,0.0577,0,0
CUST033121,0.0583,0,0
CUST019184,0.291,0,0
CUST029487,0.1324,0,0
CUST019847,0.1212,0,0
CUST023089,0.5419,1,0
CUST024111,0.1048,0,0
CUST044102,0.0916,0,0
CUST023872,0.9006,1,0
CUST008820,0.1568,0,0
CUST014661,0.1897,0,0
CUST024804,0.2398,0,0
CUST045245,0.7309,1,0
CUST018228,0.887,1,0
CUST003281,0.8877,1,1
CUST018350,0.3603,0,0
CUST023668,0.0982,0,0
CUST008159,0.0666,0,0
CUST002720,0.2279,0,0
CUST012120,0.1364,0,0
CUST010748,0.1142,0,0
CUST023088,0.2884,0,0
CUST002602,0.7433,1,0
CUST016815,0.0922,0,0
CUST020963,0.0724,0,0
CUST031703,0.1129,0,0
CUST002396,0.0434,0,0
CUST026143,0.6713,1,0
CUST001928,0.0704,0,0
CUST022118,0.1007,0,0
CUST022069,0.1142,0,0
CUST031394,0.1442,0,0
CUST040866,0.0381,0,0
CUST049194,0.7332,1,0
CUST030351,0.8014,1,0
CUST029148,0.7097,1,0
CUST044402,0.5162,1,0
CUST048075,0.0709,0,0
CUST033296,0.2363,0,0
CUST043757,0.0746,0,0
CUST026865,0.1308,0,0
CUST010685,0.0962,0,0
CUST001373,0.8157,1,0
CUST014929,0.0975,0,0
CUST019156,0.0753,0,0
CUST041315,0.0454,0,0
CUST012001,0.4692,0,0
CUST026924,0.1184,0,0
CUST034033,0.0589,0,0
CUST002263,0.0947,0,0
CUST035659,0.0675,0,0
CUST011992,0.1682,0,0
CUST016334,0.4035,0,0
CUST040845,0.1243,0,0
CUST041935,0.5804,1,0
CUST008186,0.8699,1,0
CUST048395,0.8276,1,1
CUST024347,0.6898,1,0
CUST040808,0.0601,0,0
CUST026904,0.435,0,0
CUST028118,0.0635,0,0
CUST045087,0.5197,1,0
CUST035658,0.8498,1,0
CUST021209,0.1332,0,0
CUST025318,0.8488,1,0
CUST025036,0.1648,0,0
CUST043561,0.596,1,0
CUST049629,0.1871,0,0
CUST001565,0.0431,0,0
CUST038743,0.0716,0,0
CUST000963,0.4553,0,0
CUST045448,0.0752,0,0
CUST037594,0.8498,1,0
CUST047794,0.5789,1,0
CUST043784,0.0586,0,0
CUST004162,0.3307,0,0
CUST043235,0.2653,0,0
CUST018357,0.1191,0,0
CUST033881,0.1839,0,0
CUST049080,0.0852,0,0
CUST013871,0.144,0,0
CUST019085,0.0617,0,0
CUST031622,0.5361,1,0
CUST009395,0.5046,1,0
CUST035170,0.0468,0,0
CUST049873,0.1541,0,0
CUST011689,0.0449,0,0
CUST042025,0.0518,0,0
CUST024427,0.1389,0,0
CUST039769,0.0339,0,0
CUST007762,0.0456,0,0
CUST035480,0.1603,0,0
CUST015965,0.1172,0,0
CUST029189,0.251,0,0
CUST043845,0.2236,0,0
CUST029115,0.0615,0,0
CUST028317,0.1719,0,0
CUST001557,0.088,0,0
CUST003191,0.1307,0,0
CUST034046,0.2496,0,0
CUST038154,0.0789,0,0
CUST023311,0.0606,0,0
CUST027772,0.4258,0,0
CUST031933,0.0734,0,0
CUST044263,0.3641,0,0
CUST004251,0.0466,0,0
CUST002573,0.6307,1,0
CUST004050,0.0753,0,0
CUST048276,0.2818,0,0
CUST043019,0.1007,0,0
CUST038262,0.0992,0,0
CUST025650,0.1669,0,0
CUST014668,0.8997,1,1
CUST022944,0.1055,0,0
CUST028069,0.8323,1,0
CUST016262,0.0485,0,0
CUST005059,0.4825,0,0
CUST001128,0.8725,1,0
CUST034218,0.0729,0,0
CUST024010,0.0605,0,0
CUST022111,0.0861,0,0
CUST045405,0.1877,0,0
CUST001920,0.1528,0,0
CUST012274,0.077,0,0
CUST020446,0.2462,0,0
CUST047262,0.4092,0,0
CUST018648,0.694,1,0
CUST019308,0.06,0,0
CUST003853,0.0889,0,0
CUST049832,0.105,0,0
CUST036638,0.2518,0,0
CUST007535,0.3102,0,0
CUST004214,0.1266,0,0
CUST004307,0.0675,0,0
CUST014000,0.4818,0,0
CUST045211,0.0675,0,0
CUST026054,0.062,0,0
CUST034502,0.0581,0,0
CUST042161,0.2518,0,0
CUST021837,0.5673,1,0
CUST012508,0.8625,1,0
CUST007176,0.3067,0,0
CUST001586,0.0965,0,0
CUST009115,0.068,0,0
CUST000414,0.1178,0,0
CUST017130,0.8338,1,0
CUST048451,0.4791,0,0
CUST002777,0.0722,0,0
CUST006591,0.4659,0,0
CUST024319,0.1291,0,0
CUST036268,0.5158,1,0
CUST008504,0.0565,0,0
CUST035514,0.1031,0,0
CUST022599,0.0881,0,0
CUST042619,0.3944,0,0
CUST026599,0.1167,0,0
CUST046161,0.044,0,0
CUST042009,0.1194,0,0
CUST048714,0.0605,0,0
CUST009322,0.041,0,0
CUST028398,0.2725,0,0
CUST000121,0.5213,1,0
CUST044298,0.1389,0,0
CUST038945,0.0747,0,0
CUST022712,0.0756,0,0
CUST036436,0.064,0,0
CUST029183,0.0587,0,0
CUST048608,0.4437,0,0
CUST017687,0.9025,1,0
CUST043302,0.3242,0,0
CUST000142,0.0693,0,0
CUST034366,0.0573,0,0
CUST031334,0.054,0,0
CUST045981,0.1327,0,0
CUST049844,0.0892,0,0
CUST048681,0.092,0,0
CUST031559,0.1851,0,0
CUST013277,0.1064,0,0
CUST031619,0.8717,1,0
CUST007205,0.0634,0,0
CUST008722,0.0851,0,0
CUST032778,0.8422,1,0
CUST040995,0.0619,0,0
CUST023066,0.0749,0,0
CUST033432,0.0515,0,0
CUST034210,0.0529,0,0
CUST014157,0.2167,0,0
CUST010814,0.1176,0,0
CUST039341,0.0665,0,0
CUST037471,0.1794,0,0
CUST023731,0.2226,0,0
CUST034476,0.1419,0,0
CUST007260,0.4443,0,0
CUST016548,0.4853,0,0
CUST015367,0.7671,1,0
CUST028556,0.0621,0,0
CUST029814,0.3943,0,0
CUST022516,0.1297,0,0
CUST029868,0.6077,1,0
CUST039403,0.1607,0,0
CUST036445,0.0751,0,0
CUST000209,0.1439,0,0
CUST019260,0.1271,0,0
CUST028825,0.049,0,0
CUST018184,0.0732,0,0
CUST027863,0.06,0,0
CUST007416,0.8303,1,0
CUST031322,0.0846,0,0
CUST004003,0.5499,1,0
CUST044652,0.34,0,0
CUST047874,0.0603,0,0
CUST033372,0.2806,0,0
CUST015553,0.0877,0,0
CUST025905,0.7291,1,0
CUST034375,0.8149,1,0
CUST007527,0.4953,0,0
CUST015471,0.1647,0,0
CUST027913,0.1562,0,0
CUST039336,0.3127,0,0
CUST049641,0.3904,0,0
CUST001778,0.4829,0,0
CUST018618,0.0602,0,0
CUST016807,0.3458,0,0
CUST020489,0.7569,1,0
CUST007979,0.0474,0,0
CUST017760,0.829,1,0
CUST024304,0.186,0,0
CUST039620,0.075,0,0
CUST015551,0.5257,1,0
CUST022288,0.8991,1,0
CUST042014,0.8522,1,0
CUST045617,0.0894,0,0
CUST025764,0.0829,0,0
CUST004048,0.4872,0,0
CUST002951,0.0965,0,0
CUST024315,0.0731,0,0
CUST034566,0.0652,0,0
CUST041456,0.0704,0,0
CUST048912,0.3388,0,0
CUST027051,0.115,0,0
CUST033460,0.0941,0,0
CUST015255,0.0787,0,0
CUST022275,0.2098,0,0
CUST041556,0.8077,1,0
CUST035252,0.0675,0,0
CUST035777,0.1224,0,0
CUST021844,0.3362,0,0
CUST044656,0.0675,0,0
CUST041292,0.0933,0,0
CUST034249,0.2112,0,0
CUST024670,0.0789,0,0
CUST036245,0.1366,0,0
CUST028557,0.2051,0,0
CUST047528,0.0753,0,0
CUST047901,0.063,0,0
CUST026896,0.6435,1,0
CUST019108,0.2363,0,0
CUST003363,0.0696,0,0
CUST049496,0.4543,0,0
CUST048239,0.0697,0,0
CUST014715,0.5293,1,0
CUST018306,0.5505,1,0
CUST044939,0.052,0,0
CUST025939,0.1629,0,0
CUST001049,0.0931,0,0
CUST024293,0.2388,0,0
CUST019171,0.2699,0,0
CUST029135,0.3309,0,0
CUST014936,0.0474,0,0
CUST018486,0.6005,1,0
CUST018086,0.0875,0,0
CUST046719,0.6143,1,0
CUST017759,0.0637,0,0
CUST002538,0.0832,0,0
CUST007475,0.6487,1,0
CUST028380,0.3122,0,0
CUST010528,0.0975,0,0
CUST007604,0.2679,0,0
CUST014344,0.1863,0,0
CUST002422,0.5979,1,0
CUST009821,0.5454,1,0
CUST047915,0.0586,0,0
CUST006438,0.0489,0,0
CUST001062,0.8068,1,0
CUST030911,0.1897,0,0
CUST018331,0.1527,0,0
CUST028487,0.0675,0,0
CUST019456,0.3443,0,0
CUST048829,0.0569,0,0
CUST038871,0.1178,0,0
CUST007939,0.1097,0,0
CUST024280,0.0832,0,0
CUST009248,0.5653,1,0
CUST021573,0.535,1,0
CUST041483,0.0998,0,0
CUST009936,0.3645,0,0
CUST033598,0.1122,0,0
CUST020236,0.1086,0,0
CUST019213,0.0967,0,0
CUST011626,0.4034,0,0
CUST028277,0.1987,0,0
CUST017278,0.2429,0,0
CUST049797,0.0697,0,0
CUST024973,0.0855,0,0
CUST024587,0.6606,1,0
CUST035111,0.1088,0,0
CUST048526,0.11,0,0
CUST046790,0.8496,1,1
CUST015615,0.1068,0,0
CUST042633,0.1034,0,0
CUST026169,0.6276,1,0
CUST008955,0.0927,0,0
CUST047385,0.0858,0,0
CUST046256,0.8486,1,0
CUST007359,0.3482,0,0
CUST029476,0.8991,1,0
CUST039995,0.0557,0,0
CUST003894,0.0713,0,0
CUST041298,0.0797,0,0
CUST035108,0.111,0,0
CUST013805,0.0577,0,0
CUST005042,0.1335,0,0
CUST006447,0.0524,0,0
CUST048882,0.4005,0,0
CUST045351,0.1801,0,0
CUST030992,0.8164,1,0
CUST047646,0.2109,0,0
CUST042522,0.0737,0,0
CUST040651,0.0811,0,0
CUST048593,0.8991,1,1
CUST038075,0.6391,1,0
CUST041560,0.3391,0,0
CUST041445,0.8797,1,0
CUST026391,0.0788,0,0
CUST001743,0.2056,0,0
CUST035315,0.5514,1,0
CUST007341,0.0685,0,0
CUST013038,0.6005,1,0
CUST031773,0.19,0,0
CUST045855,0.2678,0,0
CUST035818,0.0775,0,0
CUST034921,0.1196,0,0
CUST001747,0.0654,0,0
CUST008886,0.0753,0,0
CUST005036,0.1491,0,0
CUST012151,0.0942,0,0
CUST046530,0.0739,0,0
CUST003007,0.4642,0,0
CUST028297,0.3982,0,0
CUST024448,0.4321,0,0
CUST034679,0.0996,0,0
CUST033143,0.8443,1,0
CUST013924,0.0675,0,0
CUST031379,0.0768,0,0
CUST021523,0.1114,0,0
CUST001272,0.5945,1,0
CUST014061,0.1806,0,0
CUST009828,0.0948,0,0
CUST004423,0.044,0,0
CUST044603,0.7785,1,0
CUST022951,0.4283,0,0
CUST008231,0.2883,0,0
CUST007236,0.4044,0,0
CUST011818,0.1469,0,0
CUST005429,0.1695,0,0
CUST024343,0.9294,1,0
CUST045861,0.6555,1,0
CUST014490,0.0753,0,0
CUST016355,0.0914,0,0
CUST023069,0.0638,0,0
CUST030454,0.1648,0,0
CUST013821,0.3571,0,0
CUST026491,0.0781,0,0
CUST014808,0.4692,0,0
CUST048306,0.115,0,0
CUST029901,0.3183,0,0
CUST043224,0.2265,0,0
CUST009942,0.2175,0,0
CUST012979,0.1243,0,0
CUST017409,0.0498,0,0
CUST016298,0.0838,0,0
CUST025631,0.3323,0,0
CUST041972,0.0695,0,0
CUST038458,0.8858,1,0
CUST031879,0.1045,0,0
CUST016585,0.05,0,0
CUST026861,0.2024,0,0
CUST042045,0.1838,0,0
CUST033970,0.0596,0,0
CUST014022,0.0678,0,0
CUST038415,0.2912,0,0
CUST019509,0.8102,1,0
CUST029176,0.0551,0,0
CUST037368,0.8042,1,0
CUST035685,0.4921,0,0
CUST014730,0.0521,0,0
CUST001880,0.0833,0,0
CUST041997,0.2603,0,0
CUST047198,0.5389,1,0
CUST041985,0.8018,1,1
CUST026663,0.8304,1,0
CUST047054,0.2034,0,0
CUST016620,0.0536,0,0
CUST049223,0.09,0,0
CUST031096,0.6207,1,0
CUST048320,0.411,0,0
CUST026972,0.0662,0,0
CUST023037,0.1153,0,0
CUST023817,0.2916,0,0
CUST018095,0.0753,0,0
CUST023456,0.0591,0,0
CUST007912,0.1563,0,0
CUST047887,0.0529,0,0
CUST027173,0.0882,0,0
CUST035854,0.0483,0,0
CUST047702,0.842,1,0
CUST020655,0.338,0,0
CUST027844,0.1067,0,0
CUST027456,0.1282,0,0
CUST021008,0.0986,0,0
CUST020636,0.088,0,0
CUST040879,0.1145,0,0
CUST035782,0.0595,0,0
CUST019766,0.1532,0,0
CUST038711,0.8143,1,1
CUST016575,0.1742,0,0
CUST012881,0.1053,0,0
CUST037642,0.3804,0,0
CUST023499,0.0618,0,0
CUST014591,0.063,0,0
CUST020764,0.1755,0,0
CUST019606,0.0472,0,0
CUST031080,0.0862,0,0
CUST034098,0.0862,0,0
CUST020309,0.1241,0,0
CUST000382,0.2577,0,0
CUST041839,0.4927,0,0
CUST001075,0.0802,0,0
CUST049943,0.2164,0,0
CUST008358,0.2661,0,0
CUST046932,0.4661,0,0
CUST038659,0.2142,0,0
CUST011068,0.0993,0,0
CUST024800,0.0618,0,0
CUST032085,0.2171,0,0
CUST022290,0.0504,0,0
CUST036627,0.0495,0,0
CUST005881,0.2,0,0
CUST025475,0.047,0,0
CUST045109,0.5794,1,0
CUST012952,0.8313,1,0
CUST047535,0.6157,1,0
CUST033332,0.8453,1,0
CUST035814,0.0578,0,0
CUST042785,0.0566,0,0
CUST035703,0.1365,0,0
CUST037018,0.0649,0,0
CUST026573,0.0817,0,0
CUST027085,0.0471,0,0
CUST005783,0.0912,0,0
CUST005709,0.3947,0,0
CUST030954,0.3927,0,0
CUST013388,0.4545,0,0
CUST045315,0.5402,1,0
CUST017549,0.5225,1,0
CUST040786,0.0707,0,0
CUST044922,0.0923,0,0
CUST025993,0.8429,1,0
CUST038811,0.5912,1,0
CUST013131,0.134,0,0
CUST029551,0.1965,0,0
CUST018862,0.5282,1,0
CUST028597,0.5028,1,0
CUST044719,0.0896,0,0
CUST027706,0.0893,0,0
CUST048568,0.0576,0,0
CUST018889,0.0627,0,0
CUST032044,0.5912,1,0
CUST047274,0.0951,0,0
CUST025582,0.4334,0,0
CUST016644,0.627,1,0
CUST047452,0.1104,0,0
CUST036229,0.0638,0,0
CUST018670,0.0608,0,0
CUST031491,0.8473,1,0
CUST006810,0.1292,0,0
CUST012352,0.1427,0,0
CUST012368,0.105,0,0
CUST018128,0.0602,0,0
CUST002932,0.8856,1,0
CUST006207,0.063,0,0
CUST003352,0.0706,0,0
CUST023957,0.1768,0,0
CUST005403,0.0499,0,0
CUST036727,0.5537,1,0
CUST011586,0.0794,0,0
CUST011484,0.1181,0,0
CUST043486,0.0758,0,0
CUST027762,0.1764,0,0
CUST007638,0.0888,0,0
CUST036254,0.1867,0,0
CUST041495,0.0739,0,0
CUST030852,0.0877,0,0
CUST021858,0.1794,0,0
CUST005793,0.052,0,0
CUST027130,0.054,0,0
CUST048410,0.1061,0,0
CUST034395,0.1372,0,0
CUST048171,0.2719,0,0
CUST034206,0.0559,0,0
CUST004995,0.079,0,0
CUST046992,0.1136,0,0
CUST033355,0.1307,0,0
CUST031262,0.8852,1,0
CUST009036,0.6854,1,0
CUST008829,0.1392,0,0
CUST003060,0.057,0,0
CUST023185,0.5202,1,0
CUST039656,0.0505,0,0
CUST034513,0.137,0,0
CUST003943,0.0672,0,0
CUST041195,0.0567,0,0
CUST019284,0.0675,0,0
CUST002843,0.8664,1,0
CUST015349,0.1329,0,0
CUST047312,0.2215,0,0
CUST047561,0.4874,0,1
CUST026682,0.0523,0,0
CUST046561,0.0449,0,0
CUST033766,0.1445,0,0
CUST013148,0.0543,0,0
CUST049495,0.1932,0,0
CUST049505,0.1604,0,0
CUST000025,0.2418,0,0
CUST037238,0.0467,0,0
CUST007096,0.1865,0,0
CUST016460,0.1708,0,0
CUST011179,0.6816,1,0
CUST007487,0.2751,0,0
CUST015246,0.1969,0,0
CUST049891,0.166,0,0
CUST023929,0.8991,1,0
CUST016069,0.1071,0,0
CUST000225,0.073,0,0
CUST011263,0.0595,0,0
CUST018685,0.0688,0,0
CUST001311,0.697,1,0
CUST040440,0.0903,0,0
CUST004501,0.1719,0,0
CUST035167,0.5779,1,0
CUST012360,0.3248,0,0
CUST046743,0.2076,0,0
CUST010088,0.1214,0,0
CUST022964,0.1218,0,0
CUST001862,0.0674,0,0
CUST027381,0.16,0,0
CUST043839,0.8016,1,0
CUST034170,0.8118,1,0
CUST036613,0.0878,0,0
CUST038260,0.1149,0,0
CUST030600,0.0919,0,0
CUST039421,0.0675,0,0
CUST005028,0.1549,0,0
CUST008169,0.4081,0,0
CUST036679,0.1281,0,0
CUST038425,0.0629,0,0
CUST032990,0.1463,0,0
CUST006149,0.0936,0,0
CUST010906,0.6924,1,0
CUST002461,0.0633,0,0
CUST018569,0.1518,0,0
CUST031490,0.0758,0,0
CUST046726,0.33,0,0
CUST042214,0.1703,0,1
CUST029830,0.0875,0,0
CUST012299,0.0801,0,0
CUST006739,0.093,0,0
CUST012953,0.0374,0,0
CUST019980,0.8372,1,0
CUST044596,0.0938,0,0
CUST008877,0.1078,0,0
CUST013414,0.0784,0,0
CUST032055,0.2343,0,0
CUST043719,0.1942,0,0
CUST038916,0.6047,1,0
CUST010820,0.082,0,0
CUST029860,0.291,0,0
CUST044709,0.0538,0,0
CUST040891,0.5595,1,0
CUST014170,0.1149,0,0
CUST016452,0.0764,0,0
CUST001999,0.0549,0,0
CUST039981,0.2593,0,0
CUST016438,0.8997,1,0
CUST036731,0.476,0,0
CUST011299,0.205,0,0
CUST035955,0.5912,1,0
CUST028236,0.1797,0,0
CUST009205,0.0849,0,0
CUST048994,0.2691,0,0
CUST034806,0.1853,0,0
CUST049059,0.0376,0,0
CUST030966,0.0847,0,0
CUST002425,0.246,0,0
CUST046188,0.3672,0,0
CUST026454,0.0886,0,0
CUST013274,0.1419,0,0
CUST040304,0.2855,0,0
CUST043143,0.8663,1,1
CUST045799,0.1086,0,0
CUST036378,0.1095,0,0
CUST038868,0.0824,0,0
CUST002806,0.1478,0,0
CUST047798,0.0742,0,0
CUST020880,0.0499,0,0
CUST028357,0.1267,0,0
CUST017508,0.0954,0,0
CUST001615,0.1291,0,0
CUST037506,0.0787,0,0
CUST036469,0.1936,0,0
CUST009421,0.0436,0,0
CUST015496,0.0389,0,0
CUST005381,0.2012,0,0
CUST030873,0.0911,0,0
CUST020310,0.361,0,0
CUST042101,0.1614,0,0
CUST036577,0.4056,0,0
CUST004587,0.1742,0,0
CUST049411,0.2673,0,0
CUST028744,0.1121,0,0
CUST022520,0.0549,0,0
CUST049220,0.7589,1,0
CUST003579,0.1173,0,0
CUST031880,0.1055,0,0
CUST035600,0.108,0,0
CUST045369,0.2062,0,0
CUST019357,0.2676,0,0
CUST013319,0.3191,0,0
CUST025633,0.1241,0,0
CUST032030,0.1259,0,0
CUST009269,0.1287,0,0
CUST012076,0.0861,0,0
CUST002205,0.3232,0,0
CUST043594,0.0633,0,0
CUST036793,0.61,1,0
CUST010627,0.1578,0,0
CUST030604,0.1792,0,0
CUST013553,0.1545,0,0
CUST011617,0.1289,0,0
CUST037268,0.0675,0,0
CUST006614,0.1423,0,0
CUST021491,0.0714,0,0
CUST029958,0.8558,1,0
CUST030468,0.3901,0,0
CUST010878,0.0859,0,0
CUST036794,0.0498,0,0
CUST013466,0.1999,0,0
CUST047728,0.1089,0,0
CUST036353,0.0636,0,0
CUST047154,0.0633,0,0
CUST028351,0.3583,0,0
CUST044124,0.0719,0,0
CUST006291,0.0808,0,0
CUST038533,0.0712,0,0
CUST036995,0.4778,0,0
CUST017589,0.0816,0,0
CUST026752,0.0628,0,0
CUST040281,0.0616,0,0
CUST020120,0.4549,0,0
CUST040389,0.0539,0,0
CUST006857,0.0611,0,0
CUST043587,0.153,0,0
CUST027801,0.2639,0,0
CUST040573,0.1329,0,0
CUST033102,0.0368,0,0
CUST010074,0.2038,0,0
CUST025371,0.0594,0,0
CUST027650,0.4013,0,0
CUST025181,0.8639,1,0
CUST010697,0.2146,0,0
CUST031143,0.1414,0,0
CUST012386,0.7664,1,0
CUST025499,0.5029,1,0
CUST036423,0.1516,0,0
CUST029050,0.1207,0,0
CUST048227,0.0943,0,0
CUST036322,0.5813,1,0
CUST049562,0.1045,0,0
CUST024477,0.7499,1,0
CUST037936,0.8192,1,1
CUST047642,0.5963,1,0
CUST030636,0.114,0,0
CUST019029,0.2925,0,0
CUST026326,0.0605,0,0
CUST021328,0.7852,1,0
CUST006693,0.0501,0,0
CUST046716,0.5912,1,0
CUST023231,0.1972,0,0
CUST033583,0.1595,0,0
CUST023308,0.1248,0,0
CUST018948,0.0673,0,0
CUST043593,0.0872,0,0
CUST005440,0.5958,1,0
CUST033593,0.0534,0,0
CUST044556,0.2136,0,0
CUST031690,0.0417,0,0
CUST012521,0.1014,0,0
CUST041359,0.1364,0,0
CUST044498,0.1411,0,0
CUST042121,0.0641,0,0
CUST021740,0.0744,0,0
CUST033037,0.2424,0,0
CUST022159,0.0811,0,0
CUST003633,0.0721,0,0
CUST011092,0.0424,0,0
CUST042388,0.2553,0,0
CUST031145,0.9294,1,1
CUST027066,0.1293,0,0
CUST014798,0.0534,0,0
CUST020629,0.3078,0,0
CUST019717,0.1311,0,0
CUST000560,0.04,0,0
CUST043327,0.1039,0,0
CUST008385,0.0734,0,0
CUST047226,0.0714,0,0
CUST019733,0.5227,1,0
CUST035523,0.0798,0,0
CUST015136,0.1267,0,0
CUST019431,0.3252,0,0
CUST028182,0.2027,0,0
CUST045569,0.3237,0,0
CUST024401,0.2174,0,0
CUST037287,0.0524,0,0
CUST020677,0.553,1,0
CUST022800,0.288,0,0
CUST008724,0.4161,0,0
CUST008353,0.0978,0,0
CUST042537,0.1842,0,0
CUST013033,0.3197,0,0
CUST009085,0.2535,0,0
CUST000714,0.3239,0,0
CUST047093,0.071,0,0
CUST022636,0.0635,0,0
CUST024777,0.8006,1,1
CUST025184,0.06,0,0
CUST048074,0.0339,0,0
CUST014774,0.1339,0,0
CUST014984,0.8991,1,0
CUST010704,0.0535,0,0
CUST029602,0.133,0,0
CUST017859,0.6751,1,0
CUST006092,0.0405,0,0
CUST006769,0.0573,0,0
CUST008484,0.1705,0,0
CUST025685,0.0489,0,0
CUST048205,0.1657,0,0
CUST049967,0.0845,0,0
CUST042464,0.1354,0,0
CUST048877,0.3281,0,0
CUST019347,0.1164,0,0
CUST001818,0.8338,1,0
CUST048693,0.1272,0,0
CUST049300,0.0616,0,0
CUST039773,0.2986,0,0
CUST007320,0.1934,0,0
CUST004675,0.2101,0,0
CUST035885,0.8567,1,0
CUST028649,0.1763,0,0
CUST026694,0.5655,1,0
CUST038257,0.051,0,0
CUST013859,0.0433,0,0
CUST019503,0.611,1,0
CUST012492,0.2429,0,0
CUST033043,0.128,0,0
CUST023593,0.3254,0,0
CUST006831,0.5483,1,0
CUST038768,0.2706,0,0
CUST046379,0.0786,0,0
CUST028754,0.0675,0,0
CUST005762,0.6005,1,1
CUST012942,0.2294,0,0
CUST003250,0.0767,0,0
CUST016869,0.0488,0,0
CUST004081,0.438,0,0
CUST043369,0.1017,0,0
CUST039937,0.5963,1,0
CUST038102,0.0731,0,0
CUST043003,0.0799,0,0
CUST046488,0.1029,0,0
CUST004540,0.8901,1,0
CUST003647,0.1356,0,0
CUST002757,0.2473,0,0
CUST021088,0.8517,1,0
CUST007190,0.1356,0,0
CUST014149,0.0504,0,0
CUST025918,0.2352,0,0
CUST037220,0.0609,0,0
CUST034006,0.0636,0,0
CUST003113,0.1554,0,0
CUST011129,0.2042,0,0
CUST001095,0.062,0,0
CUST022436,0.0592,0,0
CUST023666,0.1921,0,0
CUST015584,0.7682,1,0
CUST022517,0.3464,0,0
CUST022804,0.2964,0,0
CUST048632,0.1454,0,0
CUST031212,0.0793,0,0
CUST016702,0.0743,0,0
CUST029714,0.0815,0,0
CUST021572,0.639,1,0
CUST022855,0.4627,0,0
CUST022195,0.0675,0,0
CUST035139,0.0586,0,0
CUST029869,0.053,0,0
CUST001687,0.1992,0,0
CUST016435,0.8991,1,1
CUST008039,0.7866,1,0
CUST013172,0.1705,0,0
CUST000790,0.449,0,0
CUST009970,0.5117,1,0
CUST029888,0.4418,0,0
CUST030149,0.5672,1,0
CUST012859,0.0597,0,0
CUST042051,0.7872,1,0
CUST031278,0.1006,0,0
CUST047082,0.2089,0,0
CUST038690,0.4373,0,0
CUST012035,0.0547,0,0
CUST003814,0.4378,0,0
CUST007578,0.0786,0,0
CUST048377,0.7334,1,0
CUST002257,0.3186,0,0
CUST000118,0.0743,0,0
CUST007546,0.0915,0,0
CUST002713,0.5585,1,0
CUST029305,0.7792,1,0
CUST022410,0.4929,0,0
CUST049710,0.1395,0,0
CUST010054,0.8974,1,0
CUST027460,0.7847,1,0
CUST015223,0.8107,1,0
CUST019871,0.1594,0,0
CUST017774,0.0471,0,0
CUST002545,0.0793,0,0
CUST002958,0.3117,0,0
CUST027763,0.0824,0,0
CUST008483,0.0553,0,0
CUST047482,0.0556,0,0
CUST030735,0.8437,1,1
CUST034807,0.2633,0,0
CUST015337,0.5326,1,0
CUST040425,0.8226,1,0
CUST028082,0.0828,0,0
CUST027071,0.642,1,0
CUST037320,0.1607,0,0
CUST027698,0.0435,0,0
CUST022934,0.2111,0,0
CUST019325,0.182,0,0
CUST017333,0.8528,1,0
CUST036924,0.0495,0,0
CUST003876,0.1447,0,0
CUST027242,0.0569,0,0
CUST031026,0.1189,0,0
CUST018138,0.1568,0,0
CUST043417,0.094,0,0
CUST009571,0.0854,0,0
CUST020415,0.2866,0,0
CUST005062,0.0841,0,0
CUST049100,0.039,0,0
CUST013497,0.0644,0,0
CUST031028,0.5273,1,0
CUST039121,0.0908,0,0
CUST029469,0.1319,0,0
CUST023389,0.166,0,0
CUST019205,0.1749,0,0
CUST029247,0.738,1,1
CUST018114,0.1691,0,0
CUST020189,0.2125,0,0
CUST045468,0.3629,0,0
CUST034255,0.2493,0,0
CUST029565,0.3514,0,0
CUST001274,0.079,0,0
CUST000446,0.4092,0,0
CUST023441,0.0675,0,0
CUST000822,0.1023,0,0
CUST008960,0.4838,0,0
CUST030839,0.3901,0,0
CUST004922,0.2979,0,0
CUST042887,0.1465,0,0
CUST047046,0.1094,0,0
CUST011156,0.066,0,0
CUST019725,0.8377,1,0
CUST033279,0.433,0,0
CUST045198,0.209,0,0
CUST013513,0.0613,0,0
CUST004955,0.0722,0,0
CUST032643,0.0407,0,0
CUST027641,0.0644,0,0
CUST030106,0.541,1,0
CUST015282,0.0379,0,0
CUST024814,0.0754,0,0
CUST029067,0.056,0,0
CUST028617,0.8428,1,0
CUST018999,0.1004,0,0
CUST017200,0.8126,1,0
CUST039580,0.165,0,0
CUST019692,0.4618,0,0
CUST000130,0.7388,1,0
CUST036341,0.5912,1,0
CUST039306,0.3672,0,0
CUST028741,0.3428,0,0
CUST008585,0.0942,0,0
CUST048165,0.143,0,0
CUST031238,0.0865,0,0
CUST045960,0.1231,0,0
CUST009598,0.0437,0,0
CUST027032,0.8756,1,0
CUST002628,0.3442,0,0
CUST020101,0.18,0,0
CUST020508,0.0438,0,0
CUST041291,0.8717,1,0
CUST022968,0.0781,0,0
CUST043616,0.6757,1,0
CUST040267,0.0429,0,0
CUST032610,0.2542,0,0
CUST000789,0.2244,0,0
CUST032876,0.0714,0,0
CUST021225,0.8213,1,0
CUST034894,0.1001,0,0
CUST013652,0.0556,0,0
CUST018707,0.1333,0,0
CUST029126,0.4573,0,0
CUST010830,0.049,0,0
CUST049435,0.1077,0,0
CUST008270,0.051,0,0
CUST005584,0.6908,1,0
CUST043277,0.0813,0,0
CUST035154,0.158,0,0
CUST002753,0.1717,0,0
CUST001303,0.1129,0,0
CUST047917,0.0666,0,0
CUST020693,0.4384,0,0
CUST017912,0.0571,0,0
CUST049557,0.6502,1,0
CUST018941,0.2403,0,0
CUST047961,0.4156,0,0
CUST013375,0.0675,0,0
CUST003803,0.0461,0,0
CUST016723,0.702,1,0
CUST049138,0.5995,1,0
CUST035635,0.127,0,0
CUST013817,0.2919,0,0
CUST025091,0.1128,0,0
CUST045813,0.0474,0,0
CUST032359,0.0776,0,0
CUST020032,0.1526,0,0
CUST044156,0.1249,0,0
CUST028536,0.0675,0,0
CUST042331,0.1418,0,0
CUST041247,0.071,0,0
CUST012771,0.1753,0,0
CUST017016,0.5803,1,0
CUST009969,0.2932,0,0
CUST020925,0.4439,0,0
CUST025096,0.1001,0,0
CUST041158,0.0935,0,0
CUST022063,0.0524,0,0
CUST021631,0.268,0,0
CUST025411,0.0861,0,0
CUST013418,0.1536,0,0
CUST029402,0.0898,0,0
CUST029515,0.0924,0,0
CUST008537,0.1279,0,0
CUST043617,0.0522,0,0
CUST044630,0.1519,0,0
CUST009692,0.0454,0,0
CUST013603,0.0938,0,0
CUST032060,0.0512,0,0
CUST043883,0.1235,0,0
CUST010887,0.8064,1,0
CUST006493,0.1111,0,0
CUST041579,0.0687,0,0
CUST002122,0.0763,0,0
CUST048864,0.1328,0,0
CUST020033,0.2527,0,0
CUST036031,0.2896,0,0
CUST049884,0.0584,0,0
CUST024352,0.0676,0,0
CUST020097,0.0812,0,0
CUST007685,0.8444,1,0
CUST001297,0.082,0,0
CUST002189,0.5436,1,0
CUST042579,0.5544,1,0
CUST012720,0.0915,0,0
CUST007564,0.2133,0,0
CUST023205,0.0481,0,0
CUST015775,0.0699,0,0
CUST014495,0.6979,1,0
CUST020796,0.0805,0,0
CUST024767,0.1566,0,0
CUST026894,0.0813,0,0
CUST005581,0.1247,0,0
CUST037351,0.0443,0,0
CUST000187,0.1363,0,0
CUST003492,0.4422,0,0
CUST024707,0.1157,0,0
CUST021895,0.048,0,0
CUST005144,0.0489,0,0
CUST040887,0.1026,0,0
CUST019701,0.2151,0,0
CUST033117,0.048,0,0
CUST049238,0.1024,0,0
CUST017500,0.5505,1,0
CUST008772,0.0583,0,0
CUST046785,0.8991,1,0
CUST030052,0.207,0,0
CUST047339,0.0574,0,0
CUST002540,0.4425,0,0
CUST008862,0.0733,0,0
CUST023781,0.6047,1,0
CUST005635,0.0758,0,0
CUST039618,0.8284,1,0
CUST028157,0.876,1,0
CUST031222,0.1936,0,0
CUST047960,0.054,0,0
CUST039185,0.0652,0,0
CUST005849,0.4745,0,0
CUST013280,0.7635,1,0
CUST032081,0.0646,0,0
CUST001668,0.0428,0,0
CUST014629,0.0771,0,0
CUST027489,0.1603,0,0
CUST018829,0.0672,0,0
CUST036527,0.1877,0,0
CUST004885,0.887,1,0
CUST035589,0.1434,0,0
CUST042671,0.4874,0,0
CUST022713,0.0506,0,0
CUST020185,0.0794,0,0
CUST017809,0.0546,0,0
CUST011745,0.1293,0,0
CUST011146,0.0971,0,0
CUST037660,0.6988,1,0
CUST004751,0.0796,0,0
CUST041093,0.1487,0,0
CUST034620,0.0737,0,0
CUST047771,0.0532,0,0
CUST037510,0.0549,0,0
CUST041763,0.3698,0,0
CUST044525,0.1587,0,0
CUST048489,0.0944,0,0
CUST021935,0.2634,0,0
CUST031284,0.083,0,0
CUST013400,0.4005,0,0
CUST035502,0.1003,0,0
CUST010421,0.0876,0,0
CUST021376,0.1337,0,0
CUST035206,0.3512,0,0
CUST015068,0.0673,0,0
CUST041049,0.0652,0,0
CUST016363,0.1041,0,0
CUST037539,0.8711,1,0
CUST011213,0.2147,0,0
CUST014410,0.5954,1,0
CUST047793,0.1623,0,0
CUST004731,0.0852,0,0
CUST038363,0.101,0,0
CUST001966,0.0982,0,0
CUST048040,0.1629,0,0
CUST001750,0.0525,0,0
CUST002208,0.0675,0,0
CUST043063,0.0376,0,0
CUST044532,0.1377,0,0
CUST044620,0.2611,0,0
CUST043401,0.0419,0,0
CUST003146,0.0633,0,0
CUST022760,0.8834,1,0
CUST022202,0.5026,1,0
CUST001032,0.1045,0,0
CUST004737,0.0348,0,0
CUST034938,0.0524,0,0
CUST047869,0.0647,0,0
CUST005685,0.1067,0,0
CUST022672,0.749,1,0
CUST029731,0.369,0,0
CUST009030,0.0857,0,0
CUST033890,0.1742,0,0
CUST011958,0.0557,0,0
CUST033306,0.2263,0,0
CUST016617,0.2512,0,0
CUST039353,0.8274,1,0
CUST042027,0.8087,1,0
CUST035588,0.1952,0,0
CUST010816,0.4953,0,0
CUST049119,0.0646,0,0
CUST002016,0.0959,0,0
CUST043233,0.0836,0,0
CUST002333,0.0443,0,0
CUST025357,0.0951,0,0
CUST045820,0.1069,0,0
CUST003026,0.7698,1,0
CUST021539,0.0608,0,0
CUST013025,0.0594,0,0
CUST011024,0.2098,0,0
CUST011392,0.052,0,0
CUST014812,0.6596,1,0
CUST047189,0.5498,1,0
CUST000392,0.044,0,0
CUST028164,0.0823,0,0
CUST040834,0.516,1,0
CUST037178,0.3904,0,0
CUST032481,0.3102,0,0
CUST026041,0.7328,1,0
CUST041423,0.1289,0,0
CUST011443,0.8561,1,0
CUST047623,0.0617,0,0
CUST020028,0.1104,0,0
CUST034749,0.056,0,0
CUST028993,0.8234,1,0
CUST048716,0.8241,1,0
CUST001038,0.2,0,0
CUST035707,0.0966,0,0
CUST030452,0.1252,0,0
CUST003094,0.1161,0,0
CUST015729,0.0574,0,0
CUST015066,0.3803,0,0
CUST020574,0.0668,0,0
CUST009922,0.806,1,0
CUST003023,0.1461,0,0
CUST019390,0.3462,0,0
CUST040273,0.3891,0,0
CUST019493,0.0477,0,0
CUST023335,0.5122,1,0
CUST033980,0.1337,0,0
CUST012639,0.6005,1,0
CUST035398,0.7328,1,0
CUST003012,0.117,0,0
CUST023656,0.8706,1,0
CUST045662,0.4668,0,0
CUST018467,0.076,0,0
CUST008720,0.0843,0,0
CUST025959,0.1084,0,0
CUST029690,0.0877,0,0
CUST043336,0.1601,0,0
CUST036544,0.081,0,0
CUST016666,0.0956,0,0
CUST043946,0.139,0,0
CUST027858,0.04,0,0
CUST035505,0.0604,0,0
CUST046077,0.1761,0,0
CUST009893,0.1124,0,0
CUST045850,0.8893,1,1
CUST021468,0.1608,0,0
CUST015760,0.8991,1,0
CUST002618,0.133,0,0
CUST036319,0.6005,1,1
CUST047128,0.0852,0,0
CUST017693,0.6209,1,0
CUST036953,0.4562,0,0
CUST006647,0.266,0,0
CUST020059,0.0951,0,0
CUST035605,0.2,0,0
CUST029237,0.0684,0,0
CUST010546,0.0681,0,0
CUST035741,0.0753,0,0
CUST028043,0.0469,0,0
CUST008004,0.112,0,0
CUST010215,0.0902,0,0
CUST043824,0.1076,0,0
CUST018023,0.8519,1,0
CUST007686,0.261,0,0
CUST011940,0.8859,1,0
CUST027833,0.1751,0,0
CUST030688,0.852,1,0
CUST011226,0.0612,0,0
CUST027754,0.1136,0,0
CUST017691,0.0691,0,0
CUST021754,0.1133,0,0
CUST032459,0.1148,0,0
CUST045895,0.1798,0,0
CUST037940,0.6005,1,0
CUST014006,0.8146,1,0
CUST029707,0.1942,0,0
CUST020132,0.2789,0,0
CUST002241,0.051,0,0
CUST022925,0.0551,0,0
CUST035539,0.1461,0,0
CUST038960,0.0409,0,0
CUST049930,0.0679,0,0
CUST029173,0.5585,1,0
CUST030925,0.494,0,1
CUST035481,0.3325,0,0
CUST012724,0.2036,0,0
CUST044027,0.2758,0,0
CUST026229,0.0753,0,0
CUST034190,0.7209,1,0
CUST049899,0.8831,1,1
CUST026483,0.0433,0,0
CUST012122,0.596,1,0
CUST023544,0.057,0,0
CUST023349,0.1221,0,0
CUST036078,0.0767,0,0
CUST005259,0.1054,0,0
CUST046888,0.6823,1,1
CUST015718,0.1534,0,0
CUST041657,0.0668,0,0
CUST008237,0.1468,0,0
CUST041294,0.1786,0,0
CUST016368,0.1161,0,0
CUST018255,0.6639,1,0
CUST002044,0.1035,0,0
CUST001508,0.0777,0,0
CUST000548,0.8852,1,0
CUST029445,0.2475,0,0
CUST018733,0.1252,0,0
CUST019537,0.0689,0,0
CUST033429,0.0542,0,0
CUST038809,0.0658,0,0
CUST017289,0.5963,1,0
CUST036534,0.0573,0,0
CUST007332,0.1879,0,0
CUST020209,0.1819,0,0
CUST035929,0.6607,1,0
CUST034499,0.1166,0,0
CUST012721,0.1197,0,0
CUST015476,0.0533,0,0
CUST006864,0.2571,0,0
CUST035723,0.5,0,0
CUST022723,0.059,0,0
CUST035228,0.1502,0,0
CUST036441,0.0675,0,0
CUST021904,0.387,0,0
CUST014640,0.0569,0,0
CUST049839,0.1108,0,0
CUST028303,0.5682,1,0
CUST015630,0.0812,0,0
CUST042657,0.1118,0,0
CUST000944,0.7392,1,0
CUST024869,0.8857,1,0
CUST006726,0.1186,0,0
CUST046229,0.2,0,0
CUST013791,0.1507,0,0
CUST047170,0.114,0,0
CUST007947,0.0471,0,0
CUST039156,0.3645,0,0
CUST013538,0.0906,0,0
CUST029982,0.0881,0,0
CUST037344,0.0952,0,0
CUST010396,0.0515,0,0
CUST011433,0.1263,0,0
CUST000904,0.7471,1,0
CUST037254,0.1936,0,0
CUST045159,0.1331,0,0
CUST037191,0.5794,1,0
CUST011612,0.2342,0,0
CUST007965,0.207,0,0
CUST046624,0.0507,0,0
CUST015541,0.4808,0,0
CUST040784,0.0367,0,0
CUST021300,0.0744,0,0
CUST035881,0.4231,0,0
CUST022616,0.0994,0,0
CUST002860,0.0788,0,0
CUST000579,0.1549,0,0
CUST023244,0.1904,0,0
CUST007198,0.0483,0,0
CUST049257,0.0748,0,0
CUST002651,0.0985,0,0
CUST011216,0.0668,0,0
CUST030898,0.0875,0,0
CUST012185,0.5212,1,0
CUST019804,0.1051,0,0
CUST022758,0.0419,0,0
CUST043064,0.1019,0,0
CUST035118,0.6161,1,0
CUST044712,0.1925,0,0
CUST022594,0.1407,0,0
CUST001581,0.0516,0,0
CUST033868,0.0425,0,0
CUST039675,0.0643,0,0
CUST013052,0.069,0,0
CUST029898,0.7942,1,0
CUST008689,0.0848,0,0
CUST011490,0.7403,1,0
CUST015365,0.741,1,0
CUST025307,0.1573,0,0
CUST042658,0.0578,0,0
CUST014988,0.0897,0,0
CUST048603,0.1567,0,0
CUST037273,0.5515,1,0
CUST043765,0.0719,0,0
CUST048860,0.2238,0,0
CUST027997,0.0618,0,0
CUST041533,0.1491,0,0
CUST018683,0.1227,0,0
CUST049566,0.5264,1,0
CUST026837,0.0616,0,0
CUST017084,0.4601,0,0
CUST016743,0.2812,0,1
CUST035004,0.0638,0,0
CUST006496,0.6005,1,0
CUST014084,0.8018,1,0
CUST000032,0.5646,1,0
CUST003086,0.8898,1,0
CUST033661,0.0601,0,0
CUST011812,0.445,0,0
CUST042412,0.1164,0,0
CUST024413,0.1072,0,0
CUST040638,0.5098,1,0
CUST039161,0.0804,0,0
CUST011523,0.1757,0,0
CUST010482,0.1068,0,0
CUST010151,0.1045,0,0
CUST014704,0.5963,1,0
CUST026074,0.214,0,0
CUST035008,0.105,0,0
CUST035380,0.3218,0,0
CUST036895,0.1721,0,0
CUST025661,0.1174,0,0
CUST007913,0.1197,0,0
CUST006437,0.0853,0,0
CUST035541,0.852,1,0
CUST040388,0.1069,0,0
CUST045911,0.1814,0,0
CUST010030,0.0572,0,0
CUST045742,0.1286,0,0
CUST019430,0.0625,0,0
CUST019631,0.1486,0,0
CUST023112,0.0971,0,0
CUST013667,0.7391,1,0
CUST032208,0.7587,1,0
CUST023563,0.904,1,0
CUST026362,0.1263,0,0
CUST014770,0.0548,0,0
CUST027371,0.6878,1,0
CUST038980,0.0568,0,0
CUST014583,0.0839,0,0
CUST041779,0.0678,0,0
CUST044303,0.0644,0,0
CUST017329,0.7472,1,0
CUST047337,0.0675,0,0
CUST001712,0.1384,0,0
CUST022261,0.8131,1,0
CUST010907,0.2198,0,0
CUST042004,0.5384,1,0
CUST048162,0.0608,0,0
CUST011934,0.0536,0,0
CUST033861,0.5326,1,0
CUST012166,0.0554,0,0
CUST045408,0.2512,0,0
CUST008234,0.0744,0,0
CUST033181,0.0563,0,0
CUST046037,0.8821,1,1
CUST049369,0.9294,1,0
CUST030022,0.3359,0,0
CUST012210,0.048,0,0
CUST019448,0.0615,0,0
CUST041676,0.1154,0,0
CUST016511,0.0449,0,0
CUST035017,0.1213,0,0
CUST020644,0.0597,0,0
CUST027136,0.1773,0,0
CUST004165,0.0814,0,0
CUST008349,0.0635,0,0
CUST005123,0.3584,0,0
CUST022083,0.2597,0,0
CUST036682,0.0826,0,0
CUST017987,0.0675,0,0
CUST022603,0.0737,0,0
CUST017680,0.1675,0,0
CUST032325,0.1542,0,0
CUST001080,0.0696,0,0
CUST035451,0.194,0,0
CUST006580,0.1162,0,0
CUST019083,0.1204,0,0
CUST022224,0.463,0,0
CUST029583,0.3625,0,0
CUST032756,0.0864,0,0
CUST013545,0.5159,1,0
CUST045111,0.0919,0,0
CUST044391,0.7191,1,0
CUST002801,0.065,0,0
CUST044041,0.4092,0,0
CUST012985,0.1187,0,0
CUST028734,0.1458,0,0
CUST008148,0.3645,0,0
CUST020550,0.4692,0,0
CUST002655,0.1477,0,0
CUST045281,0.3054,0,0
CUST018426,0.0708,0,0
CUST006486,0.0835,0,0
CUST026034,0.0472,0,0
CUST007722,0.0812,0,0
CUST017721,0.2067,0,0
CUST025188,0.9006,1,1
CUST023860,0.2247,0,0
CUST003712,0.3977,0,0
CUST039655,0.1498,0,0
CUST049696,0.7706,1,0
CUST007576,0.0852,0,0
CUST046424,0.5314,1,0
CUST021469,0.4425,0,0
CUST043583,0.1963,0,0
CUST017297,0.0828,0,0
CUST046252,0.0965,0,0
CUST004375,0.0766,0,0
CUST032922,0.5969,1,0
CUST047068,0.107,0,0
CUST036546,0.9022,1,1
CUST031556,0.0611,0,0
CUST036228,0.063,0,0
CUST039755,0.412,0,0
CUST044859,0.4697,0,0
CUST017684,0.678,1,0
CUST003879,0.2803,0,0
CUST014519,0.7146,1,0
CUST011414,0.0591,0,0
CUST012760,0.1591,0,0
CUST028942,0.073,0,0
CUST032834,0.062,0,0
CUST036305,0.6362,1,0
CUST031753,0.5576,1,0
CUST024803,0.8991,1,0
CUST012085,0.1151,0,0
CUST000078,0.7221,1,0
CUST040047,0.0564,0,0
CUST021466,0.0532,0,0
CUST038369,0.1148,0,0
CUST028836,0.1787,0,0
CUST048497,0.6798,1,0
CUST006746,0.0763,0,0
CUST022298,0.8915,1,1
CUST028281,0.059,0,0
CUST030820,0.0927,0,0
CUST021550,0.53,1,0
CUST037938,0.1877,0,0
CUST014938,0.4906,0,0
CUST026586,0.0593,0,0
CUST029766,0.0474,0,0
CUST034004,0.7755,1,0
CUST040484,0.0557,0,0
CUST012947,0.0396,0,0
CUST014702,0.1756,0,0
CUST032110,0.5144,1,0
CUST023734,0.7,1,0
CUST032361,0.6125,1,0
CUST044374,0.3658,0,0
CUST038617,0.776,1,0
CUST039460,0.0747,0,0
CUST023362,0.3729,0,0
CUST005250,0.0962,0,0
CUST041729,0.4382,0,0
CUST001124,0.1708,0,0
CUST014063,0.0661,0,0
CUST045805,0.1146,0,0
CUST018873,0.8383,1,0
CUST013345,0.0858,0,0
CUST034172,0.0665,0,0
CUST021091,0.9006,1,0
CUST025539,0.065,0,0
CUST049729,0.0626,0,0
CUST003321,0.0675,0,0
CUST016938,0.0431,0,0
CUST001663,0.8792,1,1
CUST005111,0.0818,0,0
CUST027663,0.0675,0,0
CUST045561,0.3013,0,0
CUST026205,0.2913,0,0
CUST042152,0.1313,0,0
CUST036563,0.5457,1,0
CUST043863,0.082,0,0
CUST029622,0.8411,1,0
CUST031766,0.1407,0,0
CUST016008,0.0681,0,0
CUST031419,0.1075,0,0
CUST000407,0.0833,0,0
CUST021267,0.1702,0,0
CUST006697,0.189,0,0
CUST015781,0.0445,0,0
CUST002006,0.3404,0,0
CUST033709,0.048,0,0
CUST006538,0.6599,1,0
CUST040026,0.1489,0,0
CUST013632,0.0545,0,0
CUST038660,0.1928,0,0
CUST019415,0.1463,0,0
CUST028572,0.1047,0,0
CUST042510,0.1701,0,0
CUST006941,0.254,0,0
CUST047831,0.0376,0,0
CUST015616,0.0754,0,0
CUST015394,0.4826,0,0
CUST026750,0.1061,0,0
CUST035702,0.049,0,0
CUST009669,0.3861,0,0
CUST002296,0.0444,0,0
CUST004386,0.1313,0,0
CUST000334,0.0864,0,0
CUST022364,0.2385,0,0
CUST034954,0.1026,0,0
CUST036684,0.1196,0,0
CUST035441,0.0822,0,0
CUST014029,0.1196,0,0
CUST024855,0.2471,0,0
CUST027723,0.052,0,0
CUST022078,0.2969,0,0
CUST004283,0.0751,0,0
CUST012140,0.1786,0,0
CUST022455,0.7715,1,0
CUST031525,0.0904,0,0
CUST048991,0.085,0,0
CUST042882,0.0634,0,0
CUST000002,0.0662,0,0
CUST017884,0.0801,0,0
CUST045518,0.0546,0,0
CUST025748,0.5794,1,0
CUST023680,0.0557,0,0
CUST028664,0.0834,0,0
CUST024700,0.2697,0,0
CUST044631,0.1263,0,0
CUST003604,0.2669,0,0
CUST028939,0.3893,0,0
CUST020893,0.0845,0,0
CUST040042,0.754,1,0
CUST003174,0.0809,0,0
CUST014458,0.0614,0,0
CUST015662,0.0347,0,0
CUST009334,0.0486,0,0
CUST040688,0.0476,0,0
CUST027953,0.0458,0,0
CUST037503,0.9294,1,0
CUST048280,0.0887,0,0
CUST006365,0.3098,0,0
CUST005555,0.0649,0,0
CUST004884,0.0662,0,0
CUST009478,0.0806,0,0
CUST025511,0.3894,0,1
CUST010619,0.65,1,0
CUST042365,0.5001,1,1
CUST015429,0.1908,0,0
CUST004736,0.192,0,0
CUST039115,0.0816,0,0
CUST003396,0.2294,0,0
CUST028336,0.0573,0,0
CUST042119,0.0794,0,0
CUST018198,0.2547,0,0
CUST041544,0.8974,1,1
CUST002020,0.1361,0,0
CUST033204,0.755,1,1
CUST007062,0.1607,0,0
CUST039505,0.1374,0,0
CUST002585,0.0907,0,0
CUST018310,0.2557,0,0
CUST020272,0.7248,1,0
CUST017466,0.1409,0,0
CUST022039,0.1034,0,0
CUST024615,0.0591,0,0
CUST039824,0.3752,0,0
CUST040532,0.2639,0,0
CUST026307,0.8991,1,0
CUST022191,0.7374,1,0
CUST035601,0.1015,0,0
CUST044722,0.1584,0,0
CUST020930,0.0703,0,0
CUST029421,0.6893,1,0
CUST013509,0.0484,0,0
CUST033038,0.2306,0,0
CUST040785,0.1485,0,0
CUST048596,0.6531,1,0
CUST037901,0.0464,0,0
CUST033547,0.5743,1,0
CUST018210,0.0865,0,0
CUST011787,0.0674,0,0
CUST012765,0.0885,0,0
CUST004546,0.204,0,0
CUST015907,0.0583,0,0
CUST038714,0.0912,0,0
CUST016034,0.4236,0,0
CUST011905,0.2029,0,0
CUST004551,0.0873,0,0
CUST017391,0.3988,0,0
CUST023982,0.2327,0,0
CUST027888,0.8082,1,0
CUST002146,0.0544,0,0
CUST016514,0.7589,1,0
CUST047676,0.0771,0,0
CUST038292,0.7368,1,0
CUST020523,0.0608,0,0
CUST029267,0.0431,0,0
CUST048379,0.0798,0,0
CUST021696,0.137,0,0
CUST002815,0.5447,1,0
CUST034013,0.149,0,0
CUST043021,0.077,0,0
CUST018064,0.0721,0,0
CUST023775,0.0973,0,0
CUST027743,0.7756,1,0
CUST003394,0.6509,1,0
CUST009681,0.0399,0,0
CUST000431,0.3703,0,0
CUST000373,0.0825,0,0
CUST011119,0.0959,0,0
CUST003965,0.0831,0,0
CUST004149,0.2742,0,0
CUST015720,0.0559,0,0
CUST035617,0.1252,0,0
CUST043927,0.0447,0,0
CUST009386,0.8626,1,1
CUST045314,0.414,0,0
CUST026809,0.0916,0,0
CUST009000,0.0692,0,0
CUST003454,0.8629,1,0
CUST019811,0.1773,0,0
CUST040708,0.0837,0,0
CUST011498,0.3881,0,0
CUST019617,0.0843,0,0
CUST026980,0.0557,0,0
CUST039005,0.2632,0,0
CUST030301,0.1388,0,0
CUST014700,0.1161,0,0
CUST043289,0.1051,0,0
CUST037128,0.0876,0,0
CUST027468,0.3189,0,0
CUST043494,0.0834,0,0
CUST026568,0.0866,0,0
CUST045080,0.2072,0,0
CUST048551,0.1288,0,0
CUST021682,0.575,1,0
CUST014628,0.5585,1,0
CUST031148,0.0901,0,0
CUST010018,0.0858,0,0
CUST017148,0.0991,0,0
CUST013938,0.3136,0,0
CUST012270,0.2978,0,0
CUST013149,0.5911,1,0
CUST036688,0.3864,0,0
CUST021901,0.0495,0,0
CUST021231,0.3566,0,0
CUST012812,0.0457,0,0
CUST014217,0.2795,0,0
CUST019561,0.1638,0,0
CUST011732,0.0735,0,0
CUST044312,0.0793,0,0
CUST041373,0.0364,0,0
CUST020918,0.6077,1,0
CUST024827,0.0908,0,0
CUST041542,0.0534,0,0
CUST007929,0.1782,0,0
CUST014525,0.0702,0,0
CUST029446,0.0807,0,0
CUST049940,0.1279,0,0
CUST039080,0.1877,0,0
CUST049155,0.123,0,0
CUST033894,0.0395,0,0
CUST020510,0.1186,0,0
CUST047401,0.0557,0,0
CUST036698,0.1432,0,0
CUST011560,0.5118,1,0
CUST025239,0.1478,0,0
CUST006393,0.0984,0,0
CUST000307,0.0907,0,0
CUST041807,0.8625,1,1
CUST045078,0.0983,0,0
CUST035486,0.0672,0,0
CUST043898,0.1455,0,0
CUST046422,0.1669,0,0
CUST015010,0.6767,1,0
CUST049297,0.3431,0,0
CUST038108,0.1154,0,0
CUST036997,0.7374,1,0
CUST040132,0.5739,1,0
CUST037431,0.1481,0,0
CUST006809,0.887,1,1
CUST038376,0.0664,0,0
CUST015519,0.1634,0,0
CUST005068,0.2483,0,0
CUST014277,0.157,0,0
CUST003898,0.8551,1,0
CUST031715,0.8849,1,0
CUST032723,0.1579,0,0
CUST039289,0.1123,0,0
CUST047767,0.2145,0,0
CUST043576,0.0468,0,0
CUST034830,0.1346,0,0
CUST031696,0.8707,1,0
CUST026029,0.4956,0,0
CUST031378,0.0819,0,0
CUST024112,0.8917,1,0
CUST003587,0.077,0,0
CUST036846,0.3043,0,0
CUST007877,0.0669,0,0
CUST017702,0.1073,0,0
CUST033120,0.2587,0,0
CUST009432,0.1896,0,0
CUST034553,0.0568,0,0
CUST003427,0.0838,0,0
CUST025306,0.0998,0,0
CUST035303,0.192,0,0
CUST047229,0.078,0,0
CUST048407,0.0647,0,0
CUST025498,0.7275,1,0
CUST021100,0.0837,0,0
CUST048790,0.229,0,0
CUST007243,0.1489,0,0
CUST040601,0.0698,0,0
CUST038420,0.8386,1,0
CUST013712,0.0862,0,0
CUST038148,0.0568,0,0
CUST002092,0.1623,0,0
CUST024389,0.048,0,0
CUST005264,0.1571,0,0
CUST033425,0.8974,1,0
CUST030120,0.7486,1,0
CUST007648,0.077,0,0
CUST034766,0.0778,0,0
CUST048849,0.0618,0,0
CUST010391,0.4918,0,0
CUST003190,0.1633,0,0
CUST042632,0.1316,0,0
CUST029744,0.0786,0,0
CUST039495,0.0669,0,0
CUST022033,0.136,0,0
CUST029226,0.0839,0,0
CUST009076,0.1491,0,0
CUST005847,0.0919,0,0
CUST036908,0.9223,1,1
CUST014545,0.1938,0,0
CUST040350,0.516,1,0
CUST039568,0.1607,0,0
CUST022596,0.0649,0,0
CUST021717,0.8164,1,1
CUST019562,0.0584,0,0
CUST034735,0.0665,0,0
CUST022327,0.1239,0,0
CUST022922,0.0667,0,0
CUST049720,0.0413,0,0
CUST026290,0.1027,0,0
CUST041200,0.1807,0,0
CUST016116,0.387,0,0
CUST048801,0.3082,0,0
CUST039114,0.3015,0,0
CUST045922,0.4988,0,0
CUST020740,0.0719,0,0
CUST005420,0.734,1,1
CUST022347,0.1323,0,0
CUST018905,0.0656,0,0
CUST032880,0.0672,0,0
CUST048357,0.0902,0,0
CUST005665,0.3486,0,0
CUST019874,0.1059,0,0
CUST019345,0.141,0,0
CUST048329,0.2037,0,0
CUST035624,0.7258,1,0
CUST030121,0.0802,0,0
CUST012158,0.1386,0,0
CUST029160,0.103,0,0
CUST025079,0.4887,0,1
CUST049984,0.1494,0,0
CUST000261,0.0773,0,0
CUST024238,0.4711,0,0
CUST027555,0.7009,1,0
CUST011458,0.081,0,0
CUST034018,0.0698,0,0
CUST034974,0.0592,0,0
CUST037461,0.0572,0,0
CUST012116,0.0446,0,0
CUST034732,0.0753,0,0
CUST035342,0.7605,1,0
CUST033619,0.0876,0,0
CUST007926,0.6057,1,0
CUST009427,0.0662,0,0
CUST040161,0.1272,0,0
CUST034480,0.8623,1,0
CUST033799,0.4067,0,0
CUST027919,0.2018,0,0
CUST042321,0.4118,0,0
CUST040279,0.0817,0,0
CUST006852,0.201,0,0
CUST023641,0.5963,1,0
CUST011475,0.852,1,0
CUST019724,0.0917,0,0
CUST014265,0.057,0,0
CUST037903,0.6343,1,0
CUST023225,0.5959,1,0
CUST004566,0.4666,0,0
CUST032606,0.1049,0,0
CUST017606,0.9366,1,0
CUST013815,0.2048,0,0
CUST013744,0.8729,1,0
CUST044745,0.3791,0,0
CUST029210,0.15,0,0
CUST028101,0.2008,0,0
CUST023582,0.121,0,0
CUST012682,0.1335,0,0
CUST013133,0.2241,0,0
CUST014565,0.4736,0,1
CUST026158,0.2074,0,0
CUST045510,0.8625,1,0
CUST041805,0.3789,0,0
CUST046297,0.1361,0,0
CUST000638,0.0675,0,0
CUST027739,0.6225,1,0
CUST003344,0.0822,0,0
CUST023338,0.1247,0,0
CUST041230,0.3789,0,0
CUST049855,0.4185,0,0
CUST007460,0.1037,0,0
CUST028673,0.0658,0,0
CUST023021,0.3164,0,0
CUST028542,0.4659,0,0
CUST048161,0.0417,0,0
CUST035653,0.0753,0,0
CUST049307,0.0533,0,0
CUST045511,0.0679,0,0
CUST041242,0.1406,0,0
CUST037146,0.0534,0,0
CUST034675,0.0655,0,0
CUST039235,0.9053,1,1
CUST014739,0.1011,0,0
CUST007295,0.2341,0,0
CUST030510,0.1017,0,0
CUST023928,0.0525,0,0
CUST015338,0.1072,0,0
CUST014337,0.2595,0,0
CUST019002,0.1376,0,0
CUST011025,0.3525,0,0
CUST032005,0.335,0,0
CUST012950,0.2017,0,0
CUST013270,0.0607,0,0
CUST018494,0.0892,0,0
CUST036609,0.3018,0,0
CUST032051,0.8404,1,0
CUST008442,0.0738,0,0
CUST009504,0.04,0,0
CUST013198,0.1603,0,0
CUST025231,0.1314,0,0
CUST028011,0.7408,1,0
CUST013012,0.1817,0,0
CUST014849,0.8873,1,0
CUST037507,0.6295,1,0
CUST048376,0.12,0,0
CUST032692,0.0861,0,0
CUST008519,0.3345,0,0
CUST012341,0.0988,0,0
CUST037019,0.0548,0,0
CUST027234,0.1645,0,0
CUST001471,0.1394,0,0
CUST020399,0.5956,1,0
CUST015356,0.8772,1,1
CUST029039,0.0541,0,0
CUST034289,0.6371,1,0
CUST032841,0.3541,0,1
CUST047730,0.0722,0,0
CUST015339,0.0465,0,0
CUST047940,0.0947,0,0
CUST001801,0.857,1,0
CUST035522,0.2647,0,0
CUST016134,0.2697,0,0
CUST006128,0.077,0,0
CUST014153,0.064,0,0
CUST046749,0.7935,1,1
CUST007716,0.0696,0,0
CUST017543,0.904,1,1
CUST016066,0.0543,0,0
CUST034045,0.4354,0,0
CUST038557,0.3248,0,0
CUST029024,0.0834,0,0
CUST020261,0.2111,0,0
CUST033757,0.0612,0,0
CUST010238,0.0422,0,0
CUST029944,0.1987,0,0
CUST006009,0.0675,0,0
CUST006772,0.127,0,0
CUST041644,0.0708,0,0
CUST025525,0.7742,1,0
CUST036977,0.0688,0,0
CUST039210,0.0838,0,0
CUST036717,0.0995,0,0
CUST023109,0.1363,0,0
CUST019565,0.1179,0,0
CUST025881,0.1395,0,0
CUST001558,0.407,0,0
CUST013613,0.0477,0,0
CUST002151,0.0884,0,0
CUST031220,0.0791,0,0
CUST001549,0.1496,0,0
CUST014851,0.0544,0,0
CUST041747,0.413,0,0
CUST007742,0.1012,0,0
CUST023941,0.2001,0,0
CUST024721,0.1196,0,0
CUST019569,0.1587,0,0
CUST008575,0.0859,0,0
CUST006311,0.5581,1,0
CUST042924,0.0528,0,0
CUST038423,0.1009,0,0
CUST010162,0.5505,1,0
CUST041530,0.0763,0,0
CUST026965,0.0808,0,0
CUST049022,0.3302,0,0
CUST009328,0.1703,0,0
CUST031709,0.2153,0,0
CUST034253,0.0721,0,0
CUST034292,0.0458,0,0
CUST047299,0.1537,0,0
CUST029803,0.554,1,0
CUST032916,0.0404,0,0
CUST031892,0.7219,1,0
CUST030355,0.1506,0,0
CUST024773,0.2805,0,0
CUST021602,0.0446,0,0
CUST020907,0.1198,0,0
CUST023592,0.1551,0,0
CUST000152,0.1417,0,0
CUST039514,0.0668,0,0
CUST029174,0.3033,0,0
CUST027516,0.0773,0,0
CUST023744,0.0819,0,0
CUST034879,0.8626,1,0
CUST011902,0.5116,1,1
CUST014931,0.6052,1,0
CUST020997,0.1321,0,0
CUST022820,0.0784,0,0
CUST026455,0.1199,0,0
CUST043207,0.4777,0,0
CUST000522,0.0676,0,0
CUST049815,0.6005,1,0
CUST028641,0.0714,0,0
CUST009930,0.0772,0,0
CUST010962,0.5912,1,0
CUST045669,0.084,0,0
CUST032636,0.0864,0,0
CUST001483,0.0601,0,0
CUST006197,0.1555,0,0
CUST002235,0.1371,0,0
CUST021387,0.4184,0,0
CUST003243,0.317,0,0
CUST048332,0.0751,0,0
CUST027724,0.693,1,0
CUST014184,0.8552,1,0
CUST027814,0.3511,0,0
CUST040970,0.1156,0,0
CUST045633,0.0753,0,0
CUST029960,0.5234,1,0
CUST031790,0.852,1,0
CUST045587,0.5504,1,0
CUST038481,0.0847,0,0
CUST031338,0.0738,0,0
CUST022882,0.8188,1,0
CUST021693,0.8947,1,1
CUST041890,0.1423,0,0
CUST001693,0.1323,0,0
CUST015643,0.0659,0,0
CUST017811,0.8951,1,0
CUST012203,0.174,0,0
CUST028500,0.1136,0,0
CUST023586,0.6479,1,0
CUST014321,0.1636,0,0
CUST000107,0.5784,1,0
CUST032918,0.1383,0,0
CUST009191,0.0802,0,0
CUST040524,0.0609,0,0
CUST003565,0.3248,0,0
CUST015649,0.0511,0,0
CUST035770,0.0761,0,0
CUST017525,0.0545,0,0
CUST015924,0.1742,0,0
CUST042992,0.337,0,0
CUST004574,0.1796,0,0
CUST013908,0.1144,0,0
CUST039404,0.0681,0,0
CUST042635,0.0908,0,0
CUST009784,0.4257,0,0
CUST048583,0.0823,0,0
CUST033839,0.0696,0,0
CUST022872,0.6568,1,0
CUST042480,0.2048,0,0
CUST003988,0.0626,0,0
CUST016319,0.3564,0,0
CUST033176,0.0635,0,0
CUST008261,0.1083,0,0
CUST028070,0.703,1,0
CUST022962,0.166,0,0
CUST022071,0.0675,0,0
CUST018402,0.0403,0,0
CUST016701,0.091,0,0
CUST032989,0.0572,0,0
CUST006886,0.8428,1,0
CUST034809,0.0753,0,0
CUST028580,0.1217,0,0
CUST027715,0.6235,1,0
CUST032586,0.6354,1,0
CUST021955,0.0717,0,0
CUST011165,0.5409,1,0
CUST013031,0.4092,0,0
CUST037843,0.136,0,0
CUST026241,0.1348,0,0
CUST002744,0.081,0,0
CUST046151,0.0731,0,0
CUST009243,0.6011,1,0
CUST027366,0.0701,0,0
CUST001930,0.8737,1,0
CUST049559,0.8951,1,0
CUST031585,0.2318,0,0
CUST000809,0.0724,0,0
CUST026424,0.5585,1,0
CUST002975,0.1386,0,0
CUST024390,0.6009,1,0
CUST000129,0.044,0,0
CUST037714,0.2111,0,0
CUST049273,0.1293,0,0
CUST019852,0.102,0,0
CUST033867,0.2673,0,0
CUST034315,0.1625,0,0
CUST010240,0.0552,0,0
CUST023989,0.852,1,0
CUST044782,0.1043,0,0
CUST022077,0.7205,1,0
CUST003009,0.0678,0,0
CUST026720,0.9006,1,0
CUST000468,0.3443,0,0
CUST000646,0.3094,0,0
CUST004519,0.1511,0,0
CUST027192,0.3542,0,0
CUST039686,0.6825,1,0
CUST040103,0.6957,1,0
CUST008588,0.0659,0,0
CUST007505,0.1379,0,0
CUST029224,0.1985,0,0
CUST037260,0.0524,0,0
CUST017477,0.1123,0,0
CUST018102,0.1353,0,0
CUST006045,0.8251,1,0
CUST017832,0.1488,0,0
CUST024537,0.1267,0,0
CUST005506,0.1177,0,0
CUST025344,0.3789,0,0
CUST015016,0.3278,0,0
CUST030411,0.4425,0,0
CUST037618,0.1773,0,0
CUST005999,0.3138,0,0
CUST026640,0.1297,0,0
CUST027159,0.1474,0,0
CUST034917,0.1604,0,0
CUST037851,0.4772,0,0
CUST038465,0.7348,1,1
CUST001330,0.05,0,0
CUST044494,0.3768,0,0
CUST041843,0.0595,0,0
CUST042714,0.5876,1,0
CUST015062,0.8951,1,0
CUST007333,0.1163,0,0
CUST011867,0.493,0,0
CUST037555,0.0566,0,0
CUST022979,0.2497,0,0
CUST024484,0.6252,1,0
CUST031181,0.4248,0,0
CUST023307,0.1511,0,0
CUST046577,0.7932,1,0
CUST013765,0.0529,0,0
CUST042891,0.2688,0,0
CUST017751,0.0737,0,0
CUST005986,0.3519,0,0
CUST022823,0.1975,0,0
CUST038631,0.0715,0,0
CUST049491,0.5701,1,0
CUST006077,0.09,0,0
CUST025733,0.8445,1,0
CUST046003,0.2052,0,0
CUST035956,0.0676,0,0
CUST032761,0.2458,0,0
CUST019335,0.0583,0,0
CUST026224,0.0673,0,0
CUST047781,0.0529,0,0
CUST006042,0.19,0,0
CUST015275,0.6212,1,0
CUST024857,0.1014,0,0
CUST024455,0.192,0,0
CUST004409,0.1557,0,0
CUST041591,0.0585,0,0
CUST040254,0.0961,0,0
CUST010979,0.0704,0,0
CUST038704,0.0565,0,0
CUST034032,0.1153,0,0
CUST006499,0.1086,0,0
CUST034682,0.0683,0,0
CUST016120,0.1025,0,0
CUST025942,0.1539,0,0
CUST005082,0.1551,0,0
CUST033729,0.102,0,0
CUST048190,0.1858,0,0
CUST006708,0.712,1,0
CUST034635,0.5293,1,0
CUST040059,0.21,0,0
CUST013990,0.0522,0,0
CUST044481,0.2564,0,0
CUST009703,0.0678,0,0
CUST012926,0.3486,0,0
CUST020730,0.8991,1,0
CUST017023,0.8131,1,0
CUST033564,0.1915,0,0
CUST035346,0.8593,1,1
CUST027628,0.5459,1,0
CUST039190,0.0448,0,0
CUST030036,0.1367,0,0
CUST027662,0.0578,0,0
CUST023574,0.1337,0,0
CUST010138,0.75,1,0
CUST020405,0.195,0,0
CUST004770,0.0618,0,0
CUST017053,0.4851,0,0
CUST040437,0.5752,1,0
CUST003182,0.0842,0,0
CUST030154,0.0623,0,0
CUST033907,0.6035,1,0
CUST047772,0.1047,0,0
CUST028472,0.7088,1,0
CUST006503,0.1287,0,0
CUST017594,0.1186,0,0
CUST039533,0.728,1,0
CUST034526,0.229,0,0
CUST039167,0.6005,1,0
CUST033145,0.0705,0,0
CUST007624,0.7659,1,0
CUST028020,0.1758,0,0
CUST004943,0.0493,0,0
CUST031248,0.1776,0,0
CUST014240,0.0747,0,0
CUST033450,0.124,0,0
CUST022112,0.0753,0,0
CUST002139,0.1337,0,0
CUST026059,0.165,0,0
CUST045495,0.765,1,0
CUST022144,0.5869,1,0
CUST008260,0.077,0,0
CUST034582,0.0581,0,0
CUST005398,0.0519,0,0
CUST033996,0.176,0,0
CUST037995,0.1802,0,0
CUST046369,0.1903,0,0
CUST022300,0.1134,0,0
CUST014085,0.2095,0,0
CUST044238,0.0998,0,0
CUST043686,0.0734,0,0
CUST030030,0.0722,0,0
CUST022577,0.8988,1,0
CUST044737,0.5184,1,0
CUST011735,0.5026,1,0
CUST008838,0.0668,0,0
CUST045274,0.0722,0,0
CUST045467,0.0675,0,0
CUST012565,0.0828,0,0
CUST005460,0.269,0,0
CUST007697,0.134,0,0
CUST025894,0.2328,0,0
CUST002756,0.104,0,0
CUST041686,0.3097,0,0
CUST037336,0.2549,0,0
CUST028061,0.8145,1,0
CUST028848,0.0877,0,0
CUST012072,0.1559,0,0
CUST014115,0.2016,0,0
CUST000454,0.1124,0,0
CUST038640,0.2032,0,0
CUST026373,0.0811,0,0
CUST045207,0.8336,1,0
CUST010381,0.0498,0,0
CUST003043,0.0849,0,0
CUST001518,0.5673,1,0
CUST001775,0.6238,1,0
CUST041493,0.0812,0,0
CUST026260,0.045,0,0
CUST034320,0.0763,0,0
CUST040976,0.0725,0,0
CUST015596,0.1754,0,0
CUST009713,0.0557,0,0
CUST001240,0.1732,0,0
CUST002261,0.0735,0,0
CUST026628,0.0713,0,0
CUST007837,0.5652,1,0
CUST034723,0.0808,0,0
CUST024697,0.3296,0,0
CUST003067,0.1943,0,0
CUST012298,0.1159,0,0
CUST007186,0.4509,0,0
CUST032698,0.6005,1,0
CUST032691,0.7115,1,1
CUST026095,0.0721,0,0
CUST049658,0.6027,1,0
CUST026435,0.1678,0,0
CUST000685,0.0799,0,0
CUST009578,0.0465,0,0
CUST004193,0.2883,0,0
CUST010149,0.3682,0,0
CUST048660,0.0872,0,0
CUST013091,0.0786,0,0
CUST038842,0.044,0,0
CUST026464,0.0749,0,0
CUST019301,0.1014,0,0
CUST016782,0.2451,0,0
CUST039406,0.1004,0,0
CUST027644,0.1062,0,0
CUST044839,0.1392,0,0
CUST027025,0.8131,1,0
CUST004078,0.1335,0,0
CUST030239,0.461,0,0
CUST002141,0.2347,0,0
CUST018288,0.1299,0,0
CUST017615,0.182,0,0
CUST031380,0.4092,0,0
CUST045754,0.5687,1,0
CUST037736,0.195,0,0
CUST030304,0.4259,0,0
CUST044468,0.128,0,0
CUST023139,0.1538,0,0
CUST029365,0.2738,0,0
CUST029957,0.0859,0,0
CUST049276,0.852,1,0
CUST012906,0.6183,1,0
CUST044108,0.381,0,0
CUST021806,0.0885,0,0
CUST014586,0.0873,0,0
CUST007816,0.173,0,0
CUST003145,0.3457,0,0
CUST037300,0.2641,0,0
CUST021161,0.3658,0,0
CUST023935,0.0792,0,0
CUST039623,0.4005,0,0
CUST012302,0.5455,1,0
CUST046056,0.2276,0,0
CUST043822,0.8322,1,0
CUST001555,0.11,0,0
CUST004920,0.0399,0,0
CUST043826,0.1767,0,0
CUST046266,0.0619,0,0
CUST011894,0.554,1,0
CUST029611,0.1372,0,0
CUST019139,0.1181,0,0
CUST020790,0.0882,0,0
CUST038137,0.0695,0,0
CUST015219,0.1761,0,0
CUST038727,0.0955,0,0
CUST040430,0.0385,0,0
CUST017904,0.0675,0,0
CUST007993,0.0608,0,0
CUST006802,0.0627,0,0
CUST020701,0.5447,1,0
CUST029612,0.4378,0,0
CUST039894,0.0669,0,0
CUST014521,0.7736,1,1
CUST049200,0.0707,0,0
CUST015548,0.6756,1,0
CUST003746,0.1946,0,0
CUST024328,0.1695,0,0
CUST017629,0.1324,0,0
CUST020202,0.8991,1,1
CUST049535,0.8341,1,0
CUST014622,0.2458,0,0
CUST014027,0.1775,0,0
CUST036788,0.063,0,0
CUST007364,0.8498,1,0
CUST002856,0.1633,0,0
CUST030648,0.5698,1,0
CUST018075,0.0675,0,0
CUST041879,0.0839,0,0
CUST002315,0.081,0,0
CUST015173,0.9275,1,1
CUST021129,0.074,0,0
CUST047599,0.0607,0,0
CUST007204,0.0705,0,0
CUST034863,0.2479,0,0
CUST020800,0.5409,1,0
CUST000492,0.0816,0,0
CUST033248,0.1627,0,0
CUST037853,0.5963,1,0
CUST032191,0.0777,0,0
CUST022510,0.8991,1,0
CUST013597,0.042,0,0
CUST036528,0.3071,0,0
CUST037985,0.229,0,0
CUST037591,0.0832,0,0
CUST023534,0.2969,0,0
CUST002166,0.1558,0,0
CUST005760,0.1784,0,0
CUST037557,0.4624,0,0
CUST046450,0.8561,1,0
CUST039860,0.0737,0,0
CUST000232,0.507,1,0
CUST002407,0.0735,0,0
CUST000906,0.1228,0,0
CUST007188,0.1351,0,0
CUST040321,0.0983,0,0
CUST037822,0.2,0,0
CUST032485,0.887,1,1
CUST029104,0.0686,0,0
CUST043409,0.0786,0,0
CUST036359,0.362,0,0
CUST021370,0.1371,0,0
CUST012061,0.2044,0,0
CUST015182,0.1256,0,0
CUST009642,0.8007,1,0
CUST019172,0.5101,1,0
CUST028485,0.1004,0,0
CUST018892,0.0946,0,0
CUST008400,0.627,1,0
CUST033453,0.1278,0,0
CUST036781,0.0691,0,0
CUST019624,0.0387,0,0
CUST007484,0.2741,0,0
CUST014180,0.0954,0,0
CUST044853,0.0675,0,0
CUST014284,0.4659,0,0
CUST015620,0.0777,0,0
CUST036315,0.0745,0,0
CUST028709,0.2481,0,0
CUST004391,0.5663,1,0
CUST017690,0.6801,1,0
CUST015862,0.0961,0,0
CUST001904,0.0818,0,0
CUST033456,0.1475,0,0
CUST007811,0.0483,0,0
CUST012540,0.1001,0,0
CUST048002,0.3139,0,0
CUST013683,0.0995,0,0
CUST015804,0.1337,0,0
CUST030743,0.1073,0,0
CUST026245,0.4526,0,0
CUST032980,0.3842,0,0
CUST021899,0.1163,0,0
CUST048606,0.182,0,0
CUST023370,0.0993,0,0
CUST013294,0.1767,0,0
CUST007057,0.0648,0,0
CUST040475,0.6359,1,0
CUST040060,0.0395,0,0
CUST001647,0.1512,0,0
CUST018704,0.678,1,0
CUST010696,0.2521,0,0
CUST023150,0.7079,1,0
CUST020656,0.8991,1,0
CUST029471,0.1309,0,0
CUST027600,0.129,0,0
CUST007679,0.8873,1,0
CUST031452,0.0639,0,0
CUST046839,0.5411,1,0
CUST026946,0.0409,0,0
CUST041578,0.0862,0,0
CUST008730,0.0814,0,0
CUST044968,0.0599,0,0
CUST049593,0.8095,1,0
CUST044963,0.056,0,0
CUST019464,0.1196,0,0
CUST039880,0.0572,0,0
CUST044840,0.1942,0,0
CUST015065,0.3515,0,0
CUST007780,0.8858,1,0
CUST033288,0.038,0,0
CUST045259,0.0557,0,0
CUST006995,0.5293,1,0
CUST046113,0.0745,0,0
CUST006988,0.0535,0,0
CUST016307,0.1799,0,0
CUST042281,0.0561,0,0
CUST030698,0.8367,1,0
CUST021301,0.1107,0,0
CUST035000,0.3696,0,0
CUST003028,0.1159,0,0
CUST026313,0.0539,0,0
CUST012810,0.066,0,0
CUST008100,0.3566,0,0
CUST004250,0.1127,0,0
CUST021630,0.0849,0,0
CUST004916,0.1579,0,0
CUST030704,0.0381,0,0
CUST044664,0.8852,1,0
CUST001198,0.4164,0,0
CUST007621,0.0753,0,0
CUST013778,0.1652,0,0
CUST012315,0.0975,0,0
CUST014366,0.1873,0,0
CUST035592,0.0837,0,0
CUST043099,0.0753,0,0
CUST012564,0.0409,0,0
CUST042523,0.1082,0,0
CUST038000,0.7199,1,0
CUST025910,0.5363,1,0
CUST004990,0.0936,0,0
CUST005802,0.2053,0,0
CUST039183,0.0769,0,0
CUST047829,0.0675,0,0
CUST006118,0.0675,0,0
CUST027479,0.5044,1,0
CUST031433,0.0698,0,0
CUST049799,0.0974,0,0
CUST000335,0.0841,0,0
CUST031971,0.887,1,1
CUST018739,0.0957,0,0
CUST021037,0.1433,0,0
CUST048806,0.0885,0,0
CUST005698,0.215,0,0
CUST036738,0.0647,0,0
CUST010491,0.0606,0,0
CUST036974,0.259,0,0
CUST042358,0.1367,0,0
CUST005383,0.2638,0,0
CUST003271,0.5293,1,0
CUST036928,0.2064,0,0
CUST032554,0.1201,0,0
CUST014010,0.071,0,0
CUST014592,0.5319,1,0
CUST035174,0.1813,0,0
CUST021457,0.2973,0,0
CUST020210,0.0927,0,0
CUST044514,0.3273,0,0
CUST038723,0.1139,0,0
CUST027337,0.1851,0,0
CUST046794,0.072,0,0
CUST042925,0.0668,0,0
CUST038237,0.0929,0,0
CUST032289,0.7165,1,0
CUST007526,0.2464,0,0
CUST034290,0.2819,0,0
CUST047314,0.1066,0,0
CUST033370,0.887,1,0
CUST017816,0.8237,1,0
CUST044063,0.1038,0,0
CUST008513,0.0862,0,0
CUST006114,0.0631,0,0
CUST041024,0.8663,1,0
CUST020835,0.0783,0,0
CUST031855,0.0657,0,0
CUST037245,0.1408,0,0
CUST030026,0.2121,0,0
CUST027385,0.1356,0,0
CUST031187,0.0639,0,0
CUST005903,0.6958,1,0
CUST035691,0.852,1,0
CUST026504,0.267,0,0
CUST008705,0.0495,0,0
CUST013969,0.3019,0,0
CUST043125,0.0632,0,0
CUST045253,0.0431,0,0
CUST045273,0.2594,0,0
CUST021329,0.0803,0,0
CUST022665,0.6937,1,0
CUST000165,0.0822,0,0
CUST020082,0.1936,0,0
CUST015205,0.0554,0,0
CUST011057,0.6092,1,0
CUST032219,0.136,0,0
CUST047693,0.3161,0,0
CUST018485,0.8671,1,1
CUST016587,0.6131,1,0
CUST021982,0.0635,0,0
CUST016581,0.0588,0,0
CUST030781,0.3197,0,0
CUST026571,0.6579,1,0
CUST002898,0.0854,0,0
CUST031926,0.0932,0,0
CUST004115,0.1967,0,0
CUST025769,0.1225,0,0
CUST011774,0.0639,0,0
CUST013298,0.6306,1,0
CUST040201,0.0943,0,0
CUST031603,0.7703,1,0
CUST032726,0.1456,0,0
CUST007237,0.3514,0,0
CUST037364,0.142,0,0
CUST041010,0.0754,0,0
CUST035972,0.4201,0,0
CUST013408,0.8677,1,0
CUST022491,0.0835,0,0
CUST037761,0.1636,0,0
CUST049500,0.7444,1,0
CUST017099,0.6744,1,0
CUST033153,0.1835,0,0
CUST037571,0.4669,0,0
CUST010971,0.0557,0,0
CUST029810,0.8903,1,0
CUST021166,0.6447,1,1
CUST030244,0.1129,0,0
CUST028265,0.0885,0,0
CUST045338,0.1337,0,0
CUST022715,0.0675,0,0
CUST032082,0.0912,0,0
CUST039252,0.1622,0,0
CUST047563,0.0646,0,0
CUST029369,0.8524,1,0
CUST025544,0.1509,0,0
CUST034329,0.0801,0,0
CUST035591,0.0988,0,0
CUST041107,0.5117,1,0
CUST000770,0.5912,1,0
CUST045886,0.134,0,0
CUST033281,0.0753,0,0
CUST013305,0.0627,0,0
CUST031561,0.6481,1,0
CUST036310,0.3521,0,0
CUST026926,0.3748,0,0
CUST013840,0.069,0,0
CUST016880,0.0544,0,0
CUST002796,0.1093,0,0
CUST037369,0.0859,0,0
CUST000273,0.1023,0,0
CUST038979,0.8133,1,0
CUST025518,0.6158,1,0
CUST013094,0.0528,0,0
CUST047169,0.6304,1,0
CUST017776,0.3188,0,0
CUST004321,0.1588,0,0
CUST019580,0.433,0,0
CUST029082,0.0687,0,0
CUST013569,0.0585,0,0
CUST022317,0.1688,0,0
CUST037757,0.0809,0,0
CUST017108,0.0754,0,0
CUST047321,0.2708,0,0
CUST039681,0.0919,0,0
CUST010499,0.0754,0,0
CUST008744,0.1287,0,0
CUST045803,0.067,0,0
CUST018057,0.056,0,0
CUST049395,0.0448,0,0
CUST008489,0.06,0,0
CUST022566,0.1832,0,0
CUST001552,0.5912,1,0
CUST016680,0.0419,0,0
CUST027674,0.8933,1,0
CUST012005,0.0853,0,0
CUST014759,0.0405,0,0
CUST019049,0.6025,1,0
CUST005944,0.1698,0,0
CUST021563,0.066,0,0
CUST031260,0.1469,0,0
CUST047488,0.2152,0,0
CUST023065,0.0522,0,0
CUST004290,0.0933,0,0
CUST036435,0.1073,0,0
CUST012225,0.7782,1,0
CUST041752,0.8192,1,0
CUST041377,0.5743,1,0
CUST024203,0.1912,0,0
CUST019960,0.3212,0,0
CUST004722,0.9294,1,1
CUST029697,0.0457,0,0
CUST025543,0.3359,0,0
CUST033584,0.1217,0,0
CUST032757,0.0368,0,0
CUST008821,0.2365,0,0
CUST026314,0.24,0,0
CUST023384,0.1326,0,0
CUST019358,0.728,1,0
CUST005748,0.0971,0,0
CUST024277,0.1081,0,0
CUST009393,0.1133,0,0
CUST010012,0.0524,0,0
CUST028601,0.1928,0,0
CUST020761,0.0522,0,0
CUST035838,0.4573,0,1
CUST020718,0.0543,0,0
CUST047186,0.4226,0,0
CUST030650,0.5073,1,0
CUST024625,0.3069,0,0
CUST025078,0.2296,0,0
CUST033592,0.0889,0,0
CUST009425,0.8821,1,0
CUST029591,0.1172,0,0
CUST006449,0.5963,1,0
CUST001584,0.2242,0,0
CUST001397,0.0631,0,0
CUST023183,0.0675,0,0
CUST027160,0.4274,0,0
CUST025945,0.8916,1,1
CUST013262,0.0876,0,0
CUST021577,0.1088,0,0
CUST035277,0.3853,0,0
CUST018959,0.2877,0,0
CUST022147,0.1511,0,0
CUST015927,0.0795,0,0
CUST013147,0.1391,0,0
CUST012350,0.1223,0,0
CUST022145,0.376,0,0
CUST004372,0.0658,0,0
CUST022635,0.0419,0,0
CUST045889,0.158,0,0
CUST034514,0.0687,0,0
CUST021848,0.8498,1,1
CUST020259,0.2623,0,0
CUST013043,0.0776,0,0
CUST017920,0.1104,0,0
CUST022012,0.0433,0,0
CUST042492,0.0675,0,0
CUST026240,0.1199,0,0
CUST033183,0.0773,0,0
CUST000066,0.0752,0,0
CUST011245,0.1147,0,0
CUST024271,0.0514,0,0
CUST022767,0.1157,0,0
CUST027334,0.0546,0,0
CUST045675,0.057,0,0
CUST046217,0.0862,0,0
CUST002123,0.0551,0,0
CUST042597,0.0534,0,0
CUST041941,0.0427,0,0
CUST029631,0.1658,0,0
CUST034882,0.0557,0,0
CUST016633,0.0711,0,0
CUST028075,0.103,0,0
CUST043725,0.8967,1,1
CUST045944,0.0419,0,0
CUST016181,0.1196,0,0
CUST006671,0.1055,0,0
CUST021667,0.0849,0,0
CUST038822,0.1963,0,0
CUST012041,0.5671,1,0
CUST032070,0.108,0,0
CUST037315,0.7163,1,0
CUST024745,0.6475,1,0
CUST019370,0.0852,0,0
CUST003694,0.0803,0,0
CUST049471,0.3378,0,0
CUST021024,0.4463,0,0
CUST026077,0.3248,0,0
CUST022956,0.1402,0,0
CUST038733,0.2633,0,0
CUST024886,0.0862,0,0
CUST025626,0.1108,0,0
CUST030618,0.117,0,0
CUST029507,0.1742,0,0
CUST026107,0.0875,0,0
CUST020866,0.0542,0,0
CUST037966,0.1143,0,0
CUST041766,0.0566,0,0
CUST012515,0.4602,0,0
CUST045131,0.3673,0,0
CUST043462,0.0415,0,0
CUST022680,0.0584,0,0
CUST004384,0.0462,0,0
CUST012877,0.8322,1,0
CUST011275,0.4141,0,0
CUST033902,0.3338,0,0
CUST048625,0.1718,0,0
CUST004195,0.887,1,0
CUST047420,0.3526,0,0
CUST043731,0.1307,0,0
CUST018395,0.4654,0,0
CUST007910,0.0572,0,0
CUST019773,0.1345,0,1
CUST025541,0.2169,0,0
CUST001167,0.0494,0,0
CUST026932,0.1017,0,0
CUST046625,0.8172,1,0
CUST010918,0.1155,0,0
CUST030938,0.0892,0,0
CUST044793,0.2248,0,0
CUST013678,0.2261,0,1
CUST007488,0.435,0,0
CUST040395,0.0602,0,0
CUST000093,0.1041,0,0
CUST029153,0.069,0,0
CUST018817,0.187,0,0
CUST049688,0.2309,0,0
CUST034678,0.2636,0,0
CUST030282,0.099,0,0
CUST030341,0.2074,0,0
CUST007389,0.0762,0,0
CUST007497,0.1958,0,0
CUST033692,0.1185,0,0
CUST012561,0.8991,1,0
CUST020771,0.3174,0,0
CUST039362,0.0376,0,0
CUST022691,0.3485,0,0
CUST019967,0.0494,0,0
CUST047259,0.0793,0,0
CUST028763,0.1293,0,0
CUST003346,0.1225,0,0
CUST003672,0.0786,0,0
CUST005795,0.117,0,0
CUST006535,0.1419,0,0
CUST043706,0.0623,0,0
CUST042560,0.3035,0,0
CUST038523,0.7615,1,1
CUST045410,0.0719,0,0
CUST032018,0.0382,0,0
CUST032192,0.0468,0,0
CUST032145,0.1825,0,0
CUST012800,0.1112,0,0
CUST027328,0.1276,0,0
CUST045246,0.0723,0,0
CUST034235,0.1881,0,0
CUST045839,0.2447,0,0
CUST042896,0.1516,0,0
CUST038966,0.7285,1,0
CUST037623,0.8265,1,0
CUST032358,0.1186,0,0
CUST003091,0.0675,0,0
CUST023116,0.4625,0,0
CUST001746,0.0856,0,0
CUST023402,0.284,0,0
CUST040365,0.0924,0,0
CUST002568,0.3118,0,0
CUST041318,0.0686,0,0
CUST012635,0.6277,1,0
CUST030535,0.0894,0,0
CUST048594,0.088,0,0
CUST049207,0.047,0,0
CUST021256,0.104,0,0
CUST005069,0.3743,0,0
CUST021133,0.7992,1,0
CUST008032,0.0595,0,0
CUST029118,0.1118,0,0
CUST000999,0.0676,0,0
CUST020621,0.1202,0,0
CUST047324,0.6945,1,0
CUST018933,0.5755,1,0
CUST031227,0.0769,0,0
CUST003995,0.4924,0,0
CUST015792,0.0685,0,0
CUST027428,0.4311,0,0
CUST020726,0.0544,0,0
CUST014259,0.1763,0,0
CUST027782,0.6908,1,0
CUST007178,0.1458,0,0
CUST036089,0.1757,0,0
CUST020387,0.2079,0,0
CUST007980,0.0768,0,0
CUST043884,0.4994,0,0
CUST017837,0.3489,0,0
CUST021076,0.1302,0,0
CUST016409,0.087,0,0
CUST049910,0.7981,1,0
CUST017967,0.0375,0,0
CUST046489,0.5342,1,0
CUST018988,0.6485,1,0
CUST032590,0.9006,1,0
CUST015063,0.0624,0,0
CUST017960,0.0465,0,0
CUST007508,0.0928,0,0
CUST037279,0.0742,0,0
CUST007909,0.1592,0,0
CUST020545,0.0662,0,0
CUST011889,0.2523,0,0
CUST022155,0.1355,0,0
CUST006340,0.1054,0,0
CUST015881,0.0941,0,0
CUST049754,0.0814,0,0
CUST037634,0.1908,0,0
CUST048326,0.6224,1,0
CUST002761,0.1049,0,0
CUST001378,0.0949,0,0
CUST032376,0.5938,1,0
CUST037720,0.8414,1,0
CUST003131,0.2882,0,0
CUST024632,0.3767,0,0
CUST047291,0.2267,0,0
CUST016888,0.0716,0,0
CUST042129,0.8419,1,0
CUST048902,0.5963,1,0
CUST042806,0.2022,0,0
CUST033210,0.102,0,0
CUST015849,0.0838,0,0
CUST030630,0.1753,0,0
CUST034960,0.2572,0,0
CUST038178,0.0749,0,0
CUST029716,0.0356,0,0
CUST007129,0.0703,0,0
CUST000620,0.7247,1,0
CUST017688,0.0723,0,0
CUST049472,0.1972,0,0
CUST039173,0.2091,0,0
CUST030573,0.1724,0,0
CUST010767,0.0682,0,0
CUST013020,0.0489,0,0
CUST025908,0.1142,0,0
CUST030934,0.7754,1,0
CUST001176,0.0675,0,0
CUST039084,0.0753,0,0
CUST009027,0.4485,0,0
CUST020102,0.884,1,0
CUST019290,0.112,0,0
CUST018673,0.1142,0,0
CUST007095,0.85,1,0
CUST029861,0.1926,0,0
CUST041376,0.0469,0,0
CUST039683,0.0675,0,0
CUST003686,0.1391,0,0
CUST039106,0.1926,0,0
CUST016999,0.7971,1,0
CUST027700,0.1012,0,0
CUST010442,0.229,0,0
CUST040920,0.0427,0,0
CUST026928,0.0367,0,0
CUST043944,0.0365,0,0
CUST026408,0.6254,1,0
CUST021971,0.1639,0,0
CUST027148,0.067,0,0
CUST005955,0.0753,0,0
CUST048814,0.6416,1,1
CUST039257,0.4947,0,0
CUST026785,0.0444,0,0
CUST022351,0.4286,0,0
CUST023448,0.1192,0,0
CUST011338,0.5886,1,0
CUST025228,0.086,0,0
CUST044724,0.0656,0,0
CUST029427,0.8322,1,0
CUST002269,0.1425,0,0
CUST034445,0.0489,0,0
CUST028327,0.2845,0,0
CUST041715,0.1272,0,0
CUST041509,0.1093,0,0
CUST042082,0.1405,0,0
CUST049772,0.2532,0,0
CUST004142,0.3371,0,0
CUST001796,0.0556,0,0
CUST008038,0.1573,0,0
CUST021104,0.0581,0,0
CUST028963,0.0753,0,0
CUST037715,0.1253,0,0
CUST001419,0.0696,0,0
CUST045702,0.0557,0,0
CUST000381,0.4038,0,0
CUST027945,0.4757,0,0
CUST044813,0.6634,1,0
CUST040758,0.4251,0,0
CUST049429,0.0499,0,0
CUST018351,0.8588,1,0
CUST029285,0.1132,0,0
CUST018859,0.0983,0,0
CUST032113,0.5019,1,0
CUST020931,0.091,0,0
CUST044843,0.0779,0,0
CUST033843,0.0502,0,0
CUST000970,0.1017,0,0
CUST003590,0.6914,1,1
CUST013789,0.2329,0,0
CUST039624,0.7839,1,0
CUST014842,0.6865,1,0
CUST045957,0.5673,1,0
CUST016912,0.29,0,0
CUST024475,0.8408,1,0
CUST000315,0.078,0,0
CUST023764,0.2684,0,0
CUST027666,0.265,0,0
CUST004308,0.3215,0,0
CUST036300,0.7479,1,0
CUST039602,0.065,0,0
CUST031786,0.0666,0,0
CUST012789,0.0736,0,0
CUST004411,0.596,1,0
CUST006757,0.1276,0,0
CUST011833,0.8898,1,0
CUST014528,0.0924,0,0
CUST012973,0.1465,0,0
CUST004578,0.6373,1,0
CUST025972,0.167,0,0
CUST017256,0.1408,0,0
CUST030240,0.3594,0,0
CUST010488,0.512,1,0
CUST028403,0.8625,1,0
CUST049292,0.433,0,0
CUST033795,0.2419,0,0
CUST041694,0.1046,0,0
CUST048955,0.0753,0,0
CUST031087,0.2137,0,0
CUST001787,0.2851,0,0
CUST003798,0.1189,0,0
CUST039164,0.8114,1,0
CUST035705,0.1407,0,0
CUST039595,0.1677,0,0
CUST049568,0.0753,0,0
CUST027059,0.074,0,0
CUST002474,0.0613,0,0
CUST034742,0.0991,0,0
CUST010784,0.2009,0,0
CUST030206,0.0639,0,0
CUST028738,0.0557,0,0
CUST014185,0.1079,0,0
CUST042760,0.8859,1,1
CUST028554,0.1562,0,0
CUST027850,0.5928,1,0
CUST048917,0.6897,1,0
CUST020031,0.0659,0,0
CUST026243,0.0564,0,0
CUST023427,0.1123,0,0
CUST012886,0.5151,1,0
CUST035787,0.0753,0,0
CUST008241,0.2198,0,0
CUST043270,0.0656,0,0
CUST039131,0.0677,0,0
CUST025209,0.1355,0,0
CUST031746,0.368,0,0
CUST014785,0.259,0,0
CUST042824,0.1538,0,0
CUST018784,0.2622,0,0
CUST037140,0.1039,0,0
CUST008606,0.0996,0,0
CUST006626,0.1044,0,0
CUST040881,0.2344,0,0
CUST048530,0.0764,0,0
CUST037726,0.093,0,0
CUST026246,0.8991,1,0
CUST030095,0.1563,0,0
CUST011864,0.0675,0,0
CUST012324,0.1146,0,0
CUST020443,0.0535,0,0
CUST008405,0.0546,0,0
CUST013200,0.5963,1,0
CUST016705,0.7777,1,0
CUST025604,0.0847,0,0
CUST034349,0.5148,1,0
CUST027122,0.2218,0,0
CUST001535,0.0904,0,0
CUST031305,0.1291,0,0
CUST040357,0.0952,0,0
CUST020304,0.7018,1,0
CUST009898,0.0555,0,0
CUST026867,0.2476,0,0
CUST009234,0.1549,0,0
CUST044819,0.8509,1,0
CUST010519,0.166,0,0
CUST003035,0.1588,0,0
CUST030894,0.8898,1,0
CUST041721,0.0516,0,0
CUST035909,0.0681,0,0
CUST016662,0.3272,0,0
CUST045812,0.1888,0,0
CUST038635,0.5889,1,0
CUST013069,0.1562,0,0
CUST019863,0.064,0,0
CUST010291,0.4314,0,0
CUST012319,0.3623,0,0
CUST045796,0.8475,1,0
CUST004690,0.0753,0,0
CUST015814,0.813,1,0
CUST020990,0.051,0,0
CUST008111,0.1573,0,0
CUST005191,0.0574,0,0
CUST010588,0.0486,0,0
CUST035613,0.6677,1,0
CUST041300,0.1136,0,0
CUST043636,0.6968,1,1
CUST023217,0.0852,0,0
CUST012738,0.4624,0,0
CUST010444,0.1682,0,0
CUST027457,0.1845,0,0
CUST015882,0.1351,0,0
CUST001110,0.4032,0,0
CUST008057,0.0407,0,0
CUST046483,0.2262,0,0
CUST003289,0.0602,0,0
CUST017649,0.0462,0,0
CUST047090,0.2502,0,0
CUST043127,0.0656,0,0
CUST037211,0.8988,1,0
CUST025070,0.5585,1,0
CUST022389,0.0753,0,0
CUST024843,0.2586,0,0
CUST002440,0.0347,0,0
CUST030480,0.5455,1,0
CUST011784,0.8518,1,0
CUST043420,0.0734,0,0
CUST002362,0.633,1,0
CUST031548,0.1307,0,0
CUST014974,0.093,0,0
CUST019737,0.1394,0,0
CUST019594,0.1319,0,0
CUST007867,0.1464,0,0
CUST003708,0.1161,0,0
CUST010575,0.6174,1,0
CUST035897,0.1334,0,0
CUST019782,0.0726,0,0
CUST049154,0.8322,1,1
CUST021410,0.165,0,0
CUST035609,0.1251,0,0
CUST044157,0.1483,0,0
CUST047245,0.086,0,0
CUST044970,0.8821,1,0
CUST002754,0.187,0,0
CUST003308,0.8991,1,0
CUST026069,0.1223,0,0
CUST016456,0.3256,0,0
CUST012562,0.1882,0,0
CUST035421,0.2255,0,0
CUST005221,0.1116,0,0
CUST030403,0.1424,0,0
CUST045585,0.433,0,0
CUST017247,0.7796,1,0
CUST008902,0.1034,0,0
CUST022812,0.0467,0,0
CUST031073,0.1044,0,0
CUST013139,0.0981,0,0
CUST048496,0.0524,0,0
CUST045918,0.3523,0,0
CUST027471,0.0949,0,0
CUST038810,0.6973,1,0
CUST025702,0.0579,0,0
CUST043081,0.6653,1,0
CUST005834,0.0674,0,0
CUST033190,0.2463,0,0
CUST003691,0.0363,0,0
CUST028493,0.1061,0,0
CUST023316,0.3589,0,0
CUST036851,0.0617,0,0
CUST033915,0.1381,0,0
CUST018909,0.2645,0,0
CUST033452,0.1087,0,0
CUST018362,0.8879,1,1
CUST023721,0.1181,0,0
CUST046958,0.1569,0,0
CUST032866,0.0889,0,0
CUST002934,0.1118,0,0
CUST045033,0.0832,0,0
CUST014286,0.0635,0,0
CUST048513,0.2515,0,0
CUST019306,0.2117,0,0
CUST011116,0.1253,0,0
CUST049534,0.2712,0,0
CUST032519,0.0828,0,0
CUST022699,0.8947,1,0
CUST038254,0.2245,0,0
CUST003839,0.0564,0,0
CUST043835,0.1664,0,0
CUST037842,0.6595,1,0
CUST015005,0.0588,0,0
CUST042742,0.0478,0,0
CUST012541,0.8991,1,0
CUST033458,0.0675,0,0
CUST030813,0.102,0,0
CUST027484,0.8578,1,0
CUST048515,0.0968,0,0
CUST008251,0.0801,0,0
CUST039897,0.3463,0,0
CUST000754,0.0584,0,0
CUST005164,0.1402,0,0
CUST049964,0.4405,0,0
CUST044328,0.1027,0,0
CUST042377,0.0763,0,0
CUST033783,0.3648,0,0
CUST003781,0.0791,0,0
CUST031399,0.2542,0,0
CUST004923,0.0969,0,0
CUST016082,0.046,0,0
CUST002593,0.4543,0,0
CUST025612,0.7766,1,0
CUST000319,0.1443,0,0
CUST017217,0.7008,1,0
CUST031999,0.8322,1,0
CUST020188,0.4224,0,0
CUST029488,0.0536,0,0
CUST038530,0.0483,0,0
CUST021689,0.1944,0,0
CUST026139,0.1824,0,0
CUST031807,0.6143,1,0
CUST041417,0.7266,1,0
CUST041021,0.047,0,0
CUST038319,0.1001,0,0
CUST036963,0.7757,1,0
CUST048241,0.1263,0,0
CUST035022,0.1198,0,0
CUST023211,0.1036,0,0
CUST046431,0.1372,0,0
CUST028284,0.049,0,0
CUST025351,0.7016,1,0
CUST015064,0.0943,0,0
CUST020483,0.1311,0,0
CUST016873,0.0496,0,0
CUST003200,0.0793,0,0
CUST001894,0.0489,0,0
CUST025636,0.1279,0,0
CUST006024,0.6192,1,0
CUST011048,0.5802,1,1
CUST048713,0.0958,0,0
CUST035793,0.6872,1,0
CUST042647,0.4958,0,0
CUST001335,0.115,0,0
CUST018474,0.4567,0,0
CUST038399,0.1196,0,0
CUST044941,0.0754,0,0
CUST039757,0.0946,0,0
CUST021299,0.2434,0,0
CUST029852,0.0587,0,0
CUST008193,0.128,0,0
CUST002022,0.3097,0,0
CUST017622,0.1061,0,0
CUST024521,0.5731,1,0
CUST022908,0.6281,1,0
CUST029422,0.0976,0,0
CUST034245,0.823,1,0
CUST041651,0.1154,0,0
CUST001998,0.173,0,0
CUST046192,0.2533,0,0
CUST004100,0.0731,0,0
CUST013831,0.1479,0,0
CUST009439,0.1086,0,0
CUST012176,0.2553,0,0
CUST023616,0.2639,0,0
CUST018373,0.852,1,0
CUST013853,0.0474,0,0
CUST045210,0.2824,0,0
CUST009006,0.073,0,0
CUST017956,0.724,1,1
CUST017114,0.5857,1,0
CUST017106,0.7125,1,1
CUST039351,0.2081,0,0
CUST009235,0.048,0,0
CUST041003,0.0462,0,0
CUST013251,0.0756,0,0
CUST002260,0.6256,1,0
CUST005713,0.5794,1,0
CUST016044,0.0795,0,0
CUST017138,0.1639,0,0
CUST046167,0.0512,0,0
CUST029601,0.2541,0,0
CUST004512,0.7517,1,1
CUST010173,0.0587,0,0
CUST026751,0.0919,0,0
CUST010003,0.3175,0,0
CUST023486,0.2048,0,0
CUST008408,0.196,0,0
CUST004466,0.0745,0,0
CUST035803,0.0888,0,0
CUST029083,0.0602,0,0
CUST030615,0.2091,0,0
CUST018311,0.1186,0,0
CUST029750,0.2165,0,0
CUST008884,0.0632,0,0
CUST017243,0.1111,0,0
CUST039991,0.0666,0,0
CUST007987,0.0737,0,0
CUST029447,0.163,0,0
CUST040105,0.0784,0,0
CUST000776,0.1636,0,0
CUST007302,0.1017,0,0
CUST043039,0.2987,0,0
CUST002159,0.0448,0,0
CUST011583,0.1014,0,0
CUST029253,0.3595,0,0
CUST017593,0.5417,1,0
CUST026222,0.7658,1,0
CUST041276,0.1688,0,0
CUST028383,0.0432,0,0
CUST013856,0.0515,0,0
CUST016986,0.7764,1,0
CUST024083,0.6143,1,0
CUST032108,0.0778,0,0
CUST030241,0.0675,0,0
CUST028200,0.6268,1,0
CUST000405,0.0692,0,0
CUST048374,0.074,0,0
CUST002966,0.0952,0,0
CUST041629,0.0566,0,0
CUST012378,0.1511,0,0
CUST026144,0.1967,0,0
CUST030828,0.254,0,0
CUST046667,0.0455,0,0
CUST004127,0.1136,0,0
CUST035698,0.5585,1,0
CUST005585,0.1625,0,0
CUST045929,0.0836,0,0
CUST041983,0.1039,0,0
CUST019275,0.1023,0,0
CUST044453,0.4425,0,0
CUST000674,0.3078,0,0
CUST040805,0.8558,1,0
CUST017253,0.0969,0,0
CUST048720,0.3787,0,0
CUST037654,0.1656,0,0
CUST011408,0.5104,1,0
CUST017602,0.5026,1,0
CUST036176,0.0648,0,0
CUST014496,0.0992,0,0
CUST031692,0.1154,0,0
CUST044610,0.3615,0,0
CUST008878,0.1739,0,0
CUST010556,0.4077,0,0
CUST014536,0.1299,0,0
CUST018164,0.435,0,0
CUST040761,0.0774,0,0
CUST004201,0.0788,0,0
CUST030315,0.0805,0,0
CUST031691,0.181,0,0
CUST037710,0.3122,0,0
CUST015931,0.0668,0,0
CUST049983,0.8017,1,0
CUST017291,0.5571,1,0
CUST029130,0.1053,0,0
CUST007625,0.3526,0,0
CUST020164,0.0716,0,0
CUST032164,0.2592,0,0
CUST029746,0.7081,1,0
CUST026722,0.0753,0,0
CUST034590,0.1403,0,0
CUST037329,0.5228,1,0
CUST023962,0.273,0,0
CUST023104,0.8654,1,0
CUST048225,0.148,0,0
CUST021648,0.1014,0,0
CUST048264,0.852,1,0
CUST005337,0.2,0,0
CUST038081,0.107,0,0
CUST039807,0.047,0,0
CUST043253,0.0763,0,0
CUST007329,0.1156,0,0
CUST036759,0.084,0,0
CUST018472,0.1223,0,0
CUST026693,0.1263,0,0
CUST039264,0.1688,0,0
CUST048599,0.0482,0,0
CUST048590,0.4099,0,0
CUST015896,0.3078,0,0
CUST038192,0.4873,0,0
CUST024122,0.1798,0,0
CUST037980,0.1011,0,0
CUST047524,0.2,0,0
CUST040698,0.0675,0,0
CUST029442,0.2568,0,0
CUST000033,0.2106,0,0
CUST045363,0.1602,0,0
CUST021755,0.2477,0,0
CUST007252,0.2131,0,0
CUST007357,0.0551,0,0
CUST011813,0.0635,0,0
CUST044638,0.0919,0,0
CUST043077,0.2799,0,0
CUST045705,0.1036,0,0
CUST012070,0.2535,0,0
CUST031463,0.0548,0,0
CUST000329,0.0981,0,0
CUST022648,0.3477,0,0
CUST006065,0.1332,0,0
CUST045287,0.5535,1,0
CUST015025,0.1858,0,0
CUST004049,0.0492,0,0
CUST000180,0.1111,0,0
CUST008227,0.0807,0,0
CUST031340,0.0535,0,0
CUST015448,0.0517,0,0
CUST046300,0.0601,0,0
CUST007976,0.1087,0,0
CUST022375,0.1544,0,0
CUST039790,0.2982,0,0
CUST045592,0.6243,1,0
CUST037318,0.2538,0,0
CUST036757,0.117,0,0
CUST046838,0.1783,0,0
CUST037835,0.8378,1,0
CUST032129,0.1586,0,0
CUST010143,0.2844,0,0
CUST026807,0.444,0,0
CUST018997,0.5802,1,0
CUST011513,0.0591,0,0
CUST044247,0.1041,0,0
CUST042116,0.8991,1,0
CUST044340,0.0977,0,0
CUST017390,0.1186,0,0
CUST045010,0.1102,0,0
CUST007384,0.0731,0,0
CUST039256,0.1041,0,0
CUST045958,0.3108,0,0
CUST045150,0.0447,0,0
CUST018666,0.0863,0,0
CUST046975,0.0557,0,0
CUST007718,0.1464,0,0
CUST040857,0.0553,0,0
CUST016530,0.5366,1,0
CUST040577,0.2809,0,0
CUST010161,0.1753,0,0
CUST042812,0.1655,0,0
CUST002484,0.1243,0,0
CUST034595,0.0628,0,0
CUST028152,0.742,1,0
CUST006310,0.1375,0,0
CUST034135,0.0701,0,0
CUST024811,0.0474,0,0
CUST003985,0.038,0,0
CUST010869,0.1914,0,0
CUST046600,0.0657,0,0
CUST026630,0.158,0,0
CUST001064,0.1313,0,0
CUST007570,0.0675,0,0
CUST008717,0.1711,0,0
CUST026079,0.1543,0,0
CUST006923,0.1925,0,0
CUST037008,0.0471,0,0
CUST022631,0.3465,0,0
CUST005354,0.0961,0,0
CUST016961,0.0581,0,0
CUST030823,0.1419,0,0
CUST043031,0.1536,0,0
CUST014311,0.8974,1,0
CUST000101,0.238,0,0
CUST030846,0.3836,0,0
CUST005030,0.1052,0,0
CUST048380,0.1934,0,0
CUST043145,0.0431,0,0
CUST024493,0.7225,1,0
CUST019585,0.15,0,0
CUST004644,0.0675,0,0
CUST027014,0.9294,1,0
CUST047373,0.4092,0,0
CUST029291,0.054,0,0
CUST002350,0.0675,0,0
CUST041418,0.5956,1,0
CUST044242,0.7432,1,0
CUST001979,0.0862,0,0
CUST000611,0.0635,0,0
CUST012717,0.152,0,0
CUST004266,0.0594,0,0
CUST024459,0.4909,0,0
CUST005743,0.8498,1,0
CUST001462,0.0621,0,0
CUST038238,0.1778,0,0
CUST045064,0.0873,0,0
CUST032837,0.8991,1,0
CUST042528,0.8473,1,0
CUST000003,0.8833,1,0
CUST041588,0.1983,0,0
CUST021828,0.0899,0,0
CUST034802,0.1378,0,0
CUST045716,0.0592,0,0
CUST042393,0.1532,0,0
CUST004232,0.199,0,0
CUST036144,0.852,1,0
CUST014412,0.1833,0,0
CUST028330,0.554,1,0
CUST033468,0.3949,0,0
CUST032114,0.6566,1,0
CUST034497,0.1206,0,0
CUST023263,0.0495,0,0
CUST017079,0.0862,0,0
CUST022996,0.1975,0,0
CUST037156,0.3242,0,0
CUST009547,0.1511,0,0
CUST016054,0.0872,0,0
CUST023364,0.0972,0,0
CUST023798,0.1033,0,0
CUST021117,0.317,0,0
CUST032574,0.1519,0,0
CUST017313,0.0532,0,0
CUST025569,0.0752,0,0
CUST038737,0.0627,0,0
CUST007711,0.166,0,0
CUST020642,0.0675,0,0
CUST009176,0.1944,0,0
CUST023004,0.2882,0,0
CUST021778,0.2347,0,0
CUST036205,0.0465,0,0
CUST049991,0.5673,1,0
CUST036375,0.2,0,0
CUST023324,0.6894,1,0
CUST015056,0.0733,0,0
CUST028578,0.189,0,0
CUST012089,0.1331,0,0
CUST042019,0.1105,0,0
CUST011121,0.5803,1,0
CUST046265,0.0859,0,0
CUST033485,0.123,0,0
CUST032923,0.0723,0,0
CUST031902,0.4425,0,0
CUST040974,0.1366,0,0
CUST028938,0.2141,0,0
CUST049575,0.4613,0,0
CUST029425,0.4805,0,0
CUST005883,0.0675,0,0
CUST006788,0.0698,0,0
CUST043989,0.0412,0,0
CUST026659,0.8808,1,1
CUST034780,0.5499,1,0
CUST022124,0.1374,0,0
CUST024307,0.361,0,0
CUST004492,0.7682,1,0
CUST039789,0.283,0,0
CUST026990,0.8131,1,0
CUST024144,0.0899,0,0
CUST030317,0.8837,1,0
CUST035648,0.0438,0,0
CUST009815,0.1877,0,0
CUST028173,0.1447,0,0
CUST032964,0.1146,0,0
CUST043619,0.4425,0,0
CUST024230,0.1375,0,0
CUST034312,0.7812,1,0
CUST041234,0.0584,0,0
CUST046648,0.0896,0,0
CUST018317,0.1233,0,0
CUST032951,0.5972,1,0
CUST026609,0.0497,0,0
CUST022463,0.0708,0,0
CUST028462,0.0374,0,0
CUST014854,0.058,0,0
CUST031294,0.0889,0,0
CUST049026,0.1609,0,0
CUST006266,0.095,0,0
CUST024454,0.1737,0,0
CUST009559,0.2033,0,0
CUST008096,0.1091,0,0
CUST000549,0.8188,1,1
CUST044759,0.4643,0,0
CUST012573,0.0664,0,0
CUST008541,0.394,0,0
CUST032012,0.1475,0,0
CUST016484,0.1298,0,0
CUST025064,0.1229,0,0
CUST022526,0.048,0,0
CUST022961,0.6395,1,0
CUST046261,0.1654,0,0
CUST028700,0.1337,0,0
CUST006000,0.0662,0,0
CUST044306,0.8049,1,0
CUST049186,0.0542,0,0
CUST005841,0.4775,0,0
CUST048317,0.054,0,0
CUST015991,0.0556,0,0
CUST031344,0.1582,0,0
CUST012781,0.4071,0,0
CUST004603,0.1163,0,0
CUST047124,0.0828,0,0
CUST018712,0.1654,0,0
CUST001467,0.7021,1,0
CUST001181,0.2852,0,0
CUST008798,0.0522,0,0
CUST015829,0.0675,0,0
CUST035338,0.3218,0,0
CUST027180,0.0771,0,0
CUST026412,0.0983,0,0
CUST044433,0.2268,0,0
CUST042819,0.0675,0,0
CUST006979,0.0776,0,0
CUST045478,0.0406,0,0
CUST010858,0.1307,0,0
CUST025487,0.0457,0,0
CUST002445,0.2439,0,0
CUST044141,0.2524,0,0
CUST020015,0.055,0,0
CUST024971,0.0565,0,0
CUST029893,0.1529,0,0
CUST003173,0.1703,0,0
CUST008625,0.8344,1,0
CUST039397,0.7564,1,0
CUST024993,0.1353,0,0
CUST025634,0.1801,0,0
CUST013774,0.5574,1,0
CUST017402,0.2645,0,0
CUST021592,0.2153,0,0
CUST004471,0.0404,0,0
CUST024065,0.0622,0,0
CUST037921,0.7554,1,0
CUST044916,0.2742,0,0
CUST006541,0.1717,0,0
CUST027372,0.174,0,0
CUST000626,0.4425,0,0
CUST030039,0.0867,0,0
CUST006564,0.0812,0,0
CUST025570,0.0859,0,0
CUST013098,0.0503,0,0
CUST044087,0.1281,0,0
CUST022094,0.2695,0,0
CUST009194,0.8651,1,0
CUST023621,0.0852,0,0
CUST036201,0.7089,1,0
CUST001376,0.6486,1,0
CUST032697,0.0928,0,0
CUST004293,0.0671,0,0
CUST032670,0.4245,0,0
CUST048016,0.1694,0,0
CUST034044,0.0573,0,0
CUST010133,0.1788,0,0
CUST038207,0.0542,0,0
CUST011022,0.246,0,0
CUST041416,0.4015,0,0
CUST015272,0.2068,0,0
CUST020366,0.1116,0,0
CUST010367,0.8659,1,1
CUST028215,0.7619,1,0
CUST047306,0.1157,0,0
CUST000241,0.1277,0,0
CUST039707,0.0461,0,0
CUST037611,0.4381,0,0
CUST035781,0.8267,1,0
CUST027910,0.2101,0,0
CUST046588,0.2426,0,0
CUST001625,0.3396,0,0
CUST016981,0.0431,0,0
CUST048692,0.1008,0,0
CUST012367,0.0777,0,0
CUST022766,0.8919,1,0
CUST022335,0.8546,1,0
CUST017315,0.1587,0,0
CUST030226,0.0641,0,0
CUST010702,0.1413,0,0
CUST047406,0.2716,0,0
CUST018735,0.383,0,0
CUST037652,0.1619,0,0
CUST008492,0.0747,0,0
CUST032452,0.0567,0,0
CUST016206,0.887,1,0
CUST042135,0.1005,0,0
CUST006794,0.1352,0,0
CUST019854,0.086,0,0
CUST041656,0.0464,0,0
CUST040799,0.5602,1,0
CUST022531,0.0889,0,0
CUST013487,0.1812,0,0
CUST003424,0.0525,0,0
CUST042088,0.0593,0,0
CUST001922,0.1464,0,0
CUST045158,0.5585,1,0
CUST036222,0.0547,0,0
CUST011435,0.6121,1,0
CUST026451,0.3763,0,0
CUST001783,0.6005,1,0
CUST001085,0.3592,0,0
CUST008837,0.0803,0,0
CUST031817,0.2279,0,0
CUST014751,0.1165,0,0
CUST029706,0.057,0,0
CUST022022,0.178,0,0
CUST007775,0.1244,0,0
CUST019112,0.5586,1,0
CUST022232,0.1111,0,0
CUST047270,0.0509,0,0
CUST044275,0.1913,0,0
CUST045469,0.2906,0,0
CUST025793,0.0675,0,0
CUST001469,0.703,1,0
CUST021792,0.5457,1,0
CUST024044,0.5187,1,0
CUST024117,0.2337,0,0
CUST023181,0.0544,0,0
CUST010094,0.4332,0,0
CUST010153,0.1293,0,0
CUST015507,0.7868,1,0
CUST015772,0.0739,0,0
CUST023278,0.1252,0,0
CUST018036,0.0977,0,0
CUST044357,0.1056,0,0
CUST005593,0.852,1,0
CUST032715,0.8692,1,0
CUST001575,0.2524,0,0
CUST000504,0.1794,0,0
CUST012431,0.7417,1,0
CUST049003,0.103,0,0
CUST043752,0.1645,0,0
CUST037920,0.2437,0,0
CUST022248,0.0941,0,0
CUST030208,0.152,0,0
CUST002450,0.0785,0,0
CUST034756,0.6074,1,0
CUST027462,0.0659,0,0
CUST027973,0.7839,1,0
CUST029691,0.5475,1,0
CUST005422,0.0662,0,0
CUST001744,0.0889,0,0
CUST017260,0.0449,0,0
CUST020945,0.0854,0,0
CUST006167,0.1637,0,0
CUST004762,0.0559,0,0
CUST024841,0.7957,1,0
CUST015823,0.4274,0,0
CUST045987,0.063,0,0
CUST027018,0.2504,0,0
CUST021467,0.6178,1,0
CUST001392,0.7077,1,0
CUST036892,0.4874,0,0
CUST013249,0.135,0,0
CUST041005,0.3809,0,0
CUST035484,0.2001,0,0
CUST035536,0.6854,1,0
CUST035763,0.0365,0,0
CUST036776,0.1291,0,0
CUST018409,0.3941,0,0
CUST036226,0.0466,0,0
CUST042691,0.6103,1,0
CUST029521,0.0748,0,0
CUST002574,0.821,1,1
CUST030491,0.8303,1,1
CUST001676,0.5963,1,0
CUST041739,0.084,0,0
CUST022359,0.162,0,0
CUST024320,0.0891,0,0
CUST042339,0.1542,0,0
CUST011545,0.3575,0,0
CUST020903,0.1254,0,0
CUST020899,0.0631,0,0
CUST011013,0.1504,0,0
CUST017678,0.1453,0,0
CUST005389,0.145,0,0
CUST003280,0.0608,0,0
CUST014900,0.0533,0,0
CUST037341,0.0862,0,0
CUST048520,0.0775,0,0
CUST031009,0.0582,0,0
CUST005393,0.0557,0,0
CUST004178,0.7857,1,0
CUST046615,0.723,1,1
CUST022542,0.8991,1,0
CUST022470,0.1863,0,0
CUST030040,0.327,0,0
CUST036292,0.6005,1,0
CUST007949,0.188,0,0
CUST038442,0.2457,0,0
CUST025763,0.0745,0,0
CUST030742,0.6005,1,0
CUST008118,0.0675,0,0
CUST045648,0.0669,0,0
CUST013646,0.0492,0,0
CUST041388,0.0769,0,0
CUST009959,0.2309,0,0
CUST034700,0.7212,1,0
CUST041869,0.0736,0,0
CUST009932,0.0965,0,0
CUST000912,0.0492,0,0
CUST030385,0.4982,0,0
CUST041546,0.0774,0,0
CUST031354,0.7497,1,0
CUST007974,0.0397,0,0
CUST049706,0.5566,1,0
CUST037286,0.0901,0,0
CUST035168,0.9165,1,1
CUST027861,0.0698,0,0
CUST019974,0.3176,0,0
CUST028014,0.0718,0,0
CUST010746,0.0576,0,0
CUST031889,0.0635,0,0
CUST010514,0.8524,1,0
CUST021972,0.1022,0,0
CUST006213,0.8837,1,0
CUST006607,0.2664,0,1
CUST001156,0.0875,0,0
CUST020651,0.0649,0,0
CUST020957,0.0498,0,0
CUST004561,0.072,0,0
CUST030254,0.1744,0,0
CUST042747,0.4529,0,0
CUST016646,0.1303,0,0
CUST034268,0.0753,0,0
CUST009522,0.8991,1,0
CUST009612,0.1891,0,0
CUST026149,0.2607,0,0
CUST045182,0.1053,0,0
CUST018798,0.7021,1,0
CUST034241,0.0495,0,0
CUST043240,0.3165,0,0
CUST031781,0.0675,0,0
CUST016325,0.2066,0,0
CUST044832,0.4867,0,0
CUST006774,0.5467,1,0
CUST037502,0.049,0,0
CUST032031,0.0353,0,0
CUST049759,0.0909,0,0
CUST003890,0.0536,0,0
CUST040690,0.0916,0,0
CUST028282,0.5525,1,0
CUST016663,0.0661,0,0
CUST023259,0.3269,0,0
CUST013512,0.0825,0,0
CUST014384,0.0724,0,0
CUST044106,0.0639,0,0
CUST001252,0.0933,0,0
CUST037897,0.036,0,0
CUST011491,0.0569,0,0
CUST002707,0.0539,0,0
CUST035900,0.0917,0,0
CUST036376,0.122,0,0
CUST045079,0.6697,1,0
CUST018775,0.1721,0,0
CUST032008,0.0733,0,0
CUST005747,0.1132,0,0
CUST013484,0.075,0,0
CUST041163,0.8067,1,0
CUST012071,0.206,0,0
CUST015221,0.4462,0,0
CUST016198,0.2102,0,0
CUST028543,0.7059,1,0
CUST045682,0.6854,1,0
CUST049879,0.1024,0,1
CUST018420,0.1039,0,0
CUST008529,0.1165,0,0
CUST016213,0.7433,1,0
CUST002883,0.1014,0,0
CUST033488,0.0679,0,0
CUST012170,0.0941,0,0
CUST017840,0.0718,0,0
CUST046876,0.3738,0,0
CUST028627,0.0748,0,0
CUST031726,0.0675,0,0
CUST013089,0.0425,0,0
CUST043324,0.5491,1,0
CUST022388,0.6601,1,0
CUST011017,0.1422,0,0
CUST019202,0.1027,0,0
CUST037355,0.0684,0,0
CUST006771,0.6438,1,0
CUST032924,0.0449,0,0
CUST002391,0.1774,0,0
CUST006797,0.2408,0,0
CUST048191,0.0996,0,0
CUST035242,0.0675,0,0
CUST004692,0.092,0,0
CUST033317,0.5539,1,0
CUST049700,0.4068,0,0
CUST032765,0.0816,0,0
CUST010420,0.442,0,0
CUST016184,0.0716,0,0
CUST041711,0.1373,0,0
CUST045279,0.1445,0,0
CUST002251,0.0723,0,0
CUST010909,0.1849,0,0
CUST014607,0.5428,1,0
CUST011416,0.0788,0,0
CUST011406,0.0675,0,0
CUST026168,0.0788,0,0
CUST004829,0.0646,0,0
CUST045863,0.0838,0,0
CUST023394,0.3966,0,0
CUST027967,0.8519,1,0
CUST026902,0.2373,0,0
CUST041765,0.0733,0,0
CUST019591,0.0921,0,0
CUST009807,0.1009,0,0
CUST023459,0.0845,0,0
CUST035064,0.048,0,0
CUST000217,0.0483,0,0
CUST011597,0.2596,0,0
CUST008309,0.1026,0,0
CUST016480,0.0492,0,0
CUST036747,0.8646,1,0
CUST037170,0.5738,1,0
CUST040813,0.2097,0,0
CUST026372,0.0675,0,0
CUST003336,0.1171,0,0
CUST039513,0.0711,0,0
CUST009697,0.7611,1,1
CUST033147,0.6222,1,1
CUST022197,0.0499,0,0
CUST010651,0.0636,0,0
CUST030767,0.0628,0,0
CUST031973,0.07,0,0
CUST002866,0.048,0,0
CUST000534,0.0753,0,0
CUST010655,0.0978,0,0
CUST016272,0.138,0,0
CUST000340,0.3843,0,0
CUST029345,0.1036,0,1
CUST016972,0.2,0,0
CUST043374,0.1015,0,0
CUST026786,0.0384,0,0
CUST009786,0.3442,0,0
CUST036275,0.0683,0,0
CUST011669,0.1066,0,0
CUST019333,0.0762,0,0
CUST008849,0.0495,0,0
CUST049708,0.0461,0,0
CUST020769,0.8156,1,0
CUST045622,0.0804,0,0
CUST014473,0.0425,0,0
CUST032952,0.1795,0,0
CUST020783,0.1035,0,0
CUST010554,0.0644,0,0
CUST039502,0.1824,0,0
CUST016242,0.0936,0,0
CUST040552,0.1192,0,0
CUST030526,0.0528,0,0
CUST009979,0.3082,0,0
CUST034229,0.0598,0,0
CUST014737,0.0756,0,0
CUST028344,0.0551,0,0
CUST028055,0.0354,0,0
CUST017059,0.085,0,0
CUST012137,0.2192,0,0
CUST014653,0.0557,0,0
CUST001730,0.0619,0,0
CUST040196,0.1132,0,0
CUST037631,0.0388,0,0
CUST017907,0.908,1,0
CUST031345,0.0929,0,0
CUST034561,0.0829,0,0
CUST023626,0.2916,0,0
CUST005322,0.8789,1,1
CUST023451,0.3662,0,0
CUST035647,0.1511,0,0
CUST004382,0.1222,0,0
CUST010332,0.5165,1,0
CUST038522,0.0564,0,0
CUST005024,0.2361,0,0
CUST006374,0.2281,0,0
CUST033006,0.0442,0,0
CUST045436,0.3212,0,0
CUST022193,0.3996,0,0
CUST049452,0.6479,1,1
CUST042701,0.0585,0,0
CUST038748,0.8299,1,0
CUST013421,0.0675,0,0
CUST014939,0.0753,0,0
CUST042291,0.3836,0,0
CUST047416,0.3815,0,0
CUST029367,0.0848,0,0
CUST021713,0.0506,0,0
CUST048001,0.0655,0,0
CUST005213,0.5756,1,0
CUST018943,0.1141,0,0
CUST042867,0.8155,1,0
CUST019808,0.108,0,0
CUST049390,0.602,1,0
CUST047927,0.0612,0,0
CUST048085,0.0729,0,0
CUST012752,0.6092,1,0
CUST030584,0.0694,0,0
CUST032687,0.6273,1,0
CUST044533,0.0565,0,0
CUST036258,0.5344,1,0
CUST048602,0.3836,0,0
CUST035313,0.0988,0,0
CUST003578,0.0901,0,0
CUST006952,0.4313,0,0
CUST018469,0.0748,0,0
CUST046502,0.3942,0,0
CUST038825,0.2046,0,0
CUST026401,0.7161,1,1
CUST044355,0.8991,1,1
CUST011682,0.3031,0,0
CUST021127,0.4005,0,0
CUST020184,0.0543,0,0
CUST005673,0.7139,1,0
CUST042427,0.0961,0,0
CUST037658,0.054,0,0
CUST043843,0.0553,0,0
CUST038133,0.6583,1,0
CUST008292,0.0905,0,0
CUST044772,0.8697,1,0
CUST043470,0.0653,0,0
CUST010044,0.0725,0,0
CUST036802,0.7385,1,0
CUST045013,0.115,0,0
CUST027665,0.1554,0,0
CUST028311,0.0899,0,0
CUST041695,0.088,0,0
CUST017986,0.0675,0,0
CUST004658,0.1038,0,0
CUST012614,0.0834,0,0
CUST010428,0.0597,0,0
CUST016115,0.0948,0,0
CUST040725,0.0852,0,0
CUST000655,0.0675,0,0
CUST040398,0.1194,0,0
CUST037585,0.0483,0,0
CUST007003,0.1621,0,0
CUST005147,0.2,0,0
CUST016001,0.086,0,0
CUST000614,0.1283,0,0
CUST039685,0.3411,0,0
CUST035214,0.0613,0,0
CUST042874,0.084,0,0
CUST027906,0.3155,0,0
CUST009442,0.1097,0,0
CUST039521,0.0777,0,0
CUST002048,0.2392,0,0
CUST048824,0.3914,0,0
CUST046692,0.5017,1,0
CUST007331,0.3162,0,1
CUST032046,0.1937,0,0
CUST026442,0.0736,0,0
CUST001093,0.0543,0,0
CUST006523,0.0824,0,0
CUST011711,0.5388,1,0
CUST046344,0.6477,1,0
CUST007646,0.052,0,0
CUST029645,0.1313,0,0
CUST018665,0.708,1,0
CUST015327,0.2201,0,0
CUST019016,0.5299,1,0
CUST034444,0.2184,0,0
CUST005954,0.5616,1,0
CUST025057,0.7523,1,0
CUST007412,0.0492,0,0
CUST010505,0.3704,0,0
CUST003914,0.0998,0,0
CUST018007,0.1823,0,0
CUST001806,0.0765,0,0
CUST020211,0.8974,1,1
CUST017482,0.5618,1,0
CUST020065,0.4823,0,0
CUST009570,0.6982,1,0
CUST032682,0.4692,0,0
CUST003069,0.2576,0,0
CUST041751,0.0555,0,0
CUST015529,0.3307,0,0
CUST005126,0.0616,0,0
CUST005728,0.0675,0,0
CUST035360,0.1339,0,0
CUST033992,0.2772,0,0
CUST009333,0.899,1,0
CUST006715,0.0662,0,0
CUST005753,0.4568,0,0
CUST030669,0.0397,0,0
CUST037499,0.0576,0,0
CUST002490,0.6418,1,0
CUST001795,0.2137,0,0
CUST041507,0.2126,0,0
CUST016241,0.6572,1,0
CUST038234,0.1028,0,0
CUST008914,0.1774,0,0
CUST006911,0.0689,0,0
CUST032068,0.9042,1,1
CUST036718,0.4107,0,0
CUST042008,0.4516,0,0
CUST037139,0.0774,0,0
CUST048907,0.1029,0,0
CUST006351,0.5794,1,0
CUST021168,0.1946,0,0
CUST036847,0.0896,0,0
CUST003658,0.5809,1,0
CUST044954,0.09,0,0
CUST002277,0.1777,0,0
CUST008808,0.4953,0,0
CUST034371,0.7207,1,1
CUST001611,0.9294,1,1
CUST014319,0.8857,1,0
CUST026453,0.4383,0,0
CUST032828,0.0503,0,0
CUST040608,0.0483,0,0
CUST007069,0.6005,1,1
CUST031314,0.4917,0,0
CUST031761,0.1142,0,0
CUST047394,0.1519,0,0
CUST001509,0.3672,0,0
CUST046364,0.1539,0,0
CUST003405,0.6143,1,0
CUST041854,0.2971,0,0
CUST000281,0.4156,0,0
CUST021988,0.1136,0,0
CUST020845,0.0733,0,0
CUST035785,0.4169,0,0
CUST047448,0.1064,0,0
CUST008885,0.1153,0,0
CUST033201,0.0601,0,0
CUST017766,0.0499,0,0
CUST022061,0.3353,0,0
CUST045059,0.1794,0,0
CUST002286,0.1194,0,0
CUST010087,0.7764,1,0
CUST023550,0.8899,1,1
CUST010921,0.0899,0,0
CUST009132,0.1008,0,0
CUST032237,0.0704,0,0
CUST043356,0.1041,0,0
CUST029370,0.4289,0,0
CUST047990,0.3496,0,0
CUST040640,0.1852,0,0
CUST042792,0.1267,0,0
CUST045903,0.7748,1,0
CUST009634,0.098,0,0
CUST035753,0.0517,0,0
CUST020014,0.1879,0,0
CUST017875,0.1558,0,0
CUST030814,0.0349,0,0
CUST037109,0.2277,0,0
CUST018520,0.1073,0,0
CUST031289,0.7757,1,0
CUST002479,0.1276,0,0
CUST012410,0.1073,0,0
CUST046226,0.0644,0,0
CUST034177,0.0786,0,0
CUST039015,0.0485,0,0
CUST019721,0.1222,0,0
CUST018954,0.379,0,0
CUST013220,0.6356,1,0
CUST026883,0.05,0,0
CUST015912,0.054,0,0
CUST035298,0.5118,1,0
CUST014296,0.0606,0,0
CUST045472,0.1842,0,0
CUST001777,0.2356,0,0
CUST038321,0.5897,1,0
CUST001934,0.0476,0,0
CUST009935,0.2498,0,0
CUST047396,0.1933,0,0
CUST013566,0.1381,0,0
CUST026553,0.125,0,0
CUST003464,0.2334,0,0
CUST013974,0.6974,1,0
CUST028211,0.1069,0,0
CUST041498,0.0675,0,0
CUST029807,0.3471,0,0
CUST015362,0.0483,0,0
CUST027631,0.0968,0,0
CUST034381,0.0803,0,0
CUST028609,0.9208,1,1
CUST000501,0.3197,0,0
CUST048431,0.8991,1,0
CUST001058,0.1371,0,0
CUST023047,0.0608,0,0
CUST033830,0.1374,0,0
CUST041358,0.8899,1,1
CUST039048,0.0833,0,0
CUST008233,0.0497,0,0
CUST044728,0.0735,0,0
CUST039301,0.1258,0,0
CUST034147,0.852,1,0
CUST032858,0.0922,0,0
CUST012955,0.1062,0,0
CUST026993,0.0523,0,0
CUST015308,0.0637,0,0
CUST011570,0.1533,0,0
CUST047859,0.0749,0,0
CUST028639,0.1415,0,0
CUST028549,0.047,0,0
CUST018538,0.1438,0,0
CUST042872,0.1904,0,0
CUST021261,0.1004,0,0
CUST010662,0.1143,0,0
CUST047618,0.0967,0,0
CUST045544,0.0559,0,0
CUST048862,0.9138,1,0
CUST039016,0.0554,0,0
CUST030118,0.3566,0,0
CUST048704,0.0972,0,0
CUST035844,0.2757,0,0
CUST038082,0.5809,1,0
CUST014740,0.6944,1,0
CUST036457,0.102,0,0
CUST048378,0.3043,0,0
CUST011876,0.8562,1,0
CUST019098,0.7274,1,0
CUST026233,0.0758,0,0
CUST034980,0.1587,0,0
CUST048262,0.1877,0,0
CUST035264,0.0791,0,0
CUST016538,0.0752,0,0
CUST024779,0.4994,0,0
CUST009800,0.0675,0,0
CUST043917,0.4767,0,0
CUST028961,0.1723,0,0
CUST041259,0.1645,0,0
CUST037899,0.2262,0,0
CUST021698,0.0908,0,0
CUST042717,0.0919,0,0
CUST040364,0.5845,1,0
CUST020433,0.9296,1,1
CUST006180,0.1525,0,0
CUST010363,0.0709,0,0
CUST006485,0.1958,0,0
CUST048279,0.213,0,0
CUST017727,0.7877,1,0
CUST002900,0.5673,1,0
CUST001298,0.1823,0,0
CUST049711,0.0412,0,0
CUST036295,0.045,0,0
CUST049581,0.0675,0,0
CUST018831,0.8029,1,0
CUST030303,0.153,0,0
CUST001550,0.1871,0,0
CUST010818,0.0686,0,0
CUST043274,0.0449,0,0
CUST011807,0.8517,1,0
CUST001066,0.0646,0,0
CUST022348,0.6837,1,0
CUST023399,0.0807,0,0
CUST026317,0.1932,0,0
CUST003219,0.0359,0,0
CUST022983,0.79,1,0
CUST012199,0.5195,1,0
CUST046438,0.4223,0,0
CUST045554,0.7461,1,0
CUST038109,0.084,0,0
CUST012824,0.1362,0,0
CUST022973,0.1636,0,0
CUST004948,0.0587,0,0
CUST040590,0.0722,0,0
CUST026444,0.8813,1,0
CUST016601,0.0546,0,0
CUST023095,0.1117,0,0
CUST003324,0.1257,0,0
CUST005261,0.1151,0,0
CUST020692,0.2205,0,0
CUST035834,0.2405,0,0
CUST009317,0.0946,0,0
CUST038121,0.8131,1,0
CUST024250,0.0508,0,0
CUST004026,0.064,0,0
CUST048617,0.091,0,0
CUST029349,0.6047,1,0
CUST012585,0.3853,0,0
CUST013880,0.0637,0,0
CUST045195,0.0675,0,0
CUST016057,0.0558,0,0
CUST022226,0.5665,1,0
CUST042845,0.8991,1,1
CUST033492,0.077,0,0
CUST008905,0.1276,0,0
CUST002875,0.0787,0,0
CUST034797,0.249,0,0
CUST048151,0.125,0,0
CUST021437,0.0799,0,0
CUST040178,0.1021,0,0
CUST006918,0.173,0,0
CUST027358,0.2296,0,0
CUST004598,0.0712,0,0
CUST013559,0.111,0,0
CUST038258,0.2887,0,0
CUST009719,0.0805,0,0
CUST043180,0.3079,0,0
CUST041390,0.0665,0,0
CUST038323,0.042,0,0
CUST039866,0.32,0,0
CUST046518,0.5851,1,0
CUST027455,0.0847,0,0
CUST006363,0.1425,0,0
CUST002925,0.2137,0,0
CUST021350,0.1331,0,0
CUST013851,0.721,1,0
CUST030870,0.1081,0,0
CUST004198,0.8919,1,0
CUST049901,0.1201,0,0
CUST001967,0.1422,0,0
CUST009849,0.0818,0,0
CUST003157,0.3845,0,0
CUST012577,0.1144,0,0
CUST003034,0.0845,0,0
CUST008568,0.0699,0,0
CUST046299,0.0751,0,0
CUST035711,0.379,0,0
CUST014615,0.526,1,0
CUST017196,0.0832,0,0
CUST033186,0.0951,0,0
CUST037697,0.0461,0,0
CUST012544,0.0675,0,0
CUST021392,0.112,0,0
CUST032029,0.596,1,0
CUST026998,0.0644,0,0
CUST011866,0.0649,0,0
CUST000558,0.1093,0,0
CUST042728,0.4092,0,0
CUST008681,0.4818,0,0
CUST028940,0.8991,1,0
CUST012382,0.6153,1,0
CUST005690,0.0476,0,0
CUST020890,0.2262,0,0
CUST007501,0.0775,0,0
CUST047695,0.1914,0,0
CUST007411,0.0806,0,0
CUST026869,0.8395,1,0
CUST023966,0.2964,0,0
CUST004835,0.6738,1,0
CUST048058,0.077,0,0
CUST043012,0.074,0,0
CUST030545,0.3864,0,0
CUST010903,0.0513,0,0
CUST032929,0.0791,0,0
CUST027172,0.7987,1,0
CUST046362,0.3885,0,0
CUST008449,0.0565,0,0
CUST008478,0.0864,0,0
CUST003302,0.8794,1,0
CUST029567,0.683,1,0
CUST008954,0.0371,0,0
CUST042719,0.8415,1,0
CUST004854,0.2892,0,0
CUST043323,0.0483,0,0
CUST042248,0.4729,0,0
CUST042918,0.1275,0,0
CUST028881,0.0955,0,0
CUST037738,0.0376,0,0
CUST043266,0.1445,0,0
CUST027952,0.8012,1,0
CUST021711,0.1171,0,0
CUST021282,0.0878,0,0
CUST019253,0.209,0,0
CUST016987,0.0497,0,0
CUST045858,0.2832,0,0
CUST034327,0.1641,0,0
CUST029995,0.0603,0,0
CUST013266,0.2528,0,0
CUST003455,0.1551,0,0
CUST009990,0.1942,0,0
CUST033346,0.0922,0,0
CUST014068,0.1521,0,0
CUST030413,0.0995,0,0
CUST009909,0.0442,0,0
CUST013472,0.0591,0,0
CUST030932,0.8259,1,0
CUST035165,0.2205,0,0
CUST010217,0.0715,0,0
CUST000519,0.1082,0,0
CUST002130,0.0862,0,0
CUST020365,0.069,0,0
CUST006876,0.0543,0,0
CUST025619,0.0471,0,0
CUST006387,0.282,0,0
CUST016941,0.8991,1,0
CUST006800,0.0469,0,0
CUST006706,0.0693,0,0
CUST030126,0.2298,0,0
CUST048051,0.1601,0,0
CUST022237,0.3308,0,0
CUST028104,0.2952,0,0
CUST019423,0.0624,0,0
CUST013881,0.0934,0,0
CUST030198,0.1167,0,0
CUST012900,0.0431,0,0
CUST024716,0.0945,0,0
CUST005531,0.1032,0,0
CUST019686,0.4837,0,0
CUST031427,0.4283,0,0
CUST022468,0.1209,0,0
CUST010928,0.0607,0,0
CUST005866,0.0618,0,0
CUST013458,0.1539,0,0
CUST046282,0.8164,1,0
CUST043223,0.178,0,0
CUST001225,0.0785,0,0
CUST015705,0.0753,0,0
CUST034081,0.0601,0,0
CUST033388,0.0795,0,0
CUST004296,0.2389,0,0
CUST030313,0.182,0,0
CUST034782,0.1834,0,0
CUST021367,0.0649,0,0
CUST046382,0.0462,0,0
CUST014480,0.3138,0,0
CUST046012,0.8422,1,0
CUST048786,0.0753,0,0
CUST034933,0.1324,0,0
CUST021107,0.1225,0,0
CUST021099,0.1248,0,0
CUST030165,0.3631,0,0
CUST019003,0.0996,0,0
CUST031124,0.0857,0,0
CUST011882,0.7152,1,0
CUST040328,0.1233,0,0
CUST032705,0.4692,0,0
CUST041666,0.852,1,0
CUST039758,0.1216,0,0
CUST011288,0.8625,1,0
CUST049454,0.0441,0,0
CUST044774,0.618,1,0
CUST041738,0.0914,0,0
CUST016137,0.0807,0,0
CUST040041,0.5197,1,0
CUST014002,0.4559,0,0
CUST005537,0.2497,0,0
CUST012905,0.3008,0,0
CUST043157,0.1,0,0
CUST039057,0.0753,0,0
CUST021954,0.266,0,0
CUST002117,0.0578,0,0
CUST048185,0.1606,0,0
CUST049187,0.5673,1,0
CUST036966,0.088,0,0
CUST031256,0.2221,0,0
CUST006900,0.1139,0,0
CUST006498,0.1338,0,0
CUST039240,0.4666,0,0
CUST004521,0.1506,0,0
CUST037157,0.0826,0,0
CUST022769,0.0826,0,0
CUST019548,0.5457,1,0
CUST007170,0.0634,0,0
CUST033142,0.1946,0,0
CUST006193,0.8596,1,0
CUST000565,0.86,1,0
CUST005400,0.2037,0,0
CUST024687,0.1321,0,0
CUST015848,0.1695,0,0
CUST024239,0.3266,0,0
CUST024498,0.0476,0,0
CUST020951,0.1006,0,0
CUST033342,0.0585,0,0
CUST040308,0.0542,0,0
CUST023883,0.4692,0,0
CUST046375,0.0972,0,0
CUST007436,0.0414,0,0
CUST030375,0.9006,1,1
CUST008628,0.3003,0,0
CUST033562,0.1673,0,0
CUST042238,0.0764,0,0
CUST016613,0.0728,0,0
CUST042909,0.1443,0,0
CUST025848,0.4329,0,0
CUST025215,0.1596,0,0
CUST004083,0.1094,0,0
CUST028338,0.0592,0,0
CUST026066,0.3625,0,0
CUST012773,0.0883,0,0
CUST021847,0.1354,0,0
CUST049208,0.1859,0,0
CUST043817,0.2557,0,0
CUST003608,0.0729,0,0
CUST011001,0.7785,1,0
CUST013443,0.433,0,0
CUST006960,0.0604,0,0
CUST029618,0.1213,0,0
CUST013100,0.2978,0,0
CUST047233,0.0793,0,0
CUST021090,0.8087,1,0
CUST042151,0.1088,0,0
CUST038693,0.0854,0,0
CUST026497,0.1196,0,0
CUST026384,0.1651,0,0
CUST009957,0.0915,0,0
CUST008072,0.433,0,0
CUST041325,0.7482,1,1
CUST008913,0.8878,1,0
CUST008648,0.6003,1,0
CUST044781,0.8991,1,0
CUST022985,0.1187,0,0
CUST039369,0.127,0,0
CUST022899,0.071,0,0
CUST047556,0.8213,1,1
CUST005177,0.514,1,0
CUST035978,0.2122,0,0
CUST007657,0.3019,0,0
CUST003212,0.2912,0,0
CUST039698,0.0557,0,0
CUST026336,0.2537,0,0
CUST006320,0.6141,1,0
CUST045661,0.6005,1,0
CUST032787,0.1938,0,0
CUST000268,0.0726,0,0
CUST028923,0.7823,1,0
CUST002441,0.1282,0,0
CUST031406,0.7252,1,0
CUST005814,0.1158,0,0
CUST034503,0.1719,0,0
CUST044885,0.1167,0,0
CUST042188,0.0799,0,0
CUST049012,0.1122,0,0
CUST041000,0.0562,0,0
CUST005751,0.8663,1,0
CUST032962,0.3273,0,0
CUST003580,0.099,0,0
CUST036940,0.1053,0,0
CUST009491,0.0952,0,0
CUST033736,0.6397,1,0
CUST000424,0.0458,0,0
CUST006601,0.0675,0,0
CUST000317,0.5218,1,0
CUST044264,0.1048,0,0
CUST034430,0.7533,1,0
CUST044867,0.1407,0,0
CUST044508,0.063,0,0
CUST012092,0.129,0,0
CUST029362,0.1204,0,0
CUST012125,0.0478,0,0
CUST047678,0.0819,0,0
CUST044846,0.0507,0,0
CUST016845,0.7539,1,0
CUST000219,0.0609,0,0
CUST037226,0.8278,1,0
CUST044368,0.4399,0,0
CUST037087,0.0675,0,0
CUST044862,0.1979,0,0
CUST045377,0.229,0,0
CUST038984,0.7163,1,0
CUST033652,0.1027,0,0
CUST020892,0.0814,0,0
CUST005192,0.9111,1,1
CUST037181,0.3549,0,0
CUST044634,0.3816,0,0
CUST023494,0.0538,0,0
CUST008937,0.253,0,0
CUST035406,0.1663,0,0
CUST033366,0.5782,1,0
CUST038853,0.0402,0,0
CUST049095,0.0661,0,0
CUST008130,0.2887,0,0
CUST029188,0.1007,0,0
CUST024547,0.0737,0,0
CUST002312,0.1656,0,0
CUST038934,0.0613,0,0
CUST016251,0.3099,0,0
CUST022428,0.0898,0,0
CUST037827,0.693,1,0
CUST048924,0.0407,0,0
CUST024180,0.1113,0,0
CUST001263,0.86,1,0
CUST042369,0.1128,0,0
CUST030797,0.1399,0,0
CUST044035,0.8557,1,0
CUST006087,0.5457,1,0
CUST007462,0.2862,0,0
CUST028694,0.0446,0,0
CUST000730,0.205,0,1
CUST010634,0.0615,0,0
CUST039063,0.1336,0,0
CUST031140,0.4773,0,0
CUST041885,0.1291,0,0
CUST004780,0.7523,1,0
CUST014282,0.8081,1,0
CUST038754,0.0572,0,0
CUST011227,0.3656,0,0
CUST046126,0.1424,0,0
CUST019846,0.0976,0,0
CUST046209,0.2762,0,0
CUST002229,0.0767,0,0
CUST035269,0.5454,1,0
CUST036820,0.9025,1,1
CUST011212,0.2469,0,0
CUST014298,0.3425,0,0
CUST026909,0.4863,0,0
CUST035330,0.0458,0,0
CUST002999,0.0901,0,0
CUST028451,0.4953,0,0
CUST038952,0.3826,0,0
CUST028568,0.1818,0,0
CUST014396,0.8935,1,1
CUST004510,0.0707,0,0
CUST034002,0.6477,1,0
CUST043322,0.0997,0,0
CUST013755,0.9088,1,1
CUST044217,0.1143,0,0
CUST010211,0.8549,1,0
CUST026726,0.2151,0,0
CUST006588,0.922,1,0
CUST021726,0.115,0,0
CUST020437,0.087,0,0
CUST045729,0.0397,0,0
CUST020743,0.6965,1,0
CUST006287,0.2963,0,0
CUST022975,0.0415,0,0
CUST006967,0.1214,0,0
CUST010913,0.7157,1,0
CUST045765,0.5869,1,0
CUST018185,0.1063,0,0
CUST030029,0.0735,0,0
CUST006224,0.0446,0,0
CUST020666,0.2218,0,0
CUST044186,0.1207,0,0
CUST036663,0.1189,0,0
CUST001767,0.1015,0,0
CUST007789,0.0675,0,0
CUST024794,0.2501,0,0
CUST037173,0.087,0,0
CUST024190,0.114,0,0
CUST040074,0.8473,1,0
CUST031499,0.192,0,0
CUST039346,0.0753,0,0
CUST044165,0.167,0,0
CUST008739,0.1558,0,0
CUST036416,0.0482,0,0
CUST008994,0.8625,1,1
CUST042266,0.1572,0,0
CUST015673,0.7326,1,0
CUST024382,0.0564,0,0
CUST029778,0.0423,0,0
CUST022764,0.041,0,0
CUST034520,0.9294,1,1
CUST024892,0.844,1,0
CUST040245,0.0467,0,0
CUST011521,0.852,1,0
CUST005499,0.0532,0,0
CUST003665,0.0992,0,0
CUST038707,0.9057,1,0
CUST040632,0.6549,1,0
CUST040709,0.077,0,0
CUST020547,0.1308,0,0
CUST002845,0.0984,0,0
CUST020782,0.1356,0,0
CUST039487,0.1511,0,0
CUST009319,0.1262,0,0
CUST043978,0.1,0,0
CUST035430,0.4918,0,0
CUST030195,0.2366,0,0
CUST016913,0.0848,0,0
CUST009837,0.084,0,0
CUST000701,0.8164,1,0
CUST015319,0.1979,0,0
CUST013331,0.6043,1,0
CUST024864,0.0978,0,0
CUST001793,0.1215,0,0
CUST017232,0.0596,0,0
CUST046972,0.0753,0,0
CUST006512,0.7453,1,0
CUST007442,0.0675,0,0
CUST044861,0.2133,0,0
CUST049075,0.0699,0,0
CUST017705,0.4005,0,0
CUST012273,0.0897,0,0
CUST024952,0.084,0,0
CUST003683,0.6192,1,0
CUST022593,0.0871,0,0
CUST017105,0.315,0,0
CUST018689,0.5473,1,0
CUST031505,0.0563,0,0
CUST015658,0.4005,0,0
CUST037659,0.1675,0,0
CUST020548,0.0522,0,0
CUST009676,0.8919,1,0
CUST000860,0.0813,0,0
CUST014053,0.4005,0,0
CUST035166,0.5202,1,0
CUST041382,0.0891,0,0
CUST011960,0.0681,0,0
CUST020153,0.1389,0,0
CUST039259,0.1647,0,0
CUST004272,0.1882,0,0
CUST001044,0.056,0,0
CUST023285,0.0524,0,0
CUST038214,0.899,1,0
CUST025629,0.7609,1,0
CUST041310,0.2181,0,0
CUST048742,0.8131,1,0
CUST030143,0.4005,0,0
CUST028559,0.8393,1,0
CUST026036,0.894,1,1
CUST034532,0.1314,0,0
CUST031683,0.4303,0,0
CUST037845,0.1039,0,0
CUST027702,0.2007,0,0
CUST041529,0.0571,0,0
CUST023910,0.0912,0,0
CUST038840,0.3672,0,0
CUST015369,0.5076,1,0
CUST044841,0.0396,0,0
CUST041571,0.0675,0,0
CUST023881,0.3078,0,0
CUST028229,0.1188,0,0
CUST029871,0.5813,1,0
CUST031997,0.0419,0,0
CUST020601,0.1334,0,0
CUST035964,0.8293,1,0
CUST033166,0.0396,0,0
CUST034215,0.0513,0,0
CUST011954,0.0998,0,0
CUST014192,0.054,0,0
CUST007575,0.046,0,0
CUST002042,0.0546,0,0
CUST041847,0.2007,0,0
CUST003944,0.1411,0,0
CUST025721,0.04,0,0
CUST021460,0.0884,0,0
CUST017169,0.0732,0,0
CUST018540,0.5321,1,0
CUST026895,0.2133,0,0
CUST015333,0.2225,0,0
CUST030172,0.0788,0,0
CUST035682,0.0504,0,0
CUST010187,0.0588,0,0
CUST006182,0.8483,1,0
CUST048565,0.1906,0,0
CUST044950,0.3165,0,0
CUST026727,0.0827,0,0
CUST027081,0.0546,0,0
CUST027279,0.1086,0,0
CUST023524,0.6694,1,0
CUST036808,0.0675,0,0
CUST031743,0.0481,0,0
CUST041431,0.29,0,0
CUST031473,0.0727,0,0
CUST034775,0.0614,0,0
CUST043632,0.0643,0,0
CUST044695,0.055,0,0
CUST025183,0.7669,1,1
CUST013518,0.0831,0,0
CUST042332,0.0884,0,0
CUST021253,0.0389,0,0
CUST037607,0.0555,0,0
CUST007255,0.1518,0,0
CUST021801,0.0963,0,0
CUST030486,0.1062,0,0
CUST030175,0.1254,0,0
CUST019498,0.1082,0,0
CUST011632,0.0973,0,0
CUST024076,0.1457,0,0
CUST036008,0.8464,1,0
CUST018296,0.5628,1,0
CUST023375,0.0888,0,0
CUST048215,0.0709,0,0
CUST023650,0.5499,1,0
CUST049895,0.0633,0,0
CUST039424,0.1046,0,0
CUST007666,0.0675,0,0
CUST001857,0.053,0,0
CUST038054,0.0599,0,0
CUST037275,0.0777,0,0
CUST045680,0.1122,0,0
CUST000460,0.1537,0,0
CUST039956,0.0721,0,0
CUST045802,0.7517,1,0
CUST021498,0.1245,0,0
CUST037885,0.9291,1,1
CUST020269,0.0906,0,0
CUST016459,0.057,0,0
CUST021708,0.1739,0,0
CUST001961,0.0829,0,0
CUST030273,0.3592,0,0
CUST043306,0.8303,1,1
CUST036444,0.0787,0,0
CUST033061,0.0449,0,0
CUST038013,0.5956,1,0
CUST011199,0.1419,0,0
CUST039097,0.9078,1,1
CUST021411,0.8837,1,0
CUST026950,0.1349,0,0
CUST009201,0.0814,0,0
CUST047592,0.2267,0,0
CUST044066,0.0721,0,0
CUST008095,0.046,0,0
CUST023186,0.1028,0,0
CUST024411,0.2445,0,0
CUST015526,0.247,0,0
CUST018795,0.2659,0,0
CUST015545,0.5997,1,0
CUST043921,0.1214,0,0
CUST006018,0.4103,0,0
CUST005325,0.0766,0,0
CUST048695,0.0664,0,0
CUST033674,0.8226,1,0
CUST038153,0.133,0,0
CUST042758,0.0758,0,0
CUST016425,0.2479,0,0
CUST015517,0.8991,1,1
CUST046591,0.4193,0,0
CUST029984,0.0382,0,0
CUST028909,0.4467,0,0
CUST028955,0.7623,1,0
CUST008432,0.1171,0,0
CUST034273,0.4627,0,0
CUST002963,0.2723,0,0
CUST041678,0.6005,1,0
CUST030261,0.7974,1,0
CUST006119,0.1159,0,0
CUST029412,0.1754,0,0
CUST044952,0.0675,0,0
CUST037597,0.1132,0,0
CUST003011,0.0749,0,0
CUST041585,0.2125,0,0
CUST021967,0.0582,0,0
CUST011792,0.0979,0,0
CUST005311,0.0355,0,0
CUST030404,0.0656,0,0
CUST027874,0.0711,0,0
CUST009923,0.0675,0,0
CUST040526,0.4347,0,0
CUST016344,0.292,0,0
CUST011698,0.175,0,0
CUST033457,0.0825,0,0
CUST024979,0.8313,1,0
CUST049327,0.1758,0,0
CUST042548,0.3939,0,0
CUST029915,0.2862,0,0
CUST020268,0.0927,0,0
CUST003481,0.0707,0,0
CUST012349,0.0611,0,0
CUST008383,0.7375,1,0
CUST039724,0.1983,0,0
CUST004437,0.1286,0,0
CUST010686,0.083,0,0
CUST014174,0.0864,0,0
CUST032818,0.1118,0,0
CUST007099,0.4669,0,0
CUST012046,0.1523,0,0
CUST035986,0.2168,0,0
CUST042893,0.1419,0,0
CUST023020,0.1264,0,0
CUST024216,0.4668,0,0
CUST038608,0.5966,1,0
CUST030159,0.0965,0,0
CUST004544,0.1337,0,0
CUST042732,0.5694,1,0
CUST020823,0.0675,0,0
CUST026358,0.4247,0,0
CUST028507,0.2541,0,0
CUST006440,0.1317,0,0
CUST012108,0.2721,0,0
CUST046883,0.0738,0,0
CUST029501,0.062,0,0
CUST037121,0.0531,0,0
CUST036277,0.5673,1,0
CUST038888,0.2667,0,0
CUST049605,0.1535,0,0
CUST002242,0.1776,0,0
CUST028958,0.0746,0,0
CUST032813,0.0797,0,0
CUST021293,0.0614,0,0
CUST047131,0.1452,0,0
CUST041938,0.0538,0,0
CUST035493,0.8879,1,0
CUST035351,0.0721,0,0
CUST018657,0.1073,0,0
CUST035850,0.3513,0,0
CUST000289,0.3927,0,0
CUST023279,0.8974,1,0
CUST009365,0.2246,0,0
CUST008677,0.8327,1,1
CUST012924,0.2541,0,0
CUST014262,0.0622,0,0
CUST007897,0.0675,0,0
CUST029289,0.6252,1,0
CUST037091,0.1447,0,0
CUST040008,0.0675,0,0
CUST043072,0.1151,0,0
CUST001029,0.114,0,0
CUST037933,0.2996,0,0
CUST037200,0.1598,0,0
CUST016252,0.0832,0,0
CUST039453,0.0662,0,0
CUST020597,0.1573,0,0
CUST046505,0.045,0,0
CUST034971,0.0405,0,0
CUST015160,0.0429,0,0
CUST031478,0.2476,0,0
CUST018803,0.0417,0,0
CUST006808,0.5028,1,0
CUST007656,0.8383,1,0
CUST039643,0.0675,0,0
CUST013653,0.0921,0,0
CUST047345,0.5028,1,0
CUST035042,0.6173,1,0
CUST037934,0.2212,0,0
CUST034193,0.8557,1,0
CUST036777,0.1466,0,0
CUST015387,0.1179,0,0
CUST030504,0.2772,0,0
CUST032037,0.1235,0,0
CUST029379,0.1504,0,0
CUST032965,0.7569,1,0
CUST043090,0.1372,0,0
CUST046998,0.0458,0,0
CUST023301,0.2333,0,0
CUST035187,0.0428,0,0
CUST016299,0.3333,0,0
CUST043435,0.0555,0,0
CUST030708,0.079,0,0
CUST003317,0.0891,0,0
CUST046721,0.4251,0,0
CUST002546,0.6995,1,0
CUST048044,0.5326,1,0
CUST022947,0.4038,0,0
CUST023933,0.8208,1,0
CUST011748,0.0675,0,0
CUST027344,0.2984,0,0
CUST037059,0.3204,0,0
CUST011972,0.0816,0,0
CUST009801,0.1404,0,0
CUST022416,0.3369,0,0
CUST002897,0.1426,0,0
CUST012746,0.0855,0,0
CUST005106,0.0572,0,0
CUST015919,0.0393,0,0
CUST037316,0.1445,0,0
CUST011675,0.112,0,0
CUST039959,0.0858,0,0
CUST025069,0.1617,0,0
CUST012161,0.8375,1,1
CUST016772,0.0746,0,0
CUST030137,0.1079,0,0
CUST034237,0.1533,0,0
CUST037304,0.0845,0,0
CUST031309,0.0808,0,0
CUST027826,0.3927,0,0
CUST001408,0.852,1,0
CUST032366,0.1511,0,0
CUST030136,0.6979,1,0
CUST022692,0.1487,0,0
CUST033365,0.1126,0,0
CUST008643,0.0477,0,0
CUST038479,0.0731,0,0
CUST037343,0.7498,1,0
CUST049396,0.0487,0,0
CUST018452,0.5963,1,0
CUST027313,0.1139,0,0
CUST014828,0.0519,0,0
CUST022632,0.1281,0,0
CUST039200,0.154,0,0
CUST045452,0.0509,0,0
CUST007316,0.4184,0,0
CUST002798,0.0818,0,0
CUST030380,0.0738,0,0
CUST021057,0.7084,1,0
CUST031551,0.1692,0,0
CUST006292,0.4692,0,0
CUST010366,0.2122,0,0
CUST011645,0.1996,0,0
CUST043134,0.7812,1,0
CUST017375,0.1139,0,0
CUST025844,0.178,0,0
CUST044142,0.6143,1,0
CUST003797,0.1921,0,0
CUST020954,0.4465,0,0
CUST007531,0.2503,0,0
CUST037332,0.1,0,0
CUST042409,0.0753,0,0
CUST049718,0.3239,0,0
CUST035994,0.1298,0,0
CUST012206,0.1068,0,0
CUST022784,0.5865,1,0
CUST007702,0.0719,0,0
CUST035898,0.609,1,0
CUST046962,0.0685,0,0
CUST022518,0.203,0,0
CUST016173,0.1741,0,0
CUST028089,0.2288,0,0
CUST013822,0.0411,0,0
CUST018938,0.0637,0,0
CUST045720,0.5029,1,0
CUST011662,0.0607,0,0
CUST030086,0.0939,0,0
CUST028390,0.3006,0,0
CUST026614,0.7565,1,0
CUST013986,0.2109,0,0
CUST031315,0.0978,0,0
CUST032435,0.0782,0,0
CUST040017,0.8551,1,1
CUST007025,0.0411,0,0
CUST017949,0.1193,0,0
CUST033047,0.2219,0,0
CUST033019,0.0726,0,0
CUST031263,0.1826,0,0
CUST035772,0.8717,1,0
CUST047719,0.0765,0,0
CUST045846,0.8665,1,0
CUST040521,0.2607,0,0
CUST024785,0.1552,0,0
CUST007824,0.0856,0,0
CUST010192,0.0746,0,0
CUST039423,0.1517,0,0
CUST001488,0.1729,0,0
CUST026270,0.8165,1,0
CUST023706,0.7115,1,0
CUST026757,0.3026,0,0
CUST029808,0.1818,0,0
CUST008012,0.1341,0,0
CUST006275,0.3691,0,0
CUST026020,0.05,0,0
CUST004695,0.8528,1,0
CUST033684,0.8468,1,0
CUST039969,0.5673,1,0
CUST047973,0.0848,0,0
CUST030335,0.1447,0,0
CUST006242,0.2409,0,0
CUST039294,0.4674,0,0
CUST028358,0.4906,0,0
CUST030021,0.1804,0,0
CUST028793,0.3047,0,0
CUST031311,0.4852,0,0
CUST018658,0.2625,0,0
CUST046598,0.1003,0,0
CUST040716,0.0991,0,0
CUST015321,0.0911,0,0
CUST028140,0.0783,0,0
CUST009886,0.0589,0,0
CUST009002,0.2055,0,0
CUST042667,0.0913,0,0
CUST009818,0.5867,1,0
CUST029828,0.4702,0,0
CUST033780,0.0934,0,0
CUST031913,0.3105,0,0
CUST039575,0.094,0,0
CUST024739,0.1824,0,0
CUST016145,0.0715,0,0
CUST042178,0.8237,1,1
CUST039420,0.5212,1,0
CUST017768,0.1393,0,0
CUST010923,0.1748,0,0
CUST037258,0.884,1,0
CUST036402,0.0957,0,0
CUST012680,0.0533,0,0
CUST019723,0.0999,0,0
CUST045161,0.216,0,0
CUST026815,0.0554,0,0
CUST037051,0.0582,0,0
CUST003923,0.0977,0,0
CUST015998,0.2474,0,0
CUST018416,0.071,0,0
CUST005436,0.0982,0,0
CUST001389,0.1196,0,0
CUST009385,0.9006,1,0
CUST002049,0.7088,1,0
CUST046964,0.0779,0,0
CUST002231,0.0534,0,0
CUST032827,0.079,0,0
CUST012914,0.8955,1,0
CUST000123,0.3759,0,0
CUST015259,0.0474,0,0
CUST047053,0.4171,0,0
CUST008452,0.0531,0,0
CUST003811,0.8561,1,1
CUST012268,0.2294,0,0
CUST043736,0.0452,0,0
CUST002982,0.129,0,0
CUST032314,0.1036,0,0
CUST014631,0.6005,1,0
CUST015325,0.0695,0,0
CUST043714,0.2398,0,0
CUST047551,0.1048,0,0
CUST020611,0.1323,0,0
CUST044404,0.0869,0,0
CUST012917,0.1623,0,0
CUST020801,0.4417,0,0
CUST016172,0.8018,1,0
CUST035896,0.0683,0,0
CUST039136,0.0456,0,0
CUST045994,0.0614,0,0
CUST042200,0.0749,0,0
CUST002094,0.0638,0,0
CUST009029,0.166,0,0
CUST022777,0.1362,0,0
CUST039650,0.0505,0,0
CUST029511,0.1757,0,0
CUST025988,0.5396,1,0
CUST008354,0.7328,1,0
CUST013616,0.9059,1,0
CUST002161,0.0545,0,0
CUST002021,0.0748,0,0
CUST031661,0.7609,1,1
CUST044181,0.5241,1,0
CUST022399,0.2195,0,0
CUST049919,0.7302,1,0
CUST034178,0.7916,1,0
CUST001131,0.3232,0,0
CUST009662,0.4165,0,0
CUST027341,0.5794,1,0
CUST014508,0.1679,0,0
CUST011658,0.5779,1,0
CUST001193,0.0675,0,0
CUST049822,0.7129,1,0
CUST036522,0.1926,0,0
CUST028935,0.5111,1,0
CUST041880,0.069,0,0
CUST037643,0.0824,0,0
CUST003126,0.1401,0,0
CUST040442,0.1258,0,0
CUST004757,0.0635,0,0
CUST020450,0.1128,0,0
CUST012337,0.1286,0,0
CUST037422,0.8131,1,0
CUST010233,0.0785,0,0
CUST033307,0.0604,0,0
CUST046818,0.0675,0,0
CUST006429,0.3023,0,0
CUST022611,0.4511,0,0
CUST014619,0.7514,1,0
CUST010314,0.0995,0,0
CUST036749,0.4488,0,1
CUST014806,0.3373,0,0
CUST026002,0.2275,0,0
CUST043477,0.0483,0,0
CUST044871,0.8517,1,0
CUST034748,0.2003,0,0
CUST040305,0.3109,0,0
CUST006890,0.0929,0,0
CUST035031,0.1032,0,0
CUST026297,0.0978,0,0
CUST021484,0.297,0,0
CUST023008,0.4851,0,0
CUST018268,0.2277,0,0
CUST003602,0.3672,0,0
CUST022373,0.5773,1,0
CUST043874,0.058,0,0
CUST015290,0.1773,0,0
CUST049451,0.5429,1,0
CUST033820,0.1359,0,0
CUST038076,0.2114,0,0
CUST010506,0.8991,1,0
CUST025339,0.7484,1,0
CUST026763,0.5213,1,0
CUST048057,0.0733,0,0
CUST005804,0.3275,0,0
CUST034925,0.1067,0,0
CUST047120,0.8152,1,0
CUST016687,0.086,0,0
CUST032131,0.317,0,0
CUST031916,0.0528,0,0
CUST006430,0.1721,0,0
CUST016088,0.072,0,0
CUST028610,0.1073,0,0
CUST033107,0.4687,0,0
CUST026097,0.6231,1,0
CUST036946,0.1509,0,0
CUST027616,0.0524,0,0
CUST007221,0.2237,0,0
CUST002084,0.8991,1,1
CUST042710,0.166,0,0
CUST029146,0.0776,0,0
CUST021710,0.86,1,0
CUST009390,0.8916,1,1
CUST024768,0.1172,0,0
CUST046053,0.1476,0,0
CUST040107,0.1796,0,0
CUST026217,0.0826,0,0
CUST006497,0.3975,0,0
CUST022772,0.0981,0,0
CUST040922,0.0576,0,0
CUST047109,0.095,0,0
CUST005619,0.4714,0,1
CUST006238,0.8498,1,0
CUST013285,0.0613,0,0
CUST031137,0.1114,0,0
CUST016853,0.2984,0,0
CUST046318,0.4577,0,0
CUST040229,0.1517,0,0
CUST019209,0.0474,0,0
CUST012745,0.1082,0,0
CUST015590,0.096,0,0
CUST027500,0.5664,1,0
CUST013843,0.0754,0,0
CUST014249,0.2052,0,0
CUST014244,0.1083,0,0
CUST040241,0.0485,0,0
CUST016365,0.1189,0,0
CUST008819,0.0905,0,0
CUST007918,0.7852,1,0
CUST018720,0.1842,0,0
CUST047028,0.0577,0,0
CUST020622,0.1993,0,0
CUST046986,0.1119,0,0
CUST024406,0.244,0,0
CUST004786,0.0524,0,0
CUST016400,0.1052,0,0
CUST044800,0.047,0,0
CUST018561,0.3825,0,0
CUST000555,0.1328,0,0
CUST024398,0.638,1,0
CUST020388,0.0722,0,0
CUST031450,0.4264,0,0
CUST046158,0.6101,1,0
CUST012554,0.0686,0,0
CUST048559,0.1171,0,0
CUST041884,0.0431,0,0
CUST000735,0.119,0,0
CUST048273,0.112,0,0
CUST024197,0.5585,1,0
CUST036143,0.078,0,0
CUST028253,0.1016,0,0
CUST014866,0.1187,0,0
CUST024686,0.0495,0,0
CUST035802,0.2637,0,0
CUST009362,0.6561,1,0
CUST041447,0.3102,0,0
CUST017915,0.1907,0,0
CUST032165,0.0603,0,0
CUST024039,0.1603,0,0
CUST037158,0.1839,0,0
CUST044089,0.6404,1,0
CUST045086,0.2544,0,0
CUST039216,0.1189,0,0
CUST049039,0.1029,0,0
CUST039711,0.1503,0,0
CUST044123,0.3318,0,0
CUST007092,0.1317,0,0
CUST033747,0.0568,0,0
CUST027937,0.1707,0,0
CUST033305,0.4092,0,0
CUST044847,0.8991,1,0
CUST006063,0.0792,0,0
CUST035982,0.1065,0,0
CUST040368,0.4463,0,0
CUST000043,0.0497,0,0
CUST021294,0.2389,0,0
CUST031900,0.6809,1,0
CUST006899,0.247,0,0
CUST037645,0.0932,0,0
CUST035722,0.0838,0,0
CUST011704,0.1183,0,0
CUST042883,0.3081,0,0
CUST019109,0.1012,0,0
CUST041365,0.0396,0,0
CUST047310,0.1093,0,0
CUST043983,0.6005,1,0
CUST012106,0.1137,0,0
CUST047862,0.3119,0,0
CUST004707,0.2813,0,0
CUST031915,0.0859,0,0
CUST034870,0.1625,0,0
CUST049275,0.0679,0,0
CUST039072,0.2785,0,0
CUST040237,0.2969,0,0
CUST022508,0.0738,0,0
CUST010064,0.5966,1,0
CUST028243,0.5472,1,0
CUST042505,0.102,0,0
CUST023565,0.3495,0,0
CUST008864,0.2585,0,0
CUST011340,0.1814,0,0
CUST030806,0.1074,0,0
CUST038513,0.4092,0,0
CUST025193,0.0675,0,0
CUST008312,0.1554,0,0
CUST008288,0.1516,0,0
CUST049087,0.0734,0,0
CUST021931,0.2795,0,0
CUST015204,0.0573,0,0
CUST022637,0.062,0,0
CUST034404,0.2946,0,0
CUST045178,0.0907,0,0
CUST002140,0.4645,0,0
CUST038630,0.1014,0,0
CUST008291,0.0753,0,0
CUST010717,0.9294,1,0
CUST005877,0.5352,1,0
CUST009804,0.2436,0,0
CUST023503,0.8141,1,0
CUST004152,0.0958,0,0
CUST042283,0.4299,0,0
CUST005886,0.8591,1,1
CUST045512,0.1257,0,0
CUST018092,0.8202,1,0
CUST045346,0.1538,0,0
CUST028658,0.1448,0,0
CUST046330,0.0658,0,0
CUST014291,0.0636,0,0
CUST045357,0.2455,0,0
CUST023068,0.1154,0,0
CUST049530,0.1004,0,0
CUST045741,0.0557,0,0
CUST019316,0.3647,0,0
CUST004960,0.064,0,0
CUST038972,0.6427,1,0
CUST008225,0.2883,0,0
CUST001400,0.0935,0,0
CUST020125,0.8794,1,0
CUST011247,0.3859,0,0
CUST013787,0.1666,0,0
CUST006468,0.5861,1,0
CUST040937,0.4588,0,0
CUST015702,0.5646,1,0
CUST028056,0.1124,0,0
CUST032178,0.3525,0,0
CUST027352,0.5505,1,0
CUST039703,0.1351,0,0
CUST005962,0.306,0,0
CUST005730,0.0713,0,0
CUST014350,0.3474,0,0
CUST014316,0.6411,1,0
CUST002697,0.1233,0,0
CUST042379,0.1719,0,0
CUST047731,0.3504,0,0
CUST007833,0.0815,0,0
CUST034228,0.4969,0,0
CUST012976,0.852,1,0
CUST048732,0.1235,0,0
CUST047150,0.0428,0,0
CUST035199,0.0919,0,0
CUST013673,0.0488,0,0
CUST041209,0.0977,0,0
CUST029032,0.1353,0,0
CUST024420,0.5059,1,0
CUST039041,0.077,0,0
CUST032772,0.4156,0,0
CUST021082,0.0926,0,0
CUST034405,0.8323,1,1
CUST000797,0.2525,0,0
CUST039670,0.0812,0,0
CUST016716,0.1117,0,0
CUST039450,0.101,0,0
CUST036552,0.0649,0,0
CUST043810,0.876,1,0
CUST013090,0.1824,0,0
CUST037841,0.0657,0,0
CUST015980,0.118,0,0
CUST025556,0.7534,1,1
CUST016043,0.1065,0,0
CUST030373,0.5963,1,0
CUST016719,0.1712,0,0
CUST002137,0.2317,0,0
CUST033225,0.057,0,0
CUST038897,0.2019,0,0
CUST038377,0.8858,1,0
CUST022757,0.7077,1,0
CUST037005,0.0806,0,0
CUST009757,0.1094,0,0
CUST008471,0.0955,0,0
CUST029599,0.0487,0,0
CUST038956,0.1287,0,0
CUST005472,0.1106,0,0
CUST023527,0.0456,0,0
CUST049086,0.2087,0,0
CUST043032,0.0737,0,0
CUST030576,0.0412,0,0
CUST020626,0.8991,1,0
CUST013993,0.0574,0,0
CUST025377,0.8991,1,0
CUST014187,0.0675,0,0
CUST015942,0.0732,0,0
CUST005562,0.1858,0,0
CUST044215,0.2164,0,0
CUST037498,0.4289,0,0
CUST045043,0.257,0,0
CUST028600,0.4832,0,0
CUST019009,0.2423,0,0
CUST003140,0.1851,0,0
CUST014190,0.0865,0,0
CUST024741,0.8712,1,1
CUST035370,0.1429,0,0
CUST031970,0.4264,0,0
CUST006880,0.0694,0,0
CUST025873,0.3236,0,0
CUST048255,0.2655,0,0
CUST030112,0.0554,0,0
CUST035440,0.0509,0,0
CUST015870,0.1996,0,0
CUST001846,0.7457,1,0
CUST035568,0.0503,0,0
CUST035427,0.0643,0,0
CUST020600,0.1434,0,0
CUST013648,0.0568,0,0
CUST041347,0.0617,0,0
CUST041567,0.0486,0,0
CUST013825,0.1259,0,0
CUST045879,0.0748,0,0
CUST024584,0.5867,1,0
CUST031555,0.2066,0,0
CUST002520,0.0662,0,0
CUST009995,0.3316,0,0
CUST017048,0.0889,0,0
CUST017277,0.1716,0,0
CUST035086,0.219,0,0
CUST025488,0.1426,0,0
CUST030553,0.7062,1,0
CUST002596,0.0581,0,0
CUST013772,0.1202,0,0
CUST011172,0.1882,0,0
CUST027886,0.0443,0,0
CUST019519,0.0896,0,0
CUST017141,0.0802,0,0
CUST043764,0.1453,0,0
CUST029818,0.0441,0,0
CUST014408,0.0675,0,0
CUST041472,0.5963,1,0
CUST006214,0.1009,0,0
CUST023199,0.2153,0,0
CUST040802,0.1266,0,0
CUST015168,0.1,0,0
CUST017223,0.1511,0,0
CUST042002,0.0861,0,0
CUST027878,0.1299,0,0
CUST034202,0.1537,0,0
CUST035039,0.0635,0,0
CUST012219,0.092,0,0
CUST031821,0.8976,1,0
CUST031029,0.3373,0,0
CUST047096,0.1541,0,0
CUST005423,0.1688,0,0
CUST021823,0.2222,0,0
CUST032241,0.0928,0,0
CUST042723,0.7579,1,0
CUST023672,0.4452,0,0
CUST015857,0.0832,0,0
CUST034413,0.852,1,0
CUST015571,0.0395,0,0
CUST014830,0.0518,0,0
CUST015232,0.0566,0,0
CUST016300,0.8991,1,0
CUST015284,0.2031,0,0
CUST047304,0.137,0,0
CUST006925,0.0762,0,0
CUST032126,0.203,0,0
CUST003332,0.1113,0,0
CUST007999,0.0675,0,0
CUST049078,0.0415,0,0
CUST043519,0.6005,1,0
CUST003856,0.1081,0,0
CUST017212,0.1365,0,0
CUST031008,0.0677,0,0
CUST026600,0.317,0,0
CUST016401,0.0665,0,0
CUST007068,0.0488,0,0
CUST038263,0.4692,0,0
CUST012483,0.0568,0,0
CUST005518,0.3636,0,0
CUST040867,0.1269,0,0
CUST033730,0.7613,1,0
CUST019321,0.4481,0,0
CUST026691,0.5125,1,0
CUST041069,0.1047,0,0
CUST006235,0.0684,0,0
CUST036918,0.0808,0,0
CUST012457,0.852,1,1
CUST020662,0.0642,0,0
CUST012403,0.5505,1,0
CUST007424,0.0489,0,0
CUST008694,0.077,0,0
CUST045130,0.1535,0,0
CUST049135,0.5553,1,1
CUST033014,0.0633,0,0
CUST030769,0.053,0,0
CUST022860,0.4964,0,0
CUST011276,0.0557,0,0
CUST017170,0.8717,1,0
CUST046334,0.6024,1,0
CUST003345,0.3003,0,0
CUST031004,0.0976,0,0
CUST006610,0.0863,0,0
CUST022369,0.6751,1,0
CUST014567,0.2122,0,0
CUST003670,0.5232,1,0
CUST018258,0.0524,0,0
CUST024701,0.0506,0,0
CUST019568,0.9294,1,1
CUST044259,0.0556,0,0
CUST020566,0.0573,0,0
CUST015852,0.7967,1,0
CUST014500,0.1299,0,0
CUST034657,0.0617,0,0
CUST028332,0.4215,0,1
CUST001943,0.1527,0,0
CUST045493,0.0635,0,0
CUST031369,0.2645,0,0
CUST012557,0.7435,1,0
CUST025309,0.7683,1,1
CUST006604,0.3429,0,0
CUST033520,0.1117,0,0
CUST033334,0.4425,0,0
CUST026303,0.3035,0,0
CUST042264,0.071,0,0
CUST020054,0.0812,0,0
CUST002973,0.4958,0,0
CUST026767,0.0339,0,0
CUST039748,0.0912,0,0
CUST020093,0.0665,0,0
CUST035223,0.0503,0,0
CUST032312,0.1073,0,0
CUST006055,0.7424,1,0
CUST043950,0.0421,0,0
CUST020522,0.1877,0,0
CUST008815,0.0633,0,0
CUST034328,0.3928,0,0
CUST044557,0.1644,0,0
CUST031176,0.1326,0,0
CUST005179,0.0517,0,0
CUST046245,0.1298,0,0
CUST027661,0.2216,0,0
CUST005276,0.2736,0,0
CUST042999,0.0718,0,0
CUST049161,0.2807,0,0
CUST040614,0.1246,0,0
CUST030565,0.0565,0,0
CUST035826,0.039,0,0
CUST035044,0.0419,0,0
CUST039581,0.0792,0,0
CUST047075,0.0476,0,0
CUST024263,0.271,0,0
CUST003486,0.0997,0,0
CUST026402,0.3533,0,0
CUST023358,0.4488,0,0
CUST022119,0.0922,0,0
CUST001094,0.0389,0,0
CUST043052,0.0467,0,0
CUST046933,0.0805,0,0
CUST049231,0.5505,1,0
CUST031210,0.7952,1,0
CUST043840,0.3758,0,0
CUST039692,0.0796,0,0
CUST028998,0.4841,0,0
CUST048844,0.0757,0,0
CUST012674,0.0654,0,0
CUST029623,0.5734,1,0
CUST032428,0.0801,0,0
CUST047881,0.197,0,0
CUST045374,0.1179,0,0
CUST008001,0.0682,0,0
CUST019927,0.1519,0,0
CUST030490,0.0876,0,0
CUST035521,0.1268,0,0
CUST035811,0.256,0,0
CUST025602,0.4454,0,0
CUST034075,0.1763,0,0
CUST026030,0.2128,0,0
CUST002091,0.0486,0,0
CUST009238,0.0675,0,0
CUST017570,0.0858,0,0
CUST020428,0.0675,0,0
CUST035422,0.3746,0,0
CUST011266,0.219,0,0
CUST035608,0.1712,0,0
CUST039355,0.1106,0,0
CUST013970,0.1921,0,0
CUST040907,0.3481,0,0
CUST038406,0.0647,0,0
CUST002642,0.0684,0,0
CUST012995,0.336,0,0
CUST013065,0.096,0,0
CUST021870,0.0753,0,0
CUST031582,0.1417,0,0
CUST043658,0.0546,0,0
CUST028674,0.5076,1,0
CUST008418,0.5702,1,0
CUST024362,0.104,0,0
CUST023726,0.3703,0,0
CUST025075,0.1252,0,0
CUST049473,0.0601,0,0
CUST013077,0.0708,0,0
CUST005826,0.0579,0,0
CUST027550,0.0455,0,0
CUST028918,0.0565,0,0
CUST032945,0.3403,0,0
CUST027677,0.0699,0,0
CUST034281,0.7064,1,0
CUST019441,0.0887,0,0
CUST030722,0.6058,1,0
CUST042202,0.12,0,0
CUST030784,0.0635,0,0
CUST046980,0.0647,0,0
CUST012736,0.082,0,0
CUST024364,0.0528,0,0
CUST031759,0.353,0,0
CUST037548,0.773,1,0
CUST001445,0.2291,0,0
CUST006140,0.0624,0,0
CUST029380,0.1012,0,0
CUST047741,0.066,0,0
CUST001234,0.1636,0,0
CUST031693,0.118,0,0
CUST037566,0.0675,0,0
CUST049709,0.0586,0,0
CUST029748,0.1776,0,0
CUST008676,0.2027,0,0
CUST010604,0.2287,0,0
CUST049683,0.1116,0,0
CUST002192,0.0563,0,0
CUST021761,0.7181,1,0
CUST019480,0.1145,0,0
CUST023028,0.0637,0,0
CUST023473,0.6143,1,0
CUST023976,0.0368,0,0
CUST048269,0.1465,0,0
CUST023213,0.0934,0,0
CUST011009,0.1704,0,0
CUST028705,0.665,1,0
CUST025421,0.0975,0,0
CUST006253,0.0633,0,0
CUST009453,0.097,0,0
CUST030115,0.6333,1,0
CUST042073,0.2119,0,0
CUST027750,0.0748,0,0
CUST004612,0.2297,0,0
CUST044153,0.1845,0,0
CUST047800,0.0511,0,0
CUST012309,0.108,0,0
CUST041872,0.3672,0,0
CUST028294,0.4028,0,0
CUST009966,0.0593,0,0
CUST045621,0.0416,0,0
CUST005108,0.0804,0,0
CUST011989,0.0419,0,0
CUST041196,0.2418,0,0
CUST038889,0.556,1,0
CUST003367,0.0662,0,0
CUST023604,0.0653,0,0
CUST012927,0.1727,0,0
CUST025508,0.3444,0,0
CUST000978,0.0636,0,0
CUST034783,0.0604,0,0
CUST003412,0.1605,0,0
CUST011609,0.1458,0,0
CUST021694,0.0611,0,0
CUST014128,0.4843,0,0
CUST049130,0.7629,1,1
CUST040043,0.8322,1,0
CUST043554,0.0589,0,0
CUST047921,0.0698,0,0
CUST034801,0.5741,1,0
CUST045761,0.1002,0,0
CUST010287,0.1261,0,0
CUST031833,0.7349,1,1
CUST039934,0.116,0,0
CUST015568,0.0432,0,0
CUST034926,0.5026,1,0
CUST004245,0.0758,0,0
CUST033150,0.1533,0,0
CUST019066,0.0991,0,0
CUST018724,0.4706,0,0
CUST011990,0.86,1,1
CUST030842,0.063,0,0
CUST006913,0.2352,0,0
CUST000339,0.8991,1,0
CUST042348,0.1779,0,0
CUST043759,0.0391,0,0
CUST042500,0.0776,0,0
CUST010416,0.1377,0,0
CUST030011,0.1075,0,0
CUST020731,0.1934,0,0
CUST034805,0.232,0,0
CUST016525,0.0774,0,0
CUST023834,0.064,0,0
CUST028241,0.0628,0,0
CUST022466,0.1427,0,0
CUST046524,0.7314,1,0
CUST001804,0.0582,0,0
CUST018834,0.1565,0,0
CUST048425,0.0552,0,0
CUST023443,0.0859,0,0
CUST016385,0.6487,1,0
CUST010197,0.5784,1,0
CUST030497,0.1894,0,0
CUST030717,0.0626,0,0
CUST010475,0.1652,0,0
CUST036120,0.3342,0,0
CUST042350,0.0951,0,0
CUST007282,0.0649,0,0
CUST018037,0.7539,1,0
CUST014731,0.1013,0,0
CUST009975,0.0952,0,0
CUST007757,0.1901,0,0
CUST038986,0.1358,0,0
CUST027771,0.0998,0,0
CUST034148,0.1706,0,0
CUST032618,0.0624,0,0
CUST006147,0.0927,0,0
CUST012569,0.1195,0,0
CUST020149,0.5484,1,0
CUST000469,0.5046,1,0
CUST038360,0.4822,0,0
CUST042617,0.0881,0,0
CUST012145,0.5972,1,0
CUST004685,0.0999,0,0
CUST027158,0.3805,0,0
CUST031377,0.0767,0,0
CUST017135,0.0651,0,0
CUST023435,0.9006,1,0
CUST034189,0.8971,1,0
CUST020602,0.0566,0,0
CUST029048,0.1277,0,0
CUST015377,0.0945,0,0
CUST049781,0.0955,0,0
CUST031422,0.1675,0,0
CUST018104,0.092,0,0
CUST015918,0.153,0,0
CUST019232,0.8858,1,1
CUST003193,0.8322,1,0
CUST033921,0.0605,0,0
CUST042843,0.0957,0,0
CUST042805,0.6338,1,0
CUST035880,0.0526,0,0
CUST025999,0.0753,0,0
CUST040533,0.8892,1,0
CUST010065,0.054,0,0
CUST033515,0.3658,0,0
CUST036936,0.4425,0,0
CUST020798,0.0581,0,0
CUST033381,0.7809,1,0
CUST046180,0.2766,0,0
CUST023039,0.0596,0,0
CUST027105,0.1067,0,0
CUST011538,0.0514,0,0
CUST005232,0.0963,0,0
CUST002214,0.1706,0,0
CUST013021,0.0661,0,0
CUST047435,0.0554,0,0
CUST038732,0.0801,0,0
CUST038267,0.1812,0,0
CUST031244,0.0964,0,0
CUST037811,0.0857,0,0
CUST030608,0.3672,0,0
CUST010318,0.8383,1,0
CUST005666,0.0592,0,0
CUST007961,0.0675,0,0
CUST044492,0.2227,0,0
CUST039345,0.1126,0,0
CUST038298,0.0841,0,0
CUST031928,0.5979,1,0
CUST025928,0.0547,0,0
CUST025033,0.9006,1,0
CUST022216,0.833,1,0
CUST005615,0.0808,0,0
CUST025613,0.473,0,0
CUST004305,0.0885,0,0
CUST032628,0.1541,0,0
CUST026013,0.8253,1,1
CUST028593,0.3913,0,0
CUST024464,0.8626,1,1
CUST013733,0.0982,0,0
CUST045108,0.8156,1,0
CUST015939,0.3117,0,0
CUST014559,0.068,0,0
CUST020979,0.0849,0,0
CUST033782,0.0675,0,0
CUST015143,0.1328,0,0
CUST044074,0.7908,1,0
CUST021359,0.0787,0,0
CUST044597,0.1048,0,0
CUST025367,0.2837,0,0
CUST046341,0.0922,0,0
CUST000167,0.0954,0,0
CUST026730,0.1127,0,0
CUST000874,0.3742,0,0
CUST020829,0.1058,0,0
CUST037046,0.8732,1,0
CUST022653,0.6451,1,0
CUST018473,0.158,0,0
CUST032473,0.2132,0,0
CUST042269,0.2378,0,0
CUST008302,0.1253,0,0
CUST048367,0.8971,1,0
CUST032039,0.3355,0,0
CUST030770,0.1604,0,0
CUST047280,0.3702,0,0
CUST007500,0.0458,0,0
CUST034017,0.0996,0,0
CUST003133,0.3398,0,0
CUST035990,0.0859,0,0
CUST048780,0.0853,0,0
CUST018088,0.0796,0,0
CUST025436,0.1307,0,0
CUST046884,0.0632,0,0
CUST047453,0.1277,0,0
CUST004168,0.8821,1,0
CUST005984,0.905,1,0
CUST043271,0.1091,0,0
CUST020946,0.7635,1,0
CUST000286,0.1117,0,0
CUST035402,0.7283,1,0
CUST042361,0.1341,0,0
CUST022535,0.1186,0,0
CUST000450,0.6386,1,0
CUST017533,0.2547,0,0
CUST016312,0.065,0,0
CUST006090,0.3156,0,0
CUST047370,0.5673,1,0
CUST024608,0.0927,0,0
CUST004572,0.0885,0,0
CUST040978,0.5963,1,0
CUST000054,0.0489,0,0
CUST022883,0.1149,0,0
CUST046952,0.7078,1,1
CUST011180,0.7567,1,0
CUST008321,0.0745,0,0
CUST004359,0.2679,0,0
CUST020820,0.3737,0,0
CUST022313,0.1077,0,0
CUST009870,0.0538,0,0
CUST039467,0.0557,0,0
CUST033569,0.1285,0,0
CUST043534,0.5963,1,0
CUST019794,0.3797,0,0
CUST021152,0.0589,0,0
CUST036261,0.0431,0,0
CUST024324,0.118,0,0
CUST000628,0.3235,0,0
CUST030773,0.8133,1,0
CUST010355,0.0823,0,0
CUST000996,0.1156,0,0
CUST019665,0.5945,1,0
CUST024918,0.0532,0,0
CUST007779,0.0675,0,0
CUST017810,0.4795,0,0
CUST031108,0.3035,0,0
CUST005658,0.0426,0,0
CUST015322,0.288,0,0
CUST035993,0.1137,0,0
CUST005228,0.0944,0,0
CUST020329,0.0561,0,0
CUST016505,0.0845,0,0
CUST013351,0.1799,0,0
CUST005669,0.7684,1,0
CUST017445,0.771,1,1
CUST031109,0.4053,0,0
CUST003593,0.0646,0,0
CUST038758,0.0765,0,0
CUST031806,0.1799,0,0
CUST013838,0.1114,0,0
CUST019654,0.3703,0,0
CUST004020,0.0501,0,0
CUST000843,0.1927,0,0
CUST030174,0.1727,0,0
CUST042144,0.1162,0,0
CUST003924,0.0829,0,0
CUST036478,0.0671,0,0
CUST007030,0.0657,0,0
CUST039463,0.0698,0,0
CUST000269,0.0789,0,0
CUST026244,0.1769,0,0
CUST008751,0.2122,0,0
CUST010250,0.2362,0,0
CUST007971,0.6498,1,0
CUST019880,0.5406,1,0
CUST035180,0.8887,1,1
CUST036557,0.8738,1,0
CUST000692,0.2295,0,0
CUST010749,0.2633,0,0
CUST023453,0.1407,0,0
CUST001475,0.0741,0,0
CUST020011,0.6005,1,0
CUST007158,0.7342,1,0
CUST047316,0.1798,0,0
CUST030472,0.1475,0,0
CUST038491,0.0492,0,0
CUST040252,0.0458,0,0
CUST039818,0.5735,1,0
CUST011803,0.0513,0,0
CUST036418,0.0506,0,0
CUST008317,0.055,0,0
CUST035693,0.1379,0,0
CUST019849,0.0769,0,0
CUST012285,0.0776,0,0
CUST041992,0.1189,0,0
CUST046427,0.1018,0,0
CUST002770,0.0522,0,0
CUST046523,0.1144,0,0
CUST025442,0.5628,1,0
CUST038496,0.0697,0,0
CUST002926,0.1,0,0
CUST025603,0.5717,1,0
CUST031353,0.0664,0,0
CUST003642,0.1241,0,0
CUST032002,0.9231,1,0
CUST032123,0.1014,0,0
CUST046496,0.0824,0,0
CUST027862,0.0507,0,0
CUST017942,0.8102,1,0
CUST021289,0.1045,0,0
CUST011630,0.105,0,0
CUST039852,0.4486,0,0
CUST015970,0.0767,0,0
CUST046669,0.1369,0,0
CUST049492,0.119,0,0
CUST034779,0.0571,0,0
CUST037231,0.208,0,0
CUST031590,0.132,0,0
CUST034429,0.1019,0,0
CUST008963,0.2358,0,0
CUST029045,0.0659,0,0
CUST023182,0.1461,0,0
CUST008545,0.23,0,0
CUST008208,0.6653,1,0
CUST040767,0.092,0,0
CUST016166,0.341,0,0
CUST029372,0.8873,1,1
CUST035432,0.341,0,0
CUST012102,0.1385,0,0
CUST037871,0.3126,0,0
CUST010086,0.1357,0,0
CUST048101,0.0605,0,0
CUST032212,0.1004,0,0
CUST028041,0.1536,0,0
CUST018109,0.3393,0,0
CUST036283,0.3758,0,0
CUST013814,0.0753,0,0
CUST027896,0.1424,0,0
CUST035016,0.2126,0,0
CUST009586,0.5977,1,1
CUST023837,0.9294,1,1
CUST026618,0.1416,0,0
CUST034752,0.852,1,1
CUST009009,0.1044,0,0
CUST020400,0.1006,0,0
CUST003368,0.3056,0,0
CUST044246,0.097,0,0
CUST025895,0.0825,0,0
CUST037810,0.1375,0,0
CUST009289,0.8018,1,0
CUST048544,0.6512,1,0
CUST016431,0.2424,0,0
CUST025860,0.433,0,0
CUST048382,0.1796,0,0
CUST011541,0.114,0,0
CUST001987,0.053,0,0
CUST032383,0.0971,0,0
CUST047691,0.0833,0,0
CUST008280,0.0476,0,0
CUST023723,0.887,1,0
CUST005613,0.7998,1,0
CUST030976,0.3792,0,0
CUST042571,0.1979,0,0
CUST009062,0.2463,0,0
CUST007196,0.3715,0,0
CUST045110,0.852,1,1
CUST015013,0.0675,0,0
CUST020224,0.1702,0,0
CUST006684,0.6066,1,0
CUST043300,0.7163,1,0
CUST018121,0.1337,0,0
CUST044155,0.409,0,0
CUST045988,0.6789,1,0
CUST026789,0.872,1,0
CUST011229,0.0494,0,0
CUST036625,0.1071,0,0
CUST030462,0.5082,1,0
CUST021562,0.1956,0,0
CUST037014,0.1028,0,0
CUST048052,0.0674,0,0
CUST024834,0.7608,1,0
CUST033899,0.082,0,0
CUST042606,0.0969,0,0
CUST013587,0.391,0,0
CUST028095,0.2408,0,0
CUST035157,0.1719,0,0
CUST039124,0.8575,1,0
CUST008126,0.2409,0,0
CUST015660,0.0575,0,0
CUST020255,0.0775,0,0
CUST019923,0.0527,0,0
CUST017115,0.1644,0,0
CUST040523,0.67,1,0
CUST011977,0.6858,1,1
CUST011837,0.0419,0,0
CUST038954,0.0781,0,0
CUST011310,0.1512,0,0
CUST027721,0.6878,1,1
CUST018266,0.0511,0,0
CUST035626,0.5641,1,0
CUST012455,0.1378,0,0
CUST012959,0.6205,1,0
CUST024809,0.3708,0,0
CUST018290,0.1624,0,0
CUST036405,0.178,0,0
CUST030038,0.3115,0,0
CUST017144,0.7631,1,1
CUST037050,0.0876,0,0
CUST038378,0.7992,1,0
CUST037656,0.0843,0,0
CUST003168,0.3064,0,0
CUST000815,0.0927,0,0
CUST028987,0.5963,1,0
CUST030058,0.0721,0,0
CUST013109,0.8935,1,1
CUST004652,0.5963,1,0
CUST013010,0.119,0,0
CUST031935,0.1117,0,0
CUST012788,0.1064,0,0
CUST046454,0.0696,0,0
CUST001504,0.0433,0,0
CUST023605,0.0776,0,0
CUST034993,0.1783,0,0
CUST037577,0.7731,1,0
CUST000509,0.4835,0,0
CUST032133,0.8969,1,1
CUST027379,0.1076,0,0
CUST002569,0.2199,0,0
CUST014708,0.0957,0,0
CUST030941,0.2223,0,0
CUST024666,0.0365,0,0
CUST029912,0.6473,1,0
CUST023156,0.1453,0,0
CUST017342,0.7908,1,0
CUST021607,0.0731,0,0
CUST000559,0.0923,0,0
CUST018518,0.2637,0,0
CUST017724,0.0719,0,0
CUST041691,0.8739,1,0
CUST049123,0.1146,0,0
CUST023936,0.1855,0,0
CUST039244,0.4276,0,0
CUST004887,0.0423,0,0
CUST011607,0.1876,0,0
CUST047939,0.5963,1,0
CUST023476,0.0668,0,0
CUST001411,0.1375,0,0
CUST022056,0.7531,1,0
CUST033155,0.5607,1,0
CUST015682,0.1288,0,0
CUST045458,0.8117,1,0
CUST046324,0.0609,0,0
CUST044007,0.2064,0,0
CUST018459,0.731,1,0
CUST005919,0.3822,0,0
CUST022367,0.0639,0,0
CUST004480,0.0552,0,0
CUST008922,0.8974,1,0
CUST024348,0.4569,0,0
CUST045684,0.0746,0,0
CUST023105,0.0497,0,0
CUST042194,0.0571,0,0
CUST028647,0.0529,0,0
CUST025463,0.6095,1,1
CUST004007,0.1356,0,0
CUST039020,0.2027,0,0
CUST028699,0.8488,1,0
CUST034399,0.0459,0,0
CUST011996,0.197,0,0
CUST006737,0.0495,0,0
CUST036060,0.4513,0,0
CUST046826,0.0675,0,0
CUST016479,0.1673,0,0
CUST013479,0.4145,0,0
CUST043700,0.0833,0,0
CUST020614,0.2267,0,0
CUST003819,0.0675,0,0
CUST037152,0.1965,0,0
CUST006968,0.9039,1,0
CUST008919,0.1061,0,0
CUST014790,0.0555,0,0
CUST007958,0.066,0,0
CUST003776,0.1059,0,0
CUST008924,0.155,0,0
CUST010617,0.0738,0,0
CUST009358,0.0849,0,0
CUST034890,0.8283,1,0
CUST039539,0.9042,1,1
CUST038764,0.2175,0,0
CUST000717,0.0711,0,0
CUST028916,0.0675,0,0
CUST010284,0.0726,0,0
CUST025006,0.1834,0,0
CUST034275,0.1014,0,0
CUST029576,0.0861,0,0
CUST016600,0.1719,0,0
CUST006540,0.0507,0,0
CUST014919,0.0515,0,0
CUST027226,0.4215,0,0
CUST008204,0.112,0,0
CUST014764,0.0691,0,0
CUST008592,0.5912,1,0
CUST030430,0.7477,1,0
CUST013290,0.8991,1,0
CUST047704,0.2565,0,0
CUST001702,0.6419,1,0
CUST020067,0.4043,0,0
CUST008165,0.062,0,0
CUST003467,0.071,0,0
CUST035160,0.0895,0,0
CUST033633,0.4425,0,0
CUST017952,0.048,0,0
CUST024378,0.3566,0,0
CUST007992,0.059,0,0
CUST044501,0.0607,0,0
CUST012819,0.0573,0,0
CUST046698,0.4147,0,0
CUST004241,0.0526,0,0
CUST039105,0.0663,0,0
CUST018953,0.4974,0,0
CUST003870,0.0602,0,0
CUST011743,0.1337,0,0
CUST020289,0.1876,0,0
CUST041581,0.5095,1,0
CUST016089,0.8297,1,0
CUST044641,0.0753,0,0
CUST028564,0.0629,0,0
CUST024709,0.8231,1,0
CUST007111,0.9033,1,0
CUST026342,0.1596,0,0
CUST040563,0.0513,0,0
CUST043922,0.0468,0,0
CUST036276,0.0845,0,0
CUST043084,0.0675,0,0
CUST039194,0.0402,0,0
CUST029740,0.0987,0,0
CUST040833,0.4144,0,0
CUST004322,0.4104,0,0
CUST013617,0.8342,1,0
CUST010302,0.0801,0,0
CUST038475,0.1422,0,0
CUST021354,0.0887,0,0
CUST031107,0.0776,0,0
CUST001587,0.1681,0,0
CUST035075,0.5523,1,0
CUST014599,0.0665,0,0
CUST004838,0.4906,0,0
CUST027034,0.3597,0,0
CUST008824,0.7241,1,0
CUST026420,0.5673,1,0
CUST022696,0.1297,0,0
CUST008998,0.8018,1,1
CUST000386,0.0649,0,0
CUST007689,0.114,0,0
CUST020086,0.0549,0,0
CUST005600,0.0862,0,0
CUST037138,0.0944,0,0
CUST024025,0.2376,0,0
CUST045610,0.1196,0,0
CUST039746,0.07,0,0
CUST021525,0.087,0,0
CUST008467,0.1576,0,0
CUST011136,0.5076,1,0
CUST030524,0.6043,1,0
CUST015659,0.0625,0,0
CUST049503,0.4563,0,0
CUST037959,0.0842,0,0
CUST048482,0.0804,0,0
CUST037074,0.1611,0,0
CUST018024,0.0423,0,0
CUST048842,0.7337,1,0
CUST030627,0.2371,0,0
CUST003714,0.078,0,0
CUST020858,0.0649,0,0
CUST029190,0.0829,0,0
CUST034179,0.1369,0,0
CUST007356,0.1417,0,0
CUST040032,0.0637,0,0
CUST021879,0.8495,1,0
CUST011297,0.0675,0,0
CUST032883,0.1196,0,0
CUST035637,0.2548,0,0
CUST029620,0.0675,0,0
CUST043442,0.2205,0,0
CUST042223,0.044,0,0
CUST011109,0.0691,0,0
CUST015391,0.6789,1,0
CUST033446,0.1003,0,0
CUST039207,0.8991,1,1
CUST001636,0.1854,0,0
CUST032585,0.7806,1,0
CUST019670,0.0604,0,0
CUST005770,0.7408,1,0
CUST025142,0.0945,0,0
CUST002517,0.0832,0,0
CUST038548,0.0832,0,0
CUST005840,0.1065,0,0
CUST001774,0.7055,1,0
CUST012919,0.0858,0,0
CUST020813,0.0821,0,0
CUST046399,0.0675,0,0
CUST029404,0.109,0,0
CUST047432,0.0938,0,0
CUST003498,0.8096,1,0
CUST015836,0.1607,0,0
CUST029593,0.0675,0,0
CUST024497,0.0508,0,0
CUST029494,0.0838,0,0
CUST001578,0.0897,0,0
CUST027410,0.0962,0,0
CUST000189,0.7215,1,0
CUST010827,0.5291,1,0
CUST021106,0.0418,0,0
CUST006489,0.3232,0,0
CUST035423,0.067,0,0
CUST031217,0.1983,0,0
CUST029887,0.1567,0,0
CUST017635,0.121,0,0
CUST049205,0.0753,0,0
CUST006395,0.8188,1,0
CUST019320,0.2455,0,0
CUST024867,0.1709,0,0
CUST030548,0.7342,1,0
CUST026213,0.0715,0,0
CUST037116,0.0793,0,0
CUST015335,0.6766,1,0
CUST033534,0.0475,0,0
CUST006132,0.048,0,0
CUST022762,0.2005,0,0
CUST034077,0.0849,0,0
CUST011134,0.1378,0,0
CUST042325,0.0791,0,0
CUST011098,0.2299,0,0
CUST009293,0.7366,1,0
CUST023812,0.0631,0,0
CUST035985,0.4231,0,0
CUST047079,0.0546,0,0
CUST008654,0.0784,0,0
CUST045881,0.0539,0,0
CUST030152,0.0395,0,0
CUST020661,0.4335,0,0
CUST001009,0.0924,0,0
CUST026347,0.7188,1,0
CUST038564,0.1234,0,0
CUST048343,0.1732,0,0
CUST012190,0.3127,0,0
CUST001639,0.0794,0,0
CUST034761,0.1185,0,0
CUST042199,0.4425,0,0
CUST045925,0.11,0,0
CUST045473,0.4405,0,0
CUST027785,0.089,0,0
CUST003552,0.0443,0,0
CUST034579,0.0754,0,0
CUST018450,0.182,0,0
CUST037010,0.059,0,0
CUST026870,0.2123,0,0
CUST031991,0.7625,1,0
CUST011861,0.0444,0,0
CUST037420,0.0675,0,0
CUST012054,0.852,1,0
CUST003000,0.2991,0,0
CUST044836,0.1405,0,0
CUST004380,0.0534,0,0
CUST002759,0.0615,0,0
CUST002233,0.075,0,0
CUST000372,0.4022,0,0
CUST043781,0.3736,0,0
CUST001740,0.1207,0,0
CUST018381,0.1289,0,0
CUST030900,0.7591,1,0
CUST045517,0.1833,0,0
CUST033202,0.0651,0,0
CUST020497,0.0911,0,0
CUST044898,0.6422,1,0
CUST017471,0.1861,0,0
CUST032091,0.8253,1,0
CUST021943,0.0653,0,0
CUST032266,0.212,0,0
CUST006747,0.2268,0,0
CUST005018,0.2535,0,0
CUST024699,0.1967,0,0
CUST018150,0.1009,0,0
CUST004281,0.1889,0,0
CUST009962,0.5142,1,0
CUST040204,0.5122,1,0
CUST011914,0.1196,0,0
CUST000419,0.0557,0,0
CUST044680,0.0996,0,0
CUST023526,0.0498,0,0
CUST030116,0.364,0,0
CUST043272,0.3772,0,0
CUST036603,0.1688,0,0
CUST004212,0.0648,0,0
CUST002064,0.7814,1,0
CUST007802,0.6367,1,0
CUST002964,0.0417,0,0
CUST006226,0.848,1,0
CUST048448,0.0735,0,0
CUST028481,0.763,1,0
CUST030555,0.108,0,0
CUST003221,0.0751,0,0
CUST000757,0.8939,1,1
CUST020834,0.2717,0,0
CUST009148,0.1365,0,0
CUST045800,0.1279,0,0
CUST014304,0.8561,1,0
CUST023585,0.1048,0,0
CUST007004,0.1843,0,0
CUST041484,0.5361,1,0
CUST045524,0.1412,0,0
CUST005625,0.0651,0,0
CUST040271,0.6143,1,0
CUST044798,0.0965,0,0
CUST013186,0.4136,0,0
CUST046016,0.2455,0,0
CUST022814,0.2418,0,0
CUST000896,0.0659,0,0
CUST045770,0.2025,0,0
CUST044169,0.1068,0,0
CUST005066,0.2082,0,0
CUST033531,0.0619,0,0
CUST047748,0.0903,0,0
CUST006908,0.6345,1,0
CUST021615,0.0385,0,0
CUST042036,0.0469,0,0
CUST029922,0.4563,0,0
CUST035400,0.1033,0,0
CUST036818,0.8018,1,0
CUST032174,0.1192,0,0
CUST002498,0.1491,0,0
CUST027042,0.5396,1,0
CUST009536,0.0559,0,0
CUST026710,0.8712,1,1
CUST003961,0.0852,0,0
CUST025327,0.0732,0,0
CUST044137,0.0886,0,0
CUST033290,0.0452,0,0
CUST033554,0.1267,0,0
CUST026089,0.8165,1,0
CUST036906,0.1414,0,0
CUST020247,0.5462,1,0
CUST019954,0.1167,0,0
CUST013686,0.1851,0,0
CUST044894,0.7916,1,0
CUST021973,0.3395,0,0
CUST046026,0.0557,0,0
CUST024316,0.1401,0,0
CUST019890,0.0777,0,0
CUST030956,0.228,0,0
CUST021125,0.1398,0,0
CUST007492,0.1372,0,0
CUST033640,0.0675,0,0
CUST023848,0.2081,0,0
CUST022889,0.2283,0,0
CUST003203,0.0667,0,0
CUST029889,0.0561,0,0
CUST034434,0.0664,0,0
CUST047540,0.5455,1,0
CUST021422,0.3485,0,0
CUST045145,0.4617,0,0
CUST017285,0.4968,0,0
CUST019761,0.1012,0,0
CUST037998,0.1247,0,0
CUST011855,0.2,0,0
CUST025196,0.1644,0,0
CUST046844,0.3389,0,0
CUST024163,0.0647,0,0
CUST009472,0.129,0,0
CUST013923,0.3183,0,0
CUST011565,0.3289,0,0
CUST020581,0.0422,0,0
CUST018830,0.0753,0,0
CUST021027,0.1152,0,0
CUST035954,0.0783,0,0
CUST049420,0.0743,0,0
CUST017470,0.6021,1,1
CUST000643,0.171,0,0
CUST027643,0.1181,0,0
CUST017038,0.4853,0,0
CUST042865,0.3575,0,0
CUST036357,0.0753,0,0
CUST044951,0.8074,1,0
CUST030570,0.0662,0,0
CUST030560,0.1019,0,0
CUST002134,0.0716,0,0
CUST039144,0.0858,0,0
CUST028138,0.1282,0,0
CUST007614,0.0535,0,0
CUST040764,0.0999,0,0
CUST008239,0.0913,0,0
CUST012774,0.1299,0,0
CUST042126,0.8556,1,1
CUST024778,0.3389,0,0
CUST029616,0.0863,0,0
CUST029302,0.0385,0,0
CUST019168,0.3378,0,0
CUST028275,0.7067,1,0
CUST028686,0.4706,0,0
CUST025509,0.0669,0,0
CUST003919,0.1036,0,0
CUST031192,0.8629,1,0
CUST016162,0.4082,0,0
CUST023013,0.465,0,0
CUST040317,0.261,0,0
CUST033315,0.5482,1,0
CUST044177,0.1129,0,0
CUST043314,0.0532,0,0
CUST041451,0.1212,0,0
CUST044144,0.1688,0,0
CUST023216,0.6641,1,0
CUST029600,0.1206,0,0
CUST037024,0.0519,0,0
CUST016107,0.172,0,0
CUST026796,0.1132,0,0
CUST046215,0.0705,0,0
CUST019842,0.077,0,0
CUST023101,0.0731,0,0
CUST045048,0.2154,0,0
CUST023566,0.5119,1,0
CUST041995,0.4184,0,0
CUST012998,0.3323,0,0
CUST023896,0.1105,0,0
CUST044905,0.0904,0,0
CUST019412,0.7916,1,0
CUST039744,0.0636,0,0
CUST001788,0.0832,0,0
CUST008490,0.8861,1,1
CUST049101,0.186,0,0
CUST014394,0.1096,0,0
CUST013501,0.4379,0,0
CUST005145,0.2937,0,0
CUST047991,0.1655,0,0
CUST019989,0.8412,1,0
CUST009105,0.0543,0,0
CUST005332,0.6005,1,0
CUST038301,0.8697,1,1
CUST029094,0.0667,0,0
CUST033501,0.0745,0,0
CUST039143,0.0803,0,0
CUST036658,0.0675,0,0
CUST022530,0.0456,0,0
CUST048538,0.0949,0,0
CUST043330,0.3246,0,0
CUST040735,0.6005,1,0
CUST030280,0.1565,0,0
CUST049981,0.8991,1,0
CUST043671,0.0997,0,0
CUST049410,0.0686,0,0
CUST048845,0.4076,0,0
CUST020276,0.0957,0,0
CUST002552,0.6709,1,0
CUST013659,0.0707,0,0
CUST020711,0.5628,1,1
CUST047033,0.122,0,0
CUST000226,0.2123,0,0
CUST016169,0.0635,0,0
CUST045402,0.0525,0,0
CUST018547,0.0517,0,0
CUST024738,0.1392,0,0
CUST037003,0.2537,0,0
CUST000188,0.0418,0,0
CUST046441,0.1196,0,0
CUST036973,0.0707,0,0
CUST028538,0.8974,1,0
CUST016023,0.1306,0,0
CUST024260,0.0656,0,0
CUST016455,0.0589,0,0
CUST026863,0.082,0,0
CUST035009,0.2131,0,0
CUST020251,0.2813,0,0
CUST000150,0.5216,1,0
CUST042257,0.0581,0,0
CUST015410,0.0669,0,0
CUST003374,0.5649,1,0
CUST047690,0.3356,0,0
CUST008464,0.7491,1,0
CUST027111,0.6638,1,0
CUST029420,0.1969,0,0
CUST046398,0.7752,1,0
CUST022756,0.5396,1,0
CUST008474,0.118,0,0
CUST040908,0.2371,0,0
CUST030888,0.0924,0,0
CUST038537,0.0665,0,0
CUST037115,0.0799,0,0
CUST032995,0.5794,1,0
CUST009117,0.5719,1,0
CUST042386,0.3943,0,0
CUST017425,0.0844,0,0
CUST031117,0.1117,0,0
CUST012940,0.0404,0,0
CUST021534,0.2421,0,0
CUST046535,0.075,0,0
CUST011478,0.7601,1,0
CUST038541,0.2811,0,0
CUST021743,0.3607,0,0
CUST004170,0.6949,1,0
CUST039231,0.0948,0,0
CUST012970,0.8974,1,1
CUST026522,0.1205,0,0
CUST005153,0.2856,0,0
CUST016583,0.0869,0,0
CUST031922,0.1886,0,0
CUST044866,0.5482,1,0
CUST037984,0.073,0,0
CUST027869,0.1206,0,0
CUST004156,0.0879,0,0
CUST014990,0.1485,0,0
CUST021651,0.0897,0,0
CUST042458,0.3712,0,0
CUST008533,0.8837,1,0
CUST017597,0.1147,0,0
CUST002280,0.0834,0,0
CUST030720,0.0679,0,0
CUST030685,0.3726,0,0
CUST030460,0.8464,1,0
CUST020821,0.099,0,0
CUST040693,0.0837,0,0
CUST024981,0.0503,0,0
CUST036428,0.0611,0,0
CUST023536,0.0587,0,0
CUST024478,0.1834,0,0
CUST012928,0.0459,0,0
CUST044030,0.1329,0,0
CUST037569,0.1217,0,0
CUST001149,0.0882,0,0
CUST019970,0.6239,1,0
CUST018897,0.0722,0,0
CUST029870,0.123,0,0
CUST011197,0.1047,0,0
CUST001015,0.3147,0,0
CUST004668,0.0704,0,0
CUST033126,0.0775,0,0
CUST033524,0.053,0,0
CUST046773,0.5356,1,1
CUST046065,0.2299,0,0
CUST010636,0.3703,0,0
CUST039405,0.0565,0,0
CUST020541,0.1464,0,0
CUST040131,0.1943,0,0
CUST025438,0.0534,0,0
CUST020447,0.6192,1,0
CUST003605,0.311,0,0
CUST040146,0.1024,0,0
CUST021183,0.0827,0,0
CUST044366,0.2499,0,0
CUST028300,0.0999,0,0
CUST034948,0.0418,0,0
CUST010145,0.1307,0,0
CUST028752,0.3975,0,0
CUST044920,0.1877,0,0
CUST048403,0.2379,0,0
CUST017750,0.5697,1,0
CUST010207,0.5076,1,0
CUST042236,0.4773,0,0
CUST041682,0.5036,1,0
CUST025977,0.1014,0,0
CUST030727,0.0691,0,0
CUST047282,0.3827,0,0
CUST007776,0.433,0,0
CUST015424,0.0751,0,0
CUST025493,0.1661,0,0
CUST023768,0.0972,0,0
CUST006755,0.0415,0,0
CUST041464,0.048,0,0
CUST010714,0.035,0,0
CUST039473,0.0618,0,0
CUST004820,0.0675,0,0
CUST029479,0.8367,1,0
CUST030283,0.793,1,0
CUST011975,0.0607,0,0
CUST045664,0.0588,0,0
CUST005811,0.0911,0,0
CUST049122,0.0883,0,0
CUST006639,0.3142,0,0
CUST029895,0.2238,0,0
CUST010822,0.2121,0,0
CUST015968,0.6368,1,0
CUST004349,0.1553,0,0
CUST023722,0.5859,1,0
CUST008953,0.1673,0,0
CUST047936,0.0695,0,0
CUST049447,0.5465,1,0
CUST047473,0.2474,0,0
CUST005787,0.1706,0,0
CUST007427,0.4319,0,0
CUST015820,0.3196,0,0
CUST006088,0.0557,0,0
CUST017514,0.2982,0,0
CUST006478,0.0765,0,0
CUST016240,0.1786,0,0
CUST029718,0.904,1,1
CUST011046,0.1681,0,0
CUST046472,0.1583,0,0
CUST021086,0.0433,0,0
CUST039878,0.8481,1,1
CUST016827,0.4004,0,0
CUST029882,0.2559,0,0
CUST037452,0.8338,1,0
CUST002960,0.1787,0,0
CUST027746,0.0649,0,0
CUST010590,0.6316,1,0
CUST035951,0.1177,0,0
CUST018843,0.3727,0,0
CUST040572,0.3013,0,0
CUST002571,0.1074,0,0
CUST049434,0.0397,0,0
CUST015962,0.2532,0,0
CUST024332,0.1298,0,0
CUST048243,0.0428,0,0
CUST048922,0.0658,0,0
CUST000173,0.1109,0,0
CUST000689,0.0485,0,0
CUST008727,0.0731,0,0
CUST016946,0.1827,0,0
CUST000695,0.0753,0,0
CUST014856,0.1038,0,0
CUST000667,0.1762,0,0
CUST011334,0.1024,0,0
CUST048821,0.1207,0,0
CUST040983,0.1665,0,0
CUST034469,0.0628,0,0
CUST029398,0.1031,0,0
CUST012400,0.2252,0,0
CUST017821,0.3672,0,0
CUST043156,0.1085,0,0
CUST037410,0.0908,0,0
CUST043856,0.1952,0,0
CUST005470,0.6675,1,1
CUST048353,0.0653,0,0
CUST010782,0.775,1,0
CUST040418,0.1573,0,0
CUST024536,0.2268,0,0
CUST047784,0.3882,0,0
CUST032402,0.173,0,0
CUST022406,0.0618,0,0
CUST033676,0.0737,0,0
CUST009066,0.1818,0,0
CUST027775,0.1652,0,0
CUST021344,0.1776,0,0
CUST046157,0.2181,0,0
CUST021126,0.6583,1,1
CUST025978,0.1167,0,0
CUST047266,0.6926,1,0
CUST043514,0.1009,0,0
CUST048018,0.0981,0,0
CUST025693,0.7952,1,0
CUST048773,0.0553,0,0
CUST006990,0.5912,1,0
CUST036569,0.2284,0,0
CUST016310,0.0729,0,0
CUST020843,0.1954,0,0
CUST034828,0.1495,0,0
CUST010626,0.0475,0,0
CUST005964,0.162,0,0
CUST035930,0.05,0,0
CUST025395,0.1337,0,0
CUST034565,0.1571,0,0
CUST008335,0.3081,0,0
CUST029679,0.8321,1,0
CUST031731,0.1115,0,0
CUST021157,0.0717,0,0
CUST032579,0.0797,0,0
CUST034087,0.0682,0,0
CUST010737,0.4445,0,0
CUST001414,0.0363,0,0
CUST005294,0.0779,0,0
CUST014784,0.0627,0,0
CUST024489,0.1076,0,0
CUST034131,0.4425,0,0
CUST036294,0.1,0,0
CUST002455,0.4591,0,0
CUST004523,0.8322,1,0
CUST007485,0.0615,0,0
CUST026193,0.106,0,0
CUST011883,0.1344,0,0
CUST032066,0.056,0,0
CUST033270,0.1513,0,0
CUST030221,0.3696,0,0
CUST036751,0.2776,0,0
CUST002082,0.1235,0,0
CUST043078,0.9115,1,1
CUST047118,0.0684,0,0
CUST048006,0.124,0,0
CUST023317,0.1001,0,0
CUST022705,0.1917,0,0
CUST013782,0.2493,0,0
CUST043222,0.1337,0,0
CUST008332,0.1241,0,0
CUST022534,0.0893,0,0
CUST039408,0.5245,1,0
CUST000781,0.458,0,0
CUST032162,0.0961,0,0
CUST006764,0.1845,0,0
CUST039902,0.1366,0,0
CUST023202,0.038,0,0
CUST040021,0.0928,0,0
CUST004416,0.1046,0,0
CUST024097,0.1868,0,0
CUST047855,0.0753,0,0
CUST011599,0.6603,1,0
CUST009509,0.3696,0,0
CUST003671,0.0675,0,0
CUST001011,0.0675,0,0
CUST008196,0.8289,1,0
CUST015989,0.1576,0,0
CUST047815,0.0801,0,0
CUST035974,0.0396,0,0
CUST036558,0.4849,0,0
CUST036121,0.6905,1,0
CUST032638,0.0645,0,0
CUST015977,0.1933,0,0
CUST049775,0.042,0,0
CUST021569,0.054,0,0
CUST036461,0.107,0,0
CUST009433,0.3841,0,0
CUST018652,0.2062,0,0
CUST009039,0.0618,0,0
CUST014965,0.1926,0,0
CUST032398,0.1313,0,0
CUST031470,0.2306,0,0
CUST020575,0.1079,0,0
CUST044136,0.0902,0,0
CUST037565,0.4172,0,0
CUST033208,0.0519,0,0
CUST019541,0.0478,0,0
CUST015266,0.1476,0,0
CUST003808,0.4204,0,0
CUST001166,0.1891,0,0
CUST028435,0.4422,0,0
CUST026698,0.097,0,0
CUST017412,0.1403,0,0
CUST039342,0.0675,0,0
CUST001329,0.5963,1,0
CUST001232,0.105,0,0
CUST027134,0.1252,0,0
CUST027152,0.0662,0,0
CUST043053,0.0501,0,0
CUST040110,0.655,1,0
CUST018388,0.0461,0,0
CUST021518,0.2591,0,0
CUST006879,0.2339,0,0
CUST040890,0.2101,0,0
CUST003650,0.0902,0,0
CUST010043,0.1334,0,0
CUST010122,0.1177,0,0
CUST038326,0.0843,0,0
CUST029028,0.2093,0,0
CUST001597,0.0618,0,0
CUST006336,0.1692,0,0
CUST019159,0.1431,0,0
CUST039900,0.0797,0,0
CUST010680,0.1337,0,0
CUST047830,0.0949,0,0
CUST018526,0.1538,0,1
CUST033744,0.6131,1,0
CUST013614,0.1145,0,0
CUST020131,0.7485,1,0
CUST021173,0.1907,0,0
CUST047178,0.074,0,0
CUST008071,0.1235,0,0
CUST022643,0.3277,0,0
CUST021773,0.0511,0,0
CUST000391,0.3355,0,0
CUST024296,0.6881,1,0
CUST013654,0.0763,0,0
CUST039559,0.1031,0,0
CUST014558,0.0753,0,0
CUST045711,0.5368,1,0
CUST040938,0.1357,0,0
CUST022770,0.0954,0,0
CUST029206,0.2052,0,0
CUST047355,0.8991,1,1
CUST045242,0.076,0,0
CUST043232,0.1289,0,0
CUST010405,0.0807,0,0
CUST020650,0.071,0,0
CUST026882,0.1891,0,0
CUST027259,0.0936,0,0
CUST039030,0.644,1,0
CUST023583,0.0554,0,0
CUST027591,0.0536,0,0
CUST003048,0.0858,0,0
CUST048211,0.0504,0,0
CUST025845,0.5652,1,0
CUST037518,0.2535,0,0
CUST034116,0.1104,0,0
CUST028885,0.8998,1,0
CUST023125,0.0404,0,0
CUST031131,0.0625,0,0
CUST046914,0.0734,0,0
CUST010107,0.1383,0,0
CUST006002,0.1762,0,0
CUST027046,0.3365,0,0
CUST003029,0.6158,1,0
CUST026852,0.0792,0,0
CUST015328,0.0961,0,0
CUST026914,0.0887,0,0
CUST028743,0.0632,0,0
CUST040645,0.6116,1,0
CUST019084,0.0616,0,0
CUST015464,0.7509,1,0
CUST022442,0.1337,0,0
CUST035270,0.0548,0,0
CUST037459,0.6529,1,0
CUST002979,0.5963,1,0
CUST033688,0.0756,0,0
CUST002608,0.0746,0,0
CUST017748,0.0675,0,0
CUST009126,0.2552,0,0
CUST033944,0.3269,0,0
CUST030200,0.0572,0,0
CUST031266,0.0699,0,0
CUST038271,0.1186,0,0
CUST028625,0.222,0,0
CUST017854,0.1849,0,0
CUST006640,0.4092,0,0
CUST010028,0.0491,0,0
CUST029031,0.0542,0,0
CUST037252,0.2262,0,0
CUST023937,0.1148,0,0
CUST004058,0.0668,0,0
CUST018413,0.3433,0,0
CUST014374,0.6707,1,0
CUST043710,0.6243,1,0
CUST003855,0.2027,0,0
CUST009973,0.0631,0,0
CUST011965,0.104,0,0
CUST005394,0.0849,0,0
CUST029068,0.0819,0,0
CUST041236,0.7776,1,0
CUST032014,0.0805,0,0
CUST027877,0.0548,0,0
CUST013129,0.0524,0,0
CUST014717,0.8991,1,0
CUST039455,0.0675,0,0
CUST018808,0.1312,0,1
CUST031304,0.0682,0,0
CUST038747,0.4127,0,0
CUST010933,0.0806,0,0
CUST000161,0.0695,0,0
CUST028353,0.401,0,0
CUST037241,0.1174,0,0
CUST028039,0.2525,0,0
CUST017505,0.7425,1,0
CUST027363,0.2861,0,0
CUST036265,0.1118,0,0
CUST030744,0.1021,0,0
CUST007626,0.1878,0,0
CUST018822,0.0995,0,0
CUST036733,0.102,0,0
CUST003941,0.0675,0,0
CUST024651,0.0681,0,0
CUST031317,0.6805,1,0
CUST030277,0.0885,0,0
CUST036816,0.064,0,0
CUST038655,0.8166,1,0
CUST047176,0.0578,0,0
CUST012941,0.8991,1,0
CUST017321,0.0655,0,0
CUST042977,0.1265,0,0
CUST022898,0.0663,0,0
CUST040248,0.0495,0,0
CUST027708,0.1113,0,0
CUST029076,0.3275,0,0
CUST018499,0.0784,0,0
CUST036064,0.0825,0,0
CUST044427,0.0522,0,0
CUST031391,0.0466,0,0
CUST002977,0.2,0,0
CUST001448,0.0524,0,0
CUST029952,0.391,0,0
CUST040677,0.1337,0,0
CUST018756,0.0562,0,0
CUST025473,0.0696,0,0
CUST000337,0.071,0,0
CUST033908,0.2776,0,0
CUST006348,0.3083,0,0
CUST019467,0.0825,0,0
CUST049801,0.0756,0,0
CUST039935,0.1824,0,0
CUST041067,0.0507,0,0
CUST015544,0.3046,0,0
CUST036646,0.1929,0,0
CUST045917,0.8367,1,1
CUST012779,0.0697,0,0
CUST000471,0.5223,1,0
CUST006233,0.8991,1,1
CUST023676,0.1252,0,0
CUST006470,0.6841,1,0
CUST007431,0.092,0,0
CUST021180,0.5158,1,0
CUST021427,0.2074,0,0
CUST013311,0.7485,1,0
CUST019399,0.0589,0,0
CUST049769,0.0647,0,0
CUST049334,0.3338,0,0
CUST000457,0.6101,1,0
CUST025765,0.207,0,0
CUST043937,0.0474,0,0
CUST038445,0.1759,0,0
CUST034464,0.059,0,0
CUST032348,0.0511,0,0
CUST041335,0.4788,0,0
CUST008558,0.4234,0,0
CUST010422,0.0716,0,0
CUST004631,0.1249,0,0
CUST030487,0.138,0,0
CUST004841,0.0675,0,0
CUST010370,0.0832,0,0
CUST009282,0.5793,1,0
CUST022544,0.094,0,0
CUST000802,0.2272,0,0
CUST025792,0.0823,0,0
CUST032875,0.0867,0,0
CUST004175,0.1067,0,0
CUST041443,0.1851,0,0
CUST023830,0.821,1,0
CUST002203,0.0622,0,0
CUST044663,0.1843,0,0
CUST043248,0.0936,0,0
CUST040184,0.0647,0,0
CUST044588,0.0567,0,0
CUST019962,0.0682,0,0
CUST000687,0.2836,0,0
CUST027115,0.0554,0,0
CUST013482,0.2267,0,0
CUST036637,0.1118,0,0
CUST013476,0.3358,0,0
CUST047779,0.1277,0,0
CUST019638,0.068,0,0
CUST016930,0.1307,0,0
CUST049739,0.4167,0,0
CUST003022,0.12,0,0
CUST035116,0.6921,1,0
CUST038919,0.0392,0,0
CUST028781,0.1064,0,0
CUST017069,0.1332,0,0
CUST027946,0.3008,0,0
CUST035882,0.8396,1,0
CUST017752,0.1303,0,0
CUST004593,0.8209,1,0
CUST040454,0.8338,1,0
CUST026665,0.5091,1,0
CUST015709,0.1042,0,0
CUST042215,0.0983,0,0
CUST023930,0.0425,0,0
CUST034706,0.3369,0,0
CUST045426,0.0535,0,0
CUST038437,0.8527,1,0
CUST004576,0.0729,0,0
CUST034549,0.0907,0,0
CUST022856,0.8519,1,1
CUST003225,0.0786,0,0
CUST012304,0.0896,0,0
CUST025850,0.1474,0,0
CUST033316,0.1043,0,0
CUST048757,0.3137,0,0
CUST036182,0.2031,0,0
CUST003804,0.048,0,0
CUST033922,0.2256,0,0
CUST020470,0.142,0,0
CUST041053,0.2772,0,0
CUST032021,0.1131,0,0
CUST035692,0.0665,0,0
CUST030264,0.13,0,0
CUST027135,0.0901,0,0
CUST027453,0.1338,0,0
CUST037119,0.0831,0,0
CUST006641,0.0443,0,0
CUST024121,0.1499,0,0
CUST045018,0.158,0,0
CUST049376,0.0602,0,0
CUST012133,0.1453,0,0
CUST040666,0.0841,0,0
CUST031643,0.2628,0,0
CUST029703,0.0675,0,0
CUST019536,0.352,0,0
CUST011221,0.0753,0,0
CUST004385,0.0796,0,0
CUST009462,0.0826,0,0
CUST040796,0.107,0,0
CUST006123,0.6529,1,0
CUST031132,0.8532,1,0
CUST022247,0.0756,0,0
CUST007524,0.2128,0,0
CUST005504,0.0877,0,0
CUST037727,0.6572,1,0
CUST030778,0.8375,1,0
CUST029269,0.0403,0,0
CUST042839,0.2559,0,0
CUST044560,0.1505,0,0
CUST005731,0.2406,0,0
CUST019944,0.0875,0,0
CUST037874,0.086,0,0
CUST023121,0.4323,0,0
CUST013243,0.094,0,0
CUST043871,0.515,1,0
CUST042047,0.0923,0,0
CUST035138,0.1246,0,0
CUST038188,0.1196,0,0
CUST033218,0.7955,1,0
CUST018762,0.0577,0,0
CUST022786,0.1103,0,0
CUST016214,0.0658,0,0
CUST045227,0.2082,0,0
CUST007878,0.1205,0,0
CUST041105,0.0463,0,0
CUST013526,0.0631,0,0
CUST030877,0.2709,0,0
CUST033469,0.0497,0,0
CUST000852,0.0604,0,0
CUST012195,0.0566,0,0
CUST037113,0.8991,1,1
CUST007191,0.2534,0,0
CUST017939,0.0524,0,0
CUST045531,0.1154,0,0
CUST022058,0.081,0,0
CUST047550,0.1386,0,0
CUST036520,0.0675,0,0
CUST040459,0.166,0,0
CUST008651,0.138,0,0
CUST044265,0.0838,0,0
CUST036468,0.0803,0,0
CUST036072,0.1459,0,0
CUST011907,0.0795,0,0
CUST004889,0.6236,1,0
CUST029785,0.0675,0,0
CUST008872,0.3175,0,0
CUST031845,0.852,1,0
CUST006953,0.0675,0,0
CUST003529,0.0483,0,0
CUST028179,0.4491,0,0
CUST003033,0.1196,0,0
CUST006424,0.1778,0,0
CUST019471,0.6081,1,0
CUST008051,0.285,0,0
CUST010775,0.4285,0,0
CUST045020,0.8991,1,1
CUST017659,0.7124,1,0
CUST023708,0.3556,0,0
CUST015664,0.7103,1,0
CUST043131,0.0408,0,0
CUST015559,0.4425,0,0
CUST029270,0.0762,0,0
CUST013432,0.0374,0,0
CUST002722,0.0428,0,0
CUST027188,0.5957,1,0
CUST026046,0.4951,0,0
CUST002290,0.4723,0,0
CUST028276,0.1044,0,0
CUST032248,0.0609,0,0
CUST028813,0.4005,0,0
CUST044874,0.1511,0,0
CUST016500,0.0636,0,0
CUST024093,0.0743,0,0
CUST044901,0.409,0,0
CUST013500,0.0921,0,0
CUST012396,0.3668,0,0
CUST007889,0.0603,0,0
CUST012147,0.4879,0,0
CUST008219,0.0946,0,0
CUST006352,0.1176,0,0
CUST014720,0.2215,0,0
CUST044359,0.0659,0,0
CUST005808,0.1704,0,0
CUST040542,0.0675,0,0
CUST037589,0.6005,1,0
CUST022505,0.0955,0,0
CUST014034,0.4768,0,0
CUST007761,0.8991,1,1
CUST009465,0.0449,0,0
CUST001763,0.1719,0,0
CUST037022,0.5174,1,0
CUST028414,0.0551,0,0
CUST037451,0.1288,0,0
CUST007664,0.1609,0,0
CUST029798,0.2393,0,0
CUST018370,0.0825,0,0
CUST040924,0.0898,0,0
CUST013368,0.8018,1,0
CUST046695,0.0474,0,0
CUST025554,0.1453,0,0
CUST007528,0.1926,0,0
CUST006068,0.0675,0,0
CUST014949,0.1167,0,0
CUST020006,0.1575,0,0
CUST001319,0.8879,1,1
CUST008903,0.0551,0,0
CUST049296,0.3742,0,0
CUST025017,0.4773,0,0
CUST014650,0.7527,1,0
CUST010394,0.0846,0,0
CUST030362,0.4005,0,0
CUST016239,0.0935,0,0
CUST011948,0.1149,0,0
CUST023355,0.0609,0,0
CUST039760,0.1772,0,0
CUST030912,0.0535,0,0
CUST005373,0.0983,0,0
CUST024737,0.1235,0,0
CUST026832,0.1929,0,0
CUST035851,0.4563,0,0
CUST020370,0.0889,0,0
CUST045826,0.1213,0,0
CUST049044,0.1503,0,0
CUST026842,0.0873,0,0
CUST003121,0.1167,0,0
CUST017426,0.9005,1,1
CUST044154,0.0594,0,0
CUST018055,0.0627,0,0
CUST019558,0.2474,0,0
CUST007863,0.6445,1,0
CUST040029,0.1002,0,0
CUST016467,0.1571,0,0
CUST046268,0.0716,0,0
CUST004532,0.6479,1,0
CUST005007,0.0615,0,0
CUST032049,0.0793,0,0
CUST043193,0.0753,0,0
CUST025688,0.1688,0,0
CUST012445,0.4442,0,0
CUST010952,0.1196,0,0
CUST016592,0.6005,1,0
CUST018308,0.0869,0,0
CUST015893,0.0764,0,0
CUST037374,0.3947,0,0
CUST049719,0.1242,0,0
CUST043984,0.0481,0,0
CUST003696,0.147,0,0
CUST022230,0.8991,1,1
CUST008275,0.0775,0,0
CUST034999,0.0474,0,0
CUST023194,0.1707,0,0
CUST006403,0.099,0,0
CUST014113,0.179,0,0
CUST018861,0.218,0,0
CUST045604,0.4564,0,0
CUST042300,0.1009,0,0
CUST041982,0.0941,0,0
CUST023461,0.0488,0,0
CUST044552,0.061,0,0
CUST006401,0.0802,0,0
CUST018976,0.0425,0,0
CUST037065,0.0998,0,0
CUST005574,0.3684,0,0
CUST043243,0.4118,0,0
CUST018476,0.7451,1,0
CUST010917,0.0604,0,0
CUST025355,0.0972,0,0
CUST023514,0.1299,0,0
CUST022398,0.1398,0,0
CUST011592,0.0838,0,0
CUST041837,0.3714,0,0
CUST016767,0.0619,0,0
CUST022043,0.0795,0,0
CUST008734,0.4092,0,0
CUST013142,0.0998,0,0
CUST046799,0.0488,0,0
CUST033509,0.0713,0,0
CUST015681,0.1282,0,0
CUST013364,0.1799,0,0
CUST046370,0.6736,1,0
CUST033487,0.1826,0,0
CUST039007,0.904,1,0
CUST005174,0.151,0,0
CUST018237,0.3285,0,0
CUST018401,0.8352,1,0
CUST007421,0.0753,0,0
CUST032407,0.2723,0,0
CUST007954,0.0675,0,0
CUST043612,0.8301,1,1
CUST001978,0.3933,0,0
CUST039399,0.0685,0,0
CUST036263,0.3436,0,0
CUST038878,0.1001,0,0
CUST002579,0.5167,1,0
CUST028124,0.9006,1,1
CUST037919,0.0557,0,0
CUST027821,0.0445,0,0
CUST001099,0.0819,0,0
CUST021062,0.1052,0,0
CUST006127,0.0923,0,0
CUST040213,0.1305,0,0
CUST027113,0.0777,0,0
CUST031737,0.0737,0,0
CUST008764,0.349,0,0
CUST022494,0.5498,1,0
CUST012383,0.1187,0,0
CUST042323,0.0506,0,0
CUST042768,0.8595,1,0
CUST008570,0.1604,0,0
CUST028257,0.3423,0,0
CUST003999,0.2533,0,0
CUST001284,0.0458,0,0
CUST046309,0.2895,0,0
CUST023868,0.2245,0,0
CUST012805,0.0984,0,0
CUST012763,0.8558,1,0
CUST007640,0.2037,0,0
CUST015225,0.6552,1,0
CUST002589,0.2283,0,0
CUST001259,0.6005,1,0
CUST035367,0.41,0,0
CUST047558,0.2081,0,0
CUST009360,0.0894,0,0
CUST015134,0.0563,0,0
CUST001074,0.1122,0,0
CUST045306,0.0675,0,0
CUST035318,0.7357,1,0
CUST038457,0.1132,0,0
CUST013580,0.1041,0,0
CUST006873,0.6005,1,0
CUST014310,0.2877,0,0
CUST045672,0.1081,0,0
CUST046350,0.5524,1,0
CUST034384,0.4281,0,0
CUST005914,0.0915,0,0
CUST000375,0.1509,0,0
CUST004286,0.1864,0,0
CUST048298,0.077,0,0
CUST020201,0.1088,0,0
CUST015125,0.0691,0,0
CUST033502,0.1016,0,0
CUST017453,0.8154,1,1
CUST019243,0.0737,0,0
CUST046078,0.1276,0,0
CUST007137,0.1566,0,0
CUST042413,0.588,1,0
CUST037141,0.3929,0,0
CUST013618,0.7241,1,0
CUST030921,0.7639,1,0
CUST002259,0.1156,0,0
CUST025010,0.0884,0,0
CUST012613,0.0646,0,0
CUST034728,0.6417,1,0
CUST042285,0.3473,0,0
CUST020864,0.0675,0,0
CUST010349,0.0542,0,0
CUST012392,0.7807,1,0
CUST026498,0.0675,0,0
CUST010194,0.5887,1,0
CUST045948,0.9197,1,1
CUST030562,0.173,0,0
CUST024865,0.076,0,0
CUST045362,0.227,0,0
CUST003813,0.0691,0,0
CUST014132,0.071,0,0
CUST047547,0.0365,0,0
CUST025051,0.1759,0,0
CUST041692,0.0753,0,0
CUST007162,0.0698,0,0
CUST009806,0.061,0,0
CUST005426,0.8096,1,0
CUST006743,0.0908,0,0
CUST012871,0.0754,0,0
CUST016862,0.0891,0,0
CUST037474,0.0624,0,0
CUST017387,0.5406,1,0
CUST044530,0.127,0,0
CUST035472,0.507,1,0
CUST020933,0.1208,0,0
CUST019174,0.066,0,0
CUST043147,0.0739,0,0
CUST016495,0.5454,1,0
CUST028819,0.095,0,0
CUST003817,0.0826,0,0
CUST038568,0.6848,1,0
CUST016009,0.0984,0,0
CUST014728,0.2027,0,0
CUST020197,0.0866,0,0
CUST037907,0.0733,0,0
CUST024145,0.7408,1,0
CUST042809,0.8873,1,1
CUST043791,0.8986,1,1
CUST043237,0.1884,0,0
CUST020030,0.0851,0,0
CUST016885,0.1529,0,0
CUST016259,0.0643,0,0
CUST028646,0.1232,0,0
CUST009404,0.0882,0,0
CUST031951,0.8917,1,0
CUST031853,0.0675,0,0
CUST030151,0.1654,0,0
CUST000984,0.1925,0,0
CUST021736,0.1126,0,0
CUST038925,0.3808,0,0
CUST048819,0.0965,0,0
CUST025598,0.3763,0,0
CUST044192,0.674,1,0
CUST047025,0.1362,0,0
CUST003461,0.5505,1,0
CUST007839,0.4138,0,0
CUST014726,0.0415,0,0
CUST009732,0.7829,1,0
CUST045658,0.1254,0,0
CUST046941,0.3584,0,0
CUST008655,0.1552,0,0
CUST030947,0.6647,1,0
CUST041299,0.8408,1,0
CUST036084,0.1225,0,0
CUST014529,0.9006,1,0
CUST046678,0.105,0,0
CUST008510,0.3373,0,0
CUST046182,0.0613,0,0
CUST018949,0.0875,0,0
CUST019337,0.8933,1,0
CUST042591,0.3885,0,0
CUST014268,0.048,0,0
CUST041741,0.1132,0,0
CUST047323,0.0691,0,0
CUST027205,0.8698,1,0
CUST005925,0.2213,0,0
CUST015288,0.4778,0,0
CUST038760,0.4659,0,0
CUST042996,0.1348,0,0
CUST025176,0.0788,0,0
CUST040480,0.5194,1,0
CUST018809,0.0626,0,0
CUST037679,0.1839,0,0
CUST016823,0.0524,0,0
CUST044232,0.2937,0,0
CUST007534,0.7408,1,0
CUST040324,0.3274,0,0
CUST049992,0.0526,0,0
CUST004243,0.0691,0,0
CUST023330,0.0662,0,0
CUST020926,0.0555,0,0
CUST022257,0.041,0,0
CUST032537,0.2916,0,0
CUST000096,0.6674,1,0
CUST019607,0.698,1,0
CUST008509,0.3188,0,0
CUST029548,0.1851,0,0
CUST039258,0.8033,1,0
CUST010258,0.0955,0,0
CUST045484,0.1757,0,0
CUST047637,0.4891,0,0
CUST033125,0.0901,0,0
CUST032659,0.0798,0,0
CUST016133,0.3673,0,0
CUST047933,0.062,0,0
CUST046498,0.1141,0,0
CUST043436,0.3395,0,0
CUST008646,0.168,0,0
CUST021695,0.0665,0,0
CUST012123,0.2702,0,0
CUST023319,0.1124,0,0
CUST041813,0.0493,0,0
CUST036857,0.4005,0,0
CUST034219,0.1319,0,0
CUST039779,0.5794,1,0
CUST010879,0.25,0,0
CUST023198,0.7659,1,0
CUST049792,0.5076,1,0
CUST029906,0.0991,0,0
CUST009556,0.0912,0,0
CUST004163,0.0876,0,0
CUST004830,0.0819,0,0
CUST034456,0.105,0,0
CUST020208,0.0952,0,0
CUST030689,0.1388,0,0
CUST001560,0.1311,0,0
CUST018844,0.1196,0,0
CUST049214,0.0753,0,0
CUST008777,0.0675,0,0
CUST015976,0.1995,0,0
CUST021709,0.0445,0,0
CUST044655,0.1035,0,0
CUST019264,0.0912,0,0
CUST036931,0.1677,0,0
CUST015542,0.9319,1,1
CUST009638,0.5783,1,0
CUST016390,0.0561,0,0
CUST028139,0.0712,0,0
CUST035396,0.1758,0,0
CUST020186,0.2361,0,0
CUST048504,0.8464,1,0
CUST005857,0.0562,0,0
CUST040194,0.1407,0,0
CUST045022,0.2265,0,0
CUST008825,0.1857,0,0
CUST034915,0.0761,0,0
CUST037092,0.8506,1,0
CUST045923,0.8633,1,0
CUST046423,0.0677,0,0
CUST001141,0.7761,1,0
CUST033718,0.2165,0,0
CUST029040,0.0893,0,0
CUST045870,0.1831,0,0
CUST013519,0.8498,1,0
CUST032442,0.3309,0,0
CUST049613,0.2814,0,0
CUST001418,0.0587,0,0
CUST004940,0.0521,0,0
CUST025052,0.5163,1,0
CUST007612,0.598,1,0
CUST015442,0.232,0,0
CUST001208,0.0849,0,0
CUST037854,0.9347,1,1
CUST002116,0.514,1,0
CUST016521,0.1005,0,0
CUST042195,0.4116,0,0
CUST028238,0.0475,0,0
CUST006958,0.1099,0,0
CUST036004,0.1265,0,0
CUST045724,0.7959,1,0
CUST035786,0.554,1,0
CUST036124,0.4818,0,0
CUST046413,0.0837,0,0
CUST013004,0.4774,0,0
CUST037035,0.0995,0,0
CUST032159,0.0813,0,0
CUST043164,0.0888,0,0
CUST046857,0.1999,0,0
CUST025857,0.0768,0,0
CUST036583,0.1116,0,0
CUST019560,0.0425,0,0
CUST011319,0.0596,0,0
CUST033205,0.1099,0,0
CUST011540,0.1221,0,0
CUST037183,0.051,0,0
CUST040191,0.1453,0,0
CUST039343,0.0692,0,0
CUST012442,0.0374,0,0
CUST020084,0.0577,0,0
CUST015036,0.5273,1,0
CUST046316,0.0675,0,0
CUST043633,0.3676,0,0
CUST034226,0.0908,0,0
CUST022452,0.1376,0,0
CUST021794,0.1192,0,0
CUST019023,0.0614,0,0
CUST046049,0.0592,0,0
CUST036486,0.0675,0,0
CUST040674,0.4563,0,0
CUST034854,0.1216,0,0
CUST030425,0.0601,0,0
CUST002368,0.0983,0,0
CUST023288,0.0817,0,0
CUST006949,0.5379,1,0
CUST036240,0.1451,0,0
CUST035740,0.5865,1,0
CUST008325,0.5088,1,0
CUST043448,0.2386,0,0
CUST048501,0.06,0,0
CUST007902,0.1266,0,0
CUST018011,0.1239,0,0
CUST017988,0.0594,0,0
CUST025495,0.1419,0,0
CUST012777,0.8092,1,0
CUST044834,0.2418,0,0
CUST011928,0.1369,0,0
CUST007886,0.3525,0,0
CUST037284,0.0889,0,0
CUST024727,0.6005,1,1
CUST004082,0.1331,0,0
CUST012818,0.0752,0,0
CUST021395,0.2203,0,0
CUST015865,0.5381,1,0
CUST012038,0.0887,0,0
CUST040426,0.0598,0,0
CUST007091,0.5912,1,0
CUST046084,0.0489,0,0
CUST041238,0.6594,1,0
CUST033013,0.8459,1,1
CUST028002,0.0661,0,0
CUST021645,0.2114,0,0
CUST019477,0.0878,0,0
CUST038696,0.1701,0,0
CUST021810,0.0868,0,0
CUST006227,0.1125,0,0
CUST004448,0.1702,0,0
CUST018087,0.0743,0,0
CUST005193,0.0756,0,0
CUST001527,0.8195,1,0
CUST010247,0.1351,0,0
CUST025297,0.451,0,0
CUST033000,0.0675,0,0
CUST038118,0.0589,0,0
CUST041405,0.14,0,0
CUST024832,0.075,0,0
CUST016859,0.4347,0,0
CUST048110,0.1228,0,0
CUST040959,0.4425,0,0
CUST019707,0.368,0,0
CUST022868,0.0508,0,0
CUST046291,0.0667,0,0
CUST028364,0.1647,0,0
CUST022419,0.0656,0,0
CUST017090,0.1068,0,0
CUST042102,0.1729,0,0
CUST002392,0.1944,0,0
CUST021775,0.0418,0,0
CUST043317,0.6053,1,0
CUST031511,0.2113,0,0
CUST010309,0.0661,0,0
CUST017044,0.128,0,0
CUST011618,0.0799,0,0
CUST002376,0.1331,0,0
CUST030643,0.0598,0,0
CUST031299,0.2445,0,0
CUST044676,0.1337,0,0
CUST020897,0.0776,0,0
CUST018354,0.0851,0,0
CUST031809,0.0412,0,0
CUST033209,0.0602,0,0
CUST018432,0.1876,0,0
CUST012923,0.1859,0,0
CUST021850,0.2843,0,0
CUST007815,0.0641,0,0
CUST037528,0.3521,0,0
CUST029610,0.3574,0,0
CUST011581,0.0759,0,0
CUST048257,0.2106,0,0
CUST042573,0.3057,0,0
CUST042877,0.1011,0,0
CUST030181,0.1879,0,0
CUST031611,0.1085,0,0
CUST024514,0.1337,0,0
CUST000418,0.0675,0,0
CUST020290,0.0775,0,0
CUST020386,0.1211,0,0
CUST024233,0.0936,0,0
CUST038705,0.3512,0,0
CUST049531,0.1768,0,0
CUST042175,0.1949,0,0
CUST035224,0.0758,0,0
CUST015139,0.4285,0,0
CUST029800,0.8931,1,0
CUST021210,0.0675,0,0
CUST007785,0.1629,0,0
CUST017667,0.754,1,0
CUST013377,0.0983,0,0
CUST043262,0.2332,0,0
CUST003654,0.1427,0,0
CUST018235,0.1445,0,0
CUST010813,0.55,1,0
CUST041500,0.2293,0,0
CUST008880,0.0646,0,0
CUST033721,0.1761,0,0
CUST001187,0.0707,0,0
CUST042923,0.0597,0,0
CUST006585,0.2986,0,0
CUST007286,0.0583,0,0
CUST017591,0.0554,0,0
CUST037752,0.7262,1,0
CUST048079,0.5175,1,0
CUST037009,0.5536,1,0
CUST008523,0.2185,0,0
CUST005175,0.0654,0,0
CUST020216,0.5278,1,0
CUST046123,0.3411,0,0
CUST014054,0.2264,0,0
CUST031384,0.042,0,0
CUST010957,0.4791,0,0
CUST003375,0.2627,0,0
CUST030037,0.1181,0,0
CUST018218,0.0969,0,0
CUST032351,0.126,0,0
CUST006246,0.071,0,0
CUST032940,0.0578,0,0
CUST021557,0.1888,0,0
CUST030023,0.0814,0,0
CUST008221,0.1721,0,0
CUST047007,0.0988,0,0
CUST005246,0.279,0,0
CUST008605,0.0995,0,0
CUST015035,0.4331,0,0
CUST046036,0.0816,0,0
CUST049227,0.4007,0,0
CUST014961,0.0684,0,0
CUST041032,0.5076,1,0
CUST027013,0.0557,0,0
CUST042520,0.1063,0,0
CUST023610,0.0488,0,0
CUST020515,0.1498,0,0
CUST039593,0.8299,1,0
CUST042383,0.1764,0,0
CUST033864,0.0699,0,0
CUST014821,0.8974,1,0
CUST045961,0.1265,0,0
CUST032201,0.1879,0,0
CUST032557,0.1884,0,0
CUST040429,0.0577,0,0
CUST038953,0.0786,0,0
CUST038855,0.0675,0,0
CUST041894,0.3914,0,0
CUST025398,0.123,0,0
CUST045453,0.8974,1,0
CUST000427,0.1413,0,0
CUST011949,0.6005,1,0
CUST044826,0.8063,1,0
CUST040535,0.0449,0,0
CUST026258,0.7077,1,0
CUST020847,0.3422,0,0
CUST049617,0.8618,1,0
CUST007533,0.1271,0,0
CUST046051,0.1186,0,0
CUST049761,0.0946,0,0
CUST006683,0.1379,0,0
CUST007542,0.0529,0,0
CUST016809,0.0486,0,0
CUST028966,0.0771,0,0
CUST036896,0.5297,1,0
CUST006281,0.8991,1,1
CUST008200,0.1687,0,0
CUST035189,0.2361,0,0
CUST033471,0.1844,0,0
CUST022076,0.0675,0,0
CUST011831,0.1182,0,0
CUST019318,0.078,0,0
CUST030071,0.0605,0,0
CUST019793,0.5794,1,0
CUST039649,0.6112,1,0
CUST011539,0.0586,0,0
CUST025811,0.0598,0,0
CUST008026,0.2312,0,0
CUST015463,0.0374,0,0
CUST048000,0.3696,0,0
CUST031760,0.0434,0,0
CUST015686,0.0461,0,0
CUST032171,0.8246,1,0
CUST013057,0.2133,0,0
CUST017608,0.0846,0,0
CUST025206,0.0516,0,0
CUST029486,0.394,0,0
CUST021793,0.052,0,0
CUST042448,0.0731,0,0
CUST023648,0.1358,0,0
CUST005340,0.073,0,0
CUST040550,0.0675,0,0
CUST008893,0.0756,0,0
CUST026472,0.0463,0,0
CUST027449,0.1249,0,0
CUST017121,0.0732,0,0
CUST035887,0.7847,1,0
CUST048471,0.0854,0,0
CUST002847,0.4965,0,0
CUST039861,0.1768,0,0
CUST046492,0.596,1,0
CUST044713,0.1256,0,0
CUST004262,0.8591,1,1
CUST031133,0.0904,0,0
CUST041671,0.0969,0,0
CUST021280,0.2158,0,0
CUST035106,0.6005,1,0
CUST027280,0.0675,0,0
CUST022326,0.0599,0,0
CUST005251,0.0815,0,0
CUST042531,0.0675,0,0
CUST011635,0.2113,0,0
CUST049591,0.0357,0,0
CUST017073,0.2009,0,0
CUST003329,0.0449,0,0
CUST047813,0.073,0,0
CUST023510,0.0635,0,0
CUST018586,0.0935,0,0
CUST048613,0.0348,0,0
CUST012348,0.2093,0,0
CUST003761,0.0977,0,0
CUST021246,0.1475,0,0
CUST027849,0.1586,0,0
CUST011077,0.1191,0,0
CUST026432,0.0456,0,0
CUST036006,0.1898,0,0
CUST033212,0.0979,0,0
CUST033464,0.3108,0,0
CUST034511,0.8991,1,1
CUST017577,0.3806,0,0
CUST031324,0.6261,1,0
CUST030455,0.143,0,0
CUST041773,0.0405,0,0
CUST024729,0.0509,0,0
CUST011982,0.5248,1,0
CUST015710,0.0849,0,0
CUST006297,0.409,0,0
CUST034418,0.473,0,0
CUST042068,0.1181,0,0
CUST034900,0.1943,0,0
CUST019222,0.3759,0,0
CUST027605,0.0961,0,0
CUST043795,0.1216,0,0
CUST032437,0.0798,0,0
CUST025838,0.0675,0,0
CUST020357,0.1307,0,0
CUST018604,0.0339,0,0
CUST008542,0.2052,0,0
CUST037079,0.0379,0,0
CUST021114,0.1548,0,0
CUST032097,0.0764,0,0
CUST005992,0.1093,0,0
CUST037488,0.133,0,0
CUST045067,0.0706,0,0
CUST009879,0.077,0,0
CUST009716,0.0722,0,0
CUST000396,0.8052,1,0
CUST022101,0.8869,1,0
CUST020090,0.0913,0,0
CUST028635,0.5457,1,0
CUST014295,0.2081,0,0
CUST020182,0.1188,0,0
CUST019869,0.0948,0,0
CUST001859,0.2524,0,0
CUST000323,0.0711,0,0
CUST018980,0.0825,0,0
CUST047654,0.0441,0,0
CUST034628,0.2087,0,0
CUST029919,0.8806,1,1
CUST041121,0.0668,0,0
CUST042698,0.098,0,0
CUST031092,0.1584,0,0
CUST004444,0.2854,0,0
CUST006286,0.0693,0,0
CUST047328,0.9025,1,1
CUST047183,0.5505,1,0
CUST033936,0.1048,0,0
CUST014871,0.0753,0,0
CUST030523,0.1511,0,0
CUST020958,0.3189,0,0
CUST027074,0.0408,0,0
CUST013605,0.0675,0,0
CUST011070,0.2102,0,0
CUST029555,0.0882,0,0
CUST021403,0.0775,0,0
CUST004231,0.0895,0,0
CUST003601,0.0823,0,0
CUST019573,0.0477,0,0
CUST024368,0.1997,0,0
CUST046473,0.0954,0,0
CUST005683,0.8083,1,0
CUST020557,0.0962,0,0
CUST003847,0.2964,0,0
CUST019872,0.0675,0,0
CUST024998,0.0455,0,0
CUST045004,0.6758,1,0
CUST020705,0.2452,0,0
CUST014331,0.0603,0,0
CUST046789,0.1528,0,0
CUST017384,0.0865,0,0
CUST029051,0.7654,1,1
CUST019751,0.2356,0,0
CUST013435,0.0368,0,0
CUST033430,0.0686,0,0
CUST047737,0.0847,0,0
CUST043250,0.1796,0,0
CUST023166,0.0424,0,0
CUST016948,0.1715,0,0
CUST026855,0.4537,0,0
CUST038164,0.1577,0,0
CUST003494,0.1404,0,0
CUST013044,0.2685,0,0
CUST032388,0.0815,0,0
CUST046389,0.1656,0,0
CUST017954,0.0765,0,0
CUST018170,0.6005,1,0
CUST026501,0.0633,0,0
CUST017221,0.4223,0,0
CUST030449,0.2441,0,0
CUST021959,0.0653,0,0
CUST037778,0.049,0,0
CUST026417,0.189,0,0
CUST019230,0.0488,0,0
CUST014189,0.568,1,1
CUST031618,0.1234,0,0
CUST004971,0.114,0,0
CUST039823,0.8138,1,0
CUST025240,0.0642,0,0
CUST021617,0.0675,0,0
CUST002749,0.2076,0,0
CUST015178,0.7721,1,0
CUST034961,0.0935,0,0
CUST007955,0.0957,0,0
CUST040359,0.0753,0,0
CUST013681,0.6042,1,0
CUST013217,0.1592,0,0
CUST019178,0.1229,0,0
CUST039091,0.088,0,0
CUST025635,0.1884,0,0
CUST030186,0.0472,0,0
CUST036223,0.0836,0,0
CUST009185,0.061,0,0
CUST041956,0.0998,0,0
CUST045921,0.0662,0,0
CUST033882,0.1227,0,0
CUST010050,0.4624,0,0
CUST049310,0.0615,0,0
CUST035067,0.1193,0,0
CUST002098,0.0561,0,0
CUST032141,0.0569,0,0
CUST005530,0.1255,0,0
CUST034400,0.1998,0,0
CUST015450,0.1124,0,0
CUST042139,0.1075,0,0
CUST022761,0.0493,0,0
CUST025573,0.1301,0,0
CUST020633,0.703,1,0
CUST039134,0.0612,0,0
CUST019177,0.6655,1,0
CUST043191,0.1181,0,0
CUST015350,0.1083,0,0
CUST043959,0.1864,0,0
CUST005500,0.6192,1,0
CUST015802,0.0786,0,0
CUST033883,0.0717,0,0
CUST019520,0.0576,0,0
CUST018908,0.1281,0,0
CUST033427,0.0772,0,0
CUST021579,0.201,0,0
CUST005525,0.0754,0,0
CUST048288,0.061,0,0
CUST026912,0.6237,1,0
CUST012050,0.1177,0,0
CUST002147,0.222,0,0
CUST005159,0.0711,0,0
CUST000928,0.4669,0,0
CUST030667,0.0636,0,0
CUST028857,0.0977,0,0
CUST033604,0.6005,1,0
CUST020053,0.0632,0,0
CUST017120,0.0771,0,0
CUST044803,0.1101,0,0
CUST039044,0.071,0,0
CUST012362,0.7285,1,0
CUST027212,0.0898,0,0
CUST007227,0.4425,0,0
CUST048253,0.336,0,0
CUST039318,0.1905,0,0
CUST014129,0.0393,0,0
CUST016867,0.1331,0,0
CUST027636,0.093,0,0
CUST016851,0.0539,0,0
CUST033904,0.6517,1,0
CUST011692,0.555,1,0
CUST004157,0.9025,1,0
CUST045706,0.2454,0,0
CUST049463,0.1614,0,0
CUST004139,0.4764,0,0
CUST027186,0.5028,1,0
CUST025109,0.0488,0,0
CUST036136,0.0666,0,0
CUST014560,0.1854,0,0
CUST047055,0.0935,0,0
CUST047460,0.0981,0,0
CUST010808,0.4452,0,0
CUST045388,0.0798,0,0
CUST045626,0.904,1,1
CUST032167,0.231,0,0
CUST013731,0.042,0,0
CUST004709,0.1916,0,0
CUST012423,0.0969,0,0
CUST018151,0.5963,1,0
CUST007420,0.0982,0,0
CUST037724,0.1359,0,0
CUST012265,0.0843,0,0
CUST014405,0.3312,0,0
CUST002216,0.0807,0,0
CUST025099,0.067,0,0
CUST044034,0.1611,0,0
CUST023239,0.1877,0,0
CUST034440,0.1292,0,0
CUST019010,0.1158,0,0
CUST005836,0.1719,0,0
CUST034154,0.0796,0,0
CUST033249,0.0741,0,0
CUST037992,0.4472,0,0
CUST032479,0.2685,0,0
CUST034450,0.2126,0,0
CUST004260,0.1355,0,0
CUST019452,0.2745,0,0
CUST036865,0.1645,0,0
CUST010146,0.5672,1,0
CUST009135,0.083,0,0
CUST012296,0.3091,0,0
CUST022164,0.0825,0,0
CUST033716,0.5861,1,0
CUST015726,0.0738,0,0
CUST047320,0.0654,0,0
CUST036650,0.4309,0,0
CUST041157,0.3392,0,0
CUST002319,0.4997,0,0
CUST032310,0.044,0,0
CUST038598,0.1563,0,0
CUST012523,0.8357,1,0
CUST010715,0.8991,1,0
CUST013363,0.1011,0,0
CUST049599,0.0675,0,0
CUST038146,0.1001,0,0
CUST041198,0.852,1,1
CUST006413,0.3011,0,0
CUST040265,0.112,0,0
CUST008192,0.0815,0,0
CUST034003,0.0608,0,0
CUST043592,0.3095,0,0
CUST038345,0.0517,0,0
CUST013103,0.1373,0,0
CUST026037,0.0718,0,0
CUST041732,0.1608,0,0
CUST031763,0.0753,0,0
CUST016382,0.1351,0,0
CUST014986,0.5176,1,0
CUST000318,0.057,0,0
CUST009305,0.8122,1,0
CUST031738,0.1764,0,0
CUST009232,0.4766,0,0
CUST048041,0.2084,0,0
CUST032028,0.1487,0,0
CUST024641,0.175,0,0
CUST044535,0.0753,0,0
CUST017128,0.4871,0,0
CUST007179,0.0753,0,0
CUST018794,0.8126,1,0
CUST013087,0.929,1,1
CUST026000,0.1007,0,0
CUST002726,0.3996,0,0
CUST021019,0.1388,0,0
CUST047092,0.0662,0,0
CUST002572,0.1372,0,0
CUST043236,0.0708,0,0
CUST010855,0.0883,0,0
CUST000223,0.9005,1,0
CUST020852,0.0739,0,0
CUST034838,0.5794,1,1
CUST014433,0.077,0,0
CUST012856,0.0686,0,0
CUST004192,0.0627,0,0
CUST025726,0.0574,0,0
CUST020630,0.0993,0,0
CUST022926,0.1339,0,0
CUST045008,0.0539,0,0
CUST031830,0.0526,0,0
CUST002616,0.0963,0,0
CUST044072,0.1857,0,0
CUST006996,0.0456,0,0
CUST010708,0.0828,0,0
CUST022493,0.3477,0,0
CUST013793,0.1796,0,0
CUST031373,0.8626,1,0
CUST036388,0.0505,0,0
CUST016215,0.2112,0,0
CUST034833,0.1302,0,0
CUST023888,0.2476,0,0
CUST014811,0.9284,1,1
CUST039694,0.7183,1,0
CUST017580,0.5177,1,0
CUST046259,0.0693,0,0
CUST012036,0.0862,0,0
CUST030069,0.1366,0,0
CUST001189,0.8395,1,0
CUST029195,0.0675,0,0
CUST040599,0.1762,0,0
CUST007210,0.193,0,0
CUST003059,0.2318,0,0
CUST048368,0.5667,1,1
CUST035109,0.3224,0,0
CUST047137,0.8788,1,0
CUST008293,0.0813,0,0
CUST027695,0.037,0,0
CUST049956,0.0513,0,0
CUST024051,0.2528,0,0
CUST003327,0.1635,0,0
CUST047214,0.124,0,0
CUST000253,0.2312,0,0
CUST016811,0.565,1,0
CUST047434,0.125,0,0
CUST046855,0.0867,0,0
CUST009629,0.7947,1,0
CUST006993,0.8893,1,0
CUST041415,0.0627,0,0
CUST042170,0.3663,0,0
CUST017450,0.8907,1,0
CUST048347,0.1972,0,0
CUST010570,0.0926,0,0
CUST037641,0.8898,1,0
CUST026147,0.0535,0,0
CUST048065,0.321,0,0
CUST045599,0.1732,0,0
CUST011549,0.1336,0,0
CUST022336,0.0945,0,0
CUST032497,0.0803,0,0
CUST010225,0.0608,0,0
CUST045951,0.1328,0,0
CUST026375,0.0867,0,0
CUST031136,0.0528,0,0
CUST025125,0.8097,1,0
CUST026884,0.0891,0,0
CUST021920,0.0815,0,0
CUST031403,0.5678,1,0
CUST025271,0.86,1,0
CUST032583,0.0426,0,0
CUST024664,0.8717,1,0
CUST002598,0.2221,0,0
CUST033108,0.1983,0,0
CUST030917,0.1152,0,0
CUST001698,0.0488,0,0
CUST004739,0.0597,0,0
CUST039391,0.2267,0,0
CUST002765,0.1146,0,0
CUST018001,0.0648,0,0
CUST043497,0.1122,0,0
CUST049055,0.1753,0,0
CUST008810,0.169,0,0
CUST045318,0.2732,0,0
CUST045618,0.1395,0,0
CUST018591,0.5025,1,0
CUST017719,0.1228,0,0
CUST025732,0.1583,0,0
CUST044276,0.2022,0,0
CUST048472,0.8338,1,1
CUST014162,0.2139,0,0
CUST022706,0.0924,0,0
CUST023475,0.087,0,0
CUST000168,0.3696,0,0
CUST022422,0.1884,0,0
CUST007765,0.0675,0,0
CUST048492,0.1825,0,0
CUST039412,0.0552,0,0
CUST042312,0.0535,0,0
CUST040462,0.0716,0,0
CUST016119,0.1924,0,0
CUST033605,0.3566,0,0
CUST029169,0.1426,0,0
CUST024373,0.411,0,0
CUST034623,0.2205,0,0
CUST012628,0.2312,0,0
CUST036969,0.1993,0,0
CUST005002,0.3224,0,0
CUST027694,0.1852,0,0
CUST009371,0.0675,0,0
CUST012685,0.0747,0,0
CUST013260,0.4092,0,0
CUST018028,0.1569,0,1
CUST018406,0.0339,0,0
CUST019314,0.0488,0,0
CUST006961,0.0833,0,0
CUST018865,0.1053,0,0
CUST007940,0.8621,1,0
CUST040812,0.0581,0,0
CUST041916,0.1711,0,0
CUST012617,0.3084,0,0
CUST031005,0.1088,0,0
CUST026605,0.1128,0,0
CUST034826,0.0675,0,0
CUST023434,0.0757,0,0
CUST010542,0.887,1,1
CUST009080,0.054,0,0
CUST039962,0.0977,0,0
CUST031160,0.0768,0,0
CUST026525,0.0893,0,0
CUST008191,0.0407,0,0
CUST006366,0.0907,0,0
CUST035080,0.0586,0,0
CUST045877,0.1005,0,0
CUST011390,0.4434,0,0
CUST027200,0.1773,0,0
CUST026039,0.0992,0,0
CUST018617,0.2281,0,0
CUST021912,0.1904,0,0
CUST045392,0.4877,0,0
CUST043777,0.0616,0,0
CUST000914,0.2451,0,0
CUST022432,0.0697,0,0
CUST046164,0.1068,0,0
CUST049571,0.8213,1,0
CUST040057,0.0495,0,0
CUST047692,0.0433,0,0
CUST006416,0.0519,0,0
CUST048558,0.0957,0,0
CUST043546,0.1181,0,0
CUST046357,0.8716,1,1
CUST025715,0.6691,1,0
CUST019838,0.0663,0,0
CUST019630,0.8618,1,0
CUST044923,0.0519,0,0
CUST048643,0.1013,0,0
CUST002288,0.4676,0,0
CUST044230,0.2927,0,0
CUST032259,0.8991,1,0
CUST005088,0.0984,0,0
CUST026131,0.0528,0,0
CUST030844,0.3113,0,0
CUST046587,0.8879,1,0
CUST018270,0.4215,0,0
CUST046755,0.0417,0,0
CUST010136,0.5579,1,0
CUST026788,0.1218,0,0
CUST044105,0.1322,0,0
CUST049632,0.073,0,0
CUST034688,0.0675,0,0
CUST018616,0.0679,0,0
CUST048315,0.0753,0,0
CUST046486,0.5673,1,0
CUST011979,0.1087,0,0
CUST029526,0.9294,1,1
CUST023282,0.0651,0,0
CUST001835,0.0719,0,0
CUST049975,0.0385,0,0
CUST018748,0.1196,0,0
CUST028185,0.8226,1,0
CUST030057,0.2997,0,0
CUST024986,0.3639,0,0
CUST021628,0.1371,0,0
CUST046394,0.8276,1,0
CUST021985,0.069,0,0
CUST049399,0.8933,1,1
CUST037340,0.1303,0,0
CUST041862,0.0798,0,0
CUST033258,0.4743,0,0
CUST014051,0.7251,1,0
CUST028843,0.3137,0,0
CUST031114,0.3651,0,0
CUST024842,0.3775,0,0
CUST027769,0.0548,0,0
CUST005528,0.8817,1,0
CUST036454,0.7731,1,0
CUST012090,0.1174,0,0
CUST030384,0.1149,0,0
CUST022011,0.3956,0,0
CUST025796,0.5073,1,0
CUST027988,0.341,0,0
CUST047246,0.2255,0,1
CUST038130,0.8018,1,0
CUST027131,0.0652,0,0
CUST041636,0.3342,0,0
CUST031091,0.1645,0,0
CUST045967,0.2776,0,0
CUST000929,0.042,0,0
CUST045383,0.1946,0,0
CUST026469,0.0567,0,0
CUST049125,0.6772,1,0
CUST022614,0.5792,1,0
CUST044882,0.102,0,0
CUST010647,0.7039,1,0
CUST017286,0.1186,0,0
CUST016128,0.0604,0,0
CUST014544,0.5122,1,0
CUST035841,0.1149,0,0
CUST048889,0.1433,0,0
CUST009666,0.0848,0,0
CUST043954,0.1121,0,0
CUST011341,0.2621,0,0
CUST031866,0.0548,0,0
CUST027528,0.138,0,0
CUST011778,0.1358,0,0
CUST044896,0.0859,0,0
CUST025547,0.8852,1,0
CUST005247,0.8991,1,0
CUST046720,0.1496,0,0
CUST009499,0.0772,0,0
CUST012555,0.094,0,0
CUST045660,0.0695,0,0
CUST004396,0.7611,1,0
CUST005952,0.1317,0,0
CUST009337,0.0824,0,0
CUST013379,0.1089,0,0
CUST048808,0.1007,0,0
CUST048962,0.0919,0,0
CUST041012,0.0773,0,0
CUST048876,0.0962,0,0
CUST048233,0.0761,0,0
CUST024675,0.1229,0,0
CUST008266,0.1719,0,0
CUST028440,0.1064,0,0
CUST046346,0.3883,0,0
CUST032419,0.2802,0,0
CUST036323,0.0675,0,0
CUST043667,0.1142,0,0
CUST049244,0.1667,0,0
CUST034137,0.0901,0,0
CUST041611,0.8557,1,0
CUST018566,0.1511,0,0
CUST026120,0.0489,0,0
CUST030050,0.1033,0,0
CUST014237,0.0945,0,0
CUST004221,0.3183,0,0
CUST003068,0.0796,0,0
CUST032716,0.1291,0,0
CUST010787,0.4626,0,0
CUST044750,0.091,0,0
CUST040900,0.1328,0,0
CUST029651,0.8012,1,0
CUST020526,0.5963,1,0
CUST046277,0.1082,0,0
CUST017385,0.0463,0,0
CUST007659,0.1272,0,0
CUST002767,0.4554,0,0
CUST008149,0.0512,0,0
CUST004906,0.369,0,0
CUST008644,0.0548,0,0
CUST005807,0.127,0,0
CUST028736,0.1554,0,0
CUST029926,0.1318,0,0
CUST039929,0.0409,0,0
CUST040787,0.0808,0,0
CUST037924,0.7163,1,1
CUST028360,0.5714,1,0
CUST013493,0.0901,0,0
CUST026332,0.1244,0,0
CUST047212,0.1718,0,0
CUST008153,0.1688,0,0
CUST026982,0.4796,0,0
CUST043692,0.0564,0,0
CUST008286,0.8243,1,0
CUST044743,0.8898,1,0
CUST049361,0.2167,0,0
CUST022864,0.3006,0,0
CUST026381,0.1823,0,0
CUST014716,0.0612,0,0
CUST027717,0.0573,0,0
CUST017435,0.0963,0,0
CUST006860,0.6234,1,0
CUST036202,0.0782,0,0
CUST025158,0.1206,0,0
CUST025200,0.6183,1,0
CUST046788,0.4345,0,0
CUST040049,0.073,0,0
CUST045464,0.1853,0,0
CUST016192,0.3132,0,0
CUST008684,0.2512,0,0
CUST047422,0.1878,0,0
CUST007073,0.0442,0,0
CUST032270,0.1014,0,0
CUST027897,0.1133,0,0
CUST006316,0.4953,0,0
CUST004621,0.3192,0,0
CUST030196,0.618,1,0
CUST006688,0.084,0,0
CUST006971,0.4517,0,0
CUST032672,0.424,0,0
CUST005486,0.0988,0,0
CUST009651,0.2259,0,0
CUST000863,0.0496,0,0
CUST025368,0.1441,0,0
CUST014605,0.0739,0,0
CUST046803,0.123,0,0
CUST047947,0.6059,1,0
CUST004564,0.0628,0,0
CUST020094,0.0456,0,0
CUST009178,0.8646,1,0
CUST027648,0.0824,0,0
CUST005374,0.0802,0,0
CUST023678,0.1339,0,0
CUST002715,0.0561,0,0
CUST043929,0.1673,0,0
CUST028247,0.0444,0,0
CUST005566,0.0819,0,0
CUST017056,0.1008,0,0
CUST045638,0.187,0,0
CUST038023,0.8919,1,0
CUST049311,0.1106,0,0
CUST006848,0.2483,0,0
CUST012748,0.2397,0,0
CUST042328,0.1196,0,0
CUST042557,0.1513,0,0
CUST012345,0.8991,1,0
CUST020155,0.8683,1,1
CUST012408,0.1145,0,0
CUST025887,0.403,0,1
CUST000439,0.0588,0,0
CUST041422,0.0559,0,0
CUST037756,0.0719,0,0
CUST020231,0.8817,1,0
CUST007117,0.0753,0,0
CUST015547,0.1864,0,0
CUST047711,0.0928,0,0
CUST011503,0.803,1,0
CUST039271,0.7736,1,0
CUST024602,0.8519,1,0
CUST016750,0.4601,0,0
CUST035946,0.1702,0,0
CUST001538,0.0801,0,0
CUST044251,0.3564,0,0
CUST036542,0.3408,0,0
CUST029552,0.229,0,0
CUST028483,0.7207,1,0
CUST003610,0.2368,0,0
CUST029739,0.0935,0,0
CUST003710,0.0949,0,0
CUST028475,0.0978,0,0
CUST030269,0.0671,0,0
CUST025735,0.7781,1,0
CUST039189,0.1673,0,0
CUST038592,0.0578,0,0
CUST045751,0.075,0,0
CUST048112,0.8717,1,0
CUST042674,0.0613,0,0
CUST000132,0.8974,1,0
CUST002073,0.1069,0,0
CUST028417,0.7248,1,0
CUST022492,0.0614,0,0
CUST029387,0.1983,0,0
CUST045120,0.8167,1,0
CUST005262,0.0387,0,0
CUST030324,0.4854,0,0
CUST032979,0.0662,0,0
CUST034663,0.4849,0,0
CUST029769,0.0764,0,0
CUST032356,0.629,1,0
CUST014932,0.6849,1,1
CUST030985,0.4493,0,0
CUST001453,0.1815,0,0
CUST013893,0.1361,0,0
CUST045171,0.073,0,0
CUST002331,0.1338,0,0
CUST023266,0.3333,0,0
CUST038893,0.0898,0,0
CUST002185,0.0851,0,0
CUST010795,0.5865,1,0
CUST039357,0.4193,0,0
CUST047666,0.1866,0,0
CUST009447,0.2074,0,0
CUST029413,0.1839,0,0
CUST004580,0.0847,0,0
CUST041697,0.3883,0,0
CUST009726,0.0447,0,0
CUST000115,0.1213,0,0
CUST049922,0.0451,0,0
CUST027257,0.0658,0,0
CUST035453,0.1003,0,0
CUST003401,0.1239,0,0
CUST015794,0.054,0,0
CUST049382,0.0802,0,0
CUST018143,0.2628,0,0
CUST040498,0.0433,0,0
CUST023871,0.0365,0,0
CUST006274,0.3852,0,0
CUST012837,0.6012,1,1
CUST014242,0.7155,1,1
CUST003353,0.2856,0,0
CUST038397,0.6479,1,1
CUST042997,0.4527,0,0
CUST033247,0.0448,0,0
CUST041215,0.1118,0,0
CUST037875,0.1122,0,0
CUST035125,0.4091,0,0
CUST019214,0.3149,0,0
CUST044448,0.1477,0,0
CUST038015,0.4306,0,0
CUST013060,0.0617,0,0
CUST049818,0.5459,1,0
CUST021026,0.1029,0,0
CUST035984,0.3233,0,0
CUST040012,0.0819,0,0
CUST002927,0.1077,0,0
CUST028210,0.2757,0,0
CUST009978,0.1853,0,0
CUST025766,0.4425,0,0
CUST035572,0.3067,0,0
CUST040689,0.4234,0,0
CUST025249,0.0973,0,0
CUST017037,0.3342,0,0
CUST040946,0.2114,0,0
CUST014590,0.5163,1,0
CUST047890,0.0675,0,0
CUST015930,0.5186,1,0
CUST041857,0.1497,0,0
CUST026913,0.0868,0,0
CUST042227,0.3404,0,0
CUST044807,0.6529,1,0
CUST022917,0.0443,0,0
CUST030410,0.7822,1,0
CUST000813,0.1337,0,0
CUST034781,0.1235,0,0
CUST031520,0.0675,0,0
CUST005913,0.0596,0,0
CUST037494,0.0703,0,0
CUST020071,0.0838,0,0
CUST007214,0.183,0,0
CUST048167,0.2131,0,0
CUST013919,0.0662,0,0
CUST047846,0.0569,0,0
CUST032354,0.1889,0,0
CUST019413,0.1139,0,0
CUST047367,0.5356,1,0
CUST030749,0.1,0,0
CUST023743,0.1406,0,0
CUST037688,0.8613,1,0
CUST045546,0.1877,0,0
CUST033987,0.0596,0,0
CUST024443,0.1679,0,0
CUST020271,0.2836,0,0
CUST026721,0.3486,0,0
CUST032503,0.1031,0,0
CUST033857,0.0681,0,0
CUST031113,0.1031,0,0
CUST004681,0.0766,0,0
CUST047596,0.0753,0,0
CUST006160,0.066,0,0
CUST048787,0.1331,0,0
CUST003518,0.5794,1,0
CUST012369,0.1935,0,0
CUST035846,0.0885,0,0
CUST043427,0.4133,0,0
CUST017692,0.6118,1,0
CUST009020,0.1019,0,0
CUST012066,0.0648,0,0
CUST002294,0.0927,0,0
CUST034667,0.2776,0,0
CUST049686,0.0748,0,0
CUST042988,0.4388,0,0
CUST007951,0.2837,0,0
CUST025590,0.0881,0,0
CUST040872,0.2032,0,0
CUST009585,0.1184,0,0
CUST026476,0.0675,0,0
CUST011888,0.6492,1,0
CUST011646,0.8295,1,0
CUST019175,0.498,0,0
CUST029648,0.8991,1,0
CUST019527,0.5293,1,0
CUST036513,0.072,0,0
CUST019674,0.5513,1,0
CUST017566,0.1648,0,0
CUST026587,0.1691,0,0
CUST001185,0.0546,0,0
CUST039668,0.0451,0,0
CUST037049,0.0495,0,0
CUST034248,0.0555,0,0
CUST018019,0.0504,0,0
CUST033424,0.1749,0,0
CUST029923,0.0836,0,0
CUST027120,0.0978,0,0
CUST048996,0.0969,0,0
CUST045099,0.0598,0,0
CUST039489,0.0555,0,0
CUST015303,0.1774,0,0
CUST015884,0.0741,0,0
CUST009079,0.2227,0,0
CUST027830,0.0675,0,0
CUST043746,0.123,0,0
CUST024746,0.0582,0,0
CUST010882,0.7854,1,0
CUST042400,0.8951,1,1
CUST031522,0.051,0,0
CUST015866,0.0554,0,0
CUST016934,0.0626,0,0
CUST032206,0.1604,0,0
CUST007077,0.1026,0,0
CUST036970,0.0379,0,0
CUST013178,0.6985,1,0
CUST012814,0.3836,0,0
CUST001576,0.6005,1,0
CUST049366,0.0675,0,0
CUST047567,0.0632,0,0
CUST043058,0.1524,0,0
CUST039499,0.259,0,0
CUST031153,0.8991,1,0
CUST028692,0.867,1,1
CUST037825,0.1877,0,0
CUST004917,0.1342,0,0
CUST045671,0.243,0,0
CUST013140,0.1405,0,0
CUST049823,0.7292,1,0
CUST023560,0.1401,0,0
CUST022647,0.3193,0,0
CUST029230,0.1834,0,0
CUST039678,0.1964,0,0
CUST009273,0.34,0,0
CUST045029,0.452,0,0
CUST021407,0.0586,0,0
CUST033321,0.0781,0,0
CUST026181,0.1087,0,0
CUST010657,0.4669,0,0
CUST042680,0.074,0,0
CUST004959,0.047,0,0
CUST039797,0.0786,0,0
CUST041364,0.0619,0,0
CUST038982,0.0531,0,0
CUST049476,0.3049,0,0
CUST028443,0.8237,1,0
CUST007166,0.1126,0,0
CUST002615,0.6008,1,0
CUST044378,0.0846,0,0
CUST022156,0.1296,0,0
CUST012216,0.5076,1,0
CUST001136,0.7606,1,0
CUST001561,0.0982,0,0
CUST016176,0.8933,1,0
CUST041875,0.1692,0,0
CUST022325,0.0892,0,0
CUST028681,0.101,0,0
CUST014781,0.0877,0,0
CUST031640,0.1151,0,0
CUST003980,0.8974,1,0
CUST020024,0.1241,0,0
CUST005331,0.0598,0,0
CUST025933,0.1332,0,0
CUST031360,0.7869,1,0
CUST014266,0.1167,0,0
CUST045867,0.0649,0,0
CUST002430,0.1117,0,0
CUST046901,0.0513,0,0
CUST007463,0.1233,0,0
CUST031974,0.0753,0,0
CUST036164,0.7852,1,0
CUST027510,0.4254,0,0
CUST008944,0.1259,0,0
CUST001040,0.0989,0,0
CUST022731,0.6707,1,0
CUST012132,0.0753,0,0
CUST015902,0.0598,0,0
CUST043776,0.7491,1,0
CUST032160,0.1786,0,0
CUST007750,0.0977,0,0
CUST038618,0.126,0,0
CUST029019,0.0991,0,0
CUST026333,0.1231,0,0
CUST010246,0.087,0,0
CUST036548,0.1688,0,0
CUST041101,0.5494,1,1
CUST012606,0.1045,0,0
CUST049583,0.0675,0,0
CUST042435,0.0753,0,0
CUST009169,0.0881,0,0
CUST017124,0.465,0,0
CUST028980,0.0611,0,0
CUST025470,0.1007,0,0
CUST030758,0.273,0,0
CUST008947,0.852,1,0
CUST014937,0.7356,1,0
CUST042265,0.1017,0,0
CUST024532,0.1495,0,0
CUST021412,0.4092,0,0
CUST040112,0.0676,0,0
CUST033595,0.7944,1,0
CUST024359,0.0947,0,0
CUST045075,0.164,0,0
CUST008301,0.1895,0,0
CUST040452,0.6005,1,0
CUST020274,0.0675,0,0
CUST018423,0.1169,0,0
CUST012723,0.0571,0,0
CUST014086,0.1965,0,0
CUST035587,0.0806,0,0
CUST025756,0.2953,0,0
CUST037095,0.6831,1,0
CUST021989,0.8991,1,1
CUST008447,0.1446,0,0
CUST038400,0.2537,0,0
CUST005183,0.1531,0,0
CUST001655,0.0471,0,0
CUST021145,0.7375,1,0
CUST027793,0.4251,0,0
CUST030191,0.4164,0,0
CUST001910,0.0927,0,0
CUST037055,0.1464,0,0
CUST004045,0.0526,0,0
CUST008375,0.1118,0,0
CUST001427,0.7841,1,0
CUST016713,0.466,0,0
CUST006476,0.8018,1,0
CUST040255,0.0786,0,0
CUST032819,0.0559,0,0
CUST027893,0.0897,0,0
CUST042304,0.0518,0,0
CUST005456,0.852,1,0
CUST049987,0.0626,0,0
CUST010942,0.0836,0,0
CUST031358,0.1084,0,0
CUST023222,0.8567,1,0
CUST015799,0.5396,1,0
CUST048119,0.7818,1,0
CUST035616,0.0639,0,0
CUST036068,0.0495,0,0
CUST041379,0.0977,0,0
CUST004850,0.321,0,0
CUST047848,0.0535,0,0
CUST028105,0.0397,0,0
CUST047236,0.069,0,0
CUST031682,0.5585,1,0
CUST024849,0.1612,0,0
CUST001361,0.0661,0,0
CUST045113,0.2418,0,0
CUST039664,0.1454,0,0
CUST008965,0.0796,0,0
CUST040066,0.0486,0,0
CUST046596,0.374,0,0
CUST019444,0.1491,0,0
CUST045736,0.8775,1,1
CUST033606,0.2256,0,0
CUST018500,0.1943,0,0
CUST013244,0.1467,0,0
CUST011923,0.0687,0,0
CUST017945,0.0844,0,0
CUST011028,0.1528,0,0
CUST016454,0.2462,0,0
CUST002609,0.0592,0,0
CUST033952,0.2163,0,0
CUST032107,0.2569,0,0
CUST040652,0.0818,0,0
CUST000455,0.9247,1,0
CUST046740,0.0539,0,0
CUST034931,0.0431,0,0
CUST043982,0.8991,1,0
CUST040270,0.0907,0,0
CUST045124,0.0492,0,0
CUST019276,0.4114,0,0
CUST043625,0.2856,0,0
CUST026357,0.1355,0,0
CUST035192,0.6717,1,0
CUST034023,0.0805,0,0
CUST008863,0.0838,0,0
CUST023053,0.2105,0,0
CUST033138,0.5621,1,0
CUST042166,0.0753,0,0
CUST023258,0.1022,0,0
CUST035175,0.044,0,0
CUST005894,0.0936,0,0
CUST044718,0.1321,0,0
CUST040617,0.7754,1,0
CUST019928,0.0703,0,0
CUST029003,0.0601,0,0
CUST004204,0.064,0,0
CUST029390,0.134,0,0
CUST006962,0.5455,1,0
CUST041098,0.5652,1,0
CUST049150,0.0829,0,0
CUST017198,0.1477,0,0
CUST003006,0.0788,0,0
CUST020554,0.1196,0,0
CUST017364,0.5866,1,0
CUST001983,0.4157,0,0
CUST048285,0.3518,0,0
CUST007694,0.3307,0,0
CUST013447,0.8799,1,1
CUST011026,0.0422,0,0
CUST039759,0.0476,0,0
CUST000533,0.0442,0,0
CUST044732,0.2922,0,0
CUST033333,0.1983,0,0
CUST038041,0.5576,1,0
CUST024255,0.0858,0,0
CUST015765,0.048,0,0
CUST037515,0.1541,0,0
CUST017717,0.411,0,0
CUST022885,0.2749,0,0
CUST005970,0.1675,0,0
CUST020531,0.5386,1,1
CUST031906,0.1116,0,0
CUST017461,0.3067,0,0
CUST048321,0.049,0,0
CUST038008,0.0588,0,0
CUST048302,0.1047,0,0
CUST027218,0.0769,0,0
CUST048635,0.1073,0,0
CUST010497,0.0687,0,0
CUST010840,0.1517,0,0
CUST026325,0.4392,0,0
CUST029570,0.0675,0,0
CUST011590,0.0961,0,0
CUST031426,0.9095,1,0
CUST020536,0.0961,0,0
CUST036307,0.1022,0,0
CUST025292,0.1031,0,0
CUST003206,0.5232,1,0
CUST008114,0.8175,1,1
CUST040760,0.0601,0,0
CUST001952,0.0998,0,0
CUST010228,0.3,0,0
CUST042256,0.852,1,0
CUST003513,0.1458,0,0
CUST014317,0.1275,0,0
CUST037947,0.0838,0,0
CUST026294,0.1566,0,0
CUST023422,0.0866,0,0
CUST036264,0.852,1,0
CUST003073,0.2109,0,0
CUST015520,0.0649,0,0
CUST023293,0.1879,0,0
CUST014464,0.0588,0,0
CUST019732,0.1879,0,0
CUST040588,0.5749,1,0
CUST033379,0.1816,0,0
CUST041702,0.1128,0,0
CUST031518,0.0642,0,0
CUST043345,0.8991,1,0
CUST032578,0.0921,0,0
CUST029640,0.1688,0,0
CUST000004,0.4075,0,0
CUST028052,0.8991,1,0
CUST032639,0.1372,0,0
CUST000876,0.0775,0,0
CUST019064,0.0827,0,0
CUST032505,0.1167,0,0
CUST016274,0.7212,1,0
CUST007727,0.0384,0,0
CUST016563,0.0752,0,0
CUST028631,0.1515,0,0
CUST009579,0.4257,0,0
CUST023556,0.1141,0,0
CUST039715,0.0587,0,0
CUST015565,0.0588,0,0
CUST013138,0.2586,0,1
CUST043860,0.261,0,0
CUST022123,0.0675,0,0
CUST036879,0.3986,0,0
CUST024205,0.8591,1,1
CUST039939,0.0994,0,0
CUST021451,0.2001,0,0
CUST007977,0.1282,0,0
CUST035405,0.1451,0,0
CUST006345,0.093,0,0
CUST021326,0.7877,1,0
CUST032011,0.3291,0,0
CUST029453,0.0788,0,0
CUST038656,0.1792,0,0
CUST012002,0.3286,0,0
CUST032343,0.4276,0,0
CUST018256,0.8202,1,0
CUST041613,0.0756,0,0
CUST043139,0.0928,0,0
CUST039851,0.2795,0,0
CUST044506,0.073,0,0
CUST022355,0.111,0,0
CUST000229,0.0652,0,0
CUST049326,0.1466,0,0
CUST043742,0.0446,0,0
CUST034070,0.0919,0,0
CUST028812,0.1861,0,0
CUST001505,0.1136,0,0
CUST023752,0.0541,0,0
CUST027513,0.6051,1,0
CUST046649,0.0666,0,0
CUST046642,0.0765,0,0
CUST004979,0.0532,0,0
CUST013056,0.0608,0,0
CUST008393,0.241,0,0
CUST020238,0.1943,0,0
CUST009233,0.0752,0,0
CUST033274,0.06,0,0
CUST026989,0.1009,0,0
CUST042340,0.1809,0,0
CUST017406,0.7671,1,0
CUST047156,0.6369,1,0
CUST030574,0.0385,0,0
CUST039949,0.0413,0,0
CUST023838,0.7716,1,0
CUST041187,0.0675,0,0
CUST039385,0.398,0,0
CUST011839,0.0673,0,0
CUST047467,0.0347,0,0
CUST026831,0.0673,0,0
CUST039135,0.1519,0,0
CUST018105,0.0929,0,0
CUST001126,0.852,1,1
CUST023589,0.4733,0,0
CUST021805,0.0686,0,0
CUST039180,0.1281,0,0
CUST038681,0.1616,0,0
CUST002834,0.7016,1,0
CUST024961,0.1228,0,0
CUST002500,0.6455,1,0
CUST049459,0.3512,0,0
CUST005157,0.1005,0,0
CUST032851,0.0849,0,0
CUST007113,0.2432,0,0
CUST022259,0.3721,0,0
CUST010532,0.8072,1,0
CUST034232,0.0548,0,0
CUST013685,0.3777,0,0
CUST015528,0.6696,1,0
CUST038002,0.0925,0,0
CUST010996,0.1007,0,0
CUST024146,0.0753,0,0
CUST019636,0.066,0,0
CUST005618,0.1031,0,0
CUST014279,0.1016,0,0
CUST046358,0.1508,0,0
CUST020679,0.0978,0,0
CUST025104,0.0665,0,0
CUST014380,0.0531,0,0
CUST035639,0.1647,0,0
CUST035477,0.1051,0,0
CUST023739,0.8933,1,0
CUST005697,0.1428,0,0
CUST024599,0.292,0,0
CUST017086,0.3672,0,0
CUST012875,0.0909,0,0
CUST020637,0.1454,0,0
CUST039808,0.8991,1,0
CUST034174,0.099,0,0
CUST031446,0.4192,0,0
CUST036978,0.0471,0,0
CUST003415,0.0715,0,0
CUST023201,0.048,0,0
CUST009382,0.1708,0,0
CUST014267,0.0709,0,0
CUST000374,0.1013,0,0
CUST001137,0.6103,1,0
CUST023609,0.081,0,0
CUST035674,0.8991,1,0
CUST017195,0.7745,1,1
CUST039152,0.8629,1,1
CUST028670,0.1474,0,0
CUST041790,0.0436,0,0
CUST047565,0.1796,0,0
CUST038930,0.0895,0,0
CUST037339,0.1047,0,0
CUST005148,0.2751,0,0
CUST036706,0.115,0,0
CUST037103,0.0775,0,0
CUST040692,0.0974,0,0
CUST049487,0.8671,1,0
CUST048925,0.1838,0,0
CUST017977,0.4204,0,0
CUST037691,0.1834,0,0
CUST001725,0.1041,0,0
CUST019026,0.091,0,0
CUST007510,0.453,0,0
CUST043419,0.4445,0,0
CUST011066,0.8879,1,0
CUST024771,0.0872,0,0
CUST022301,0.0903,0,0
CUST026203,0.0955,0,0
CUST011543,0.0688,0,0
CUST009715,0.2404,0,0
CUST025280,0.0772,0,0
CUST027971,0.0608,0,0
CUST040828,0.0865,0,0
CUST010406,0.8991,1,0
CUST020838,0.1412,0,0
CUST040080,0.7422,1,0
CUST033916,0.1337,0,0
CUST007470,0.1475,0,0
CUST001289,0.0591,0,0
CUST023562,0.0645,0,0
CUST026490,0.049,0,0
CUST023087,0.5485,1,0
CUST044475,0.0565,0,0
CUST043281,0.1457,0,0
CUST024012,0.3521,0,0
CUST008433,0.4718,0,0
CUST016127,0.2623,0,0
CUST023420,0.8556,1,0
CUST014214,0.0696,0,0
CUST015401,0.0636,0,0
CUST040212,0.0663,0,0
CUST029715,0.7165,1,0
CUST038772,0.137,0,0
CUST025620,0.0514,0,0
CUST017966,0.1095,0,0
CUST010035,0.1808,0,0
CUST026760,0.5628,1,0
CUST042625,0.5754,1,0
CUST020586,0.1559,0,0
CUST016352,0.1459,0,0
CUST028439,0.0943,0,0
CUST038006,0.3381,0,0
CUST045328,0.0741,0,0
CUST028218,0.0557,0,0
CUST024125,0.0493,0,0
CUST035868,0.1233,0,0
CUST029773,0.0738,0,0
CUST049524,0.0549,0,0
CUST048209,0.6313,1,0
CUST032958,0.1008,0,0
CUST007276,0.0794,0,0
CUST046170,0.229,0,0
CUST034681,0.1153,0,0
CUST000862,0.1031,0,0
CUST047735,0.1836,0,0
CUST036554,0.0955,0,0
CUST030960,0.0667,0,0
CUST027856,0.3419,0,0
CUST029736,0.1333,0,0
CUST002058,0.0641,0,0
CUST003699,0.0497,0,0
CUST014713,0.4623,0,0
CUST022574,0.2732,0,0
CUST012512,0.1397,0,0
CUST024279,0.1045,0,0
CUST025045,0.0675,0,0
CUST029932,0.1394,0,0
CUST020353,0.0897,0,0
CUST010985,0.9006,1,0
CUST035550,0.808,1,0
CUST044956,0.0839,0,0
CUST022780,0.1855,0,0
CUST046387,0.1293,0,0
CUST033758,0.0842,0,0
CUST021324,0.0726,0,0
CUST003993,0.1114,0,0
CUST048457,0.646,1,0
CUST011123,0.094,0,0
CUST019080,0.1528,0,0
CUST030916,0.0515,0,0
CUST031667,0.2074,0,0
CUST035442,0.1253,0,0
CUST026813,0.6419,1,0
CUST008361,0.3802,0,0
CUST005777,0.8498,1,0
CUST033618,0.0941,0,0
CUST027921,0.069,0,0
CUST019364,0.0461,0,0
CUST025210,0.0583,0,0
CUST004509,0.0603,0,0
CUST001873,0.0842,0,0
CUST036811,0.3552,0,0
CUST041389,0.8561,1,0
CUST030817,0.285,0,0
CUST024530,0.089,0,0
CUST038542,0.653,1,0
CUST044720,0.0696,0,0
CUST024606,0.0847,0,0
CUST009746,0.1192,0,0
CUST045082,0.4337,0,0
CUST043750,0.1888,0,0
CUST027204,0.5753,1,0
CUST016785,0.6238,1,0
CUST043621,0.1396,0,0
CUST024798,0.1124,0,0
CUST016564,0.0728,0,0
CUST029461,0.1589,0,0
CUST049143,0.0702,0,0
CUST020680,0.8226,1,0
CUST017736,0.1608,0,0
CUST006866,0.094,0,0
CUST032620,0.4877,0,0
CUST049312,0.0686,0,0
CUST036306,0.6345,1,0
CUST046974,0.0712,0,0
CUST049295,0.3703,0,0
CUST044059,0.1895,0,0
CUST026835,0.226,0,0
CUST039709,0.1543,0,0
CUST003036,0.1436,0,0
CUST028047,0.7194,1,0
CUST041758,0.0757,0,0
CUST039764,0.8991,1,1
CUST042905,0.2535,0,0
CUST022495,0.051,0,0
CUST030605,0.1926,0,0
CUST030904,0.0549,0,0
CUST004183,0.5585,1,0
CUST000636,0.1458,0,0
CUST007548,0.5588,1,0
CUST023572,0.075,0,0
CUST011274,0.5912,1,0
CUST026823,0.2866,0,0
CUST039118,0.3645,0,0
CUST033405,0.1651,0,0
CUST025566,0.3068,0,0
CUST038255,0.1163,0,0
CUST014527,0.0573,0,0
CUST016740,0.1337,0,0
CUST042104,0.318,0,1
CUST005266,0.0668,0,0
CUST014087,0.093,0,0
CUST018649,0.2759,0,0
CUST009744,0.0917,0,0
CUST029981,0.1803,0,0
CUST005117,0.1177,0,0
CUST017856,0.8528,1,0
CUST032547,0.1282,0,0
CUST019438,0.1141,0,0
CUST020326,0.057,0,0
CUST047166,0.1179,0,0
CUST005805,0.1168,0,0
CUST046177,0.0898,0,0
CUST042642,0.04,0,0
CUST048235,0.1317,0,0
CUST043827,0.541,1,0
CUST020228,0.0608,0,0
CUST022664,0.8588,1,0
CUST021219,0.0455,0,0
CUST025452,0.1986,0,0
CUST012463,0.1675,0,0
CUST031039,0.1864,0,0
CUST008765,0.0368,0,0
CUST006164,0.0589,0,0
CUST000739,0.516,1,0
CUST011374,0.0609,0,0
CUST034521,0.3938,0,0
CUST000037,0.0945,0,0
CUST014401,0.0617,0,0
CUST033041,0.0607,0,0
CUST040720,0.5993,1,0
CUST028212,0.852,1,0
CUST002096,0.2843,0,0
CUST027881,0.1635,0,0
CUST016406,0.1323,0,0
CUST019924,0.3672,0,0
CUST015466,0.1213,0,0
CUST045040,0.0631,0,0
CUST033504,0.1337,0,0
CUST022708,0.1237,0,0
CUST028878,0.1306,0,0
CUST015099,0.061,0,0
CUST011467,0.8656,1,0
CUST028725,0.0436,0,0
CUST019133,0.8626,1,1
CUST001594,0.153,0,0
CUST037177,0.119,0,0
CUST003833,0.1709,0,0
CUST016664,0.056,0,0
CUST000844,0.1179,0,0
CUST014483,0.0473,0,0
CUST022941,0.0924,0,0
CUST027598,0.158,0,0
CUST000841,0.1064,0,0
CUST004277,0.4297,0,0
CUST007522,0.8546,1,0
CUST011871,0.1199,0,0
CUST033134,0.0781,0,0
CUST010567,0.8854,1,0
CUST005551,0.7757,1,0
CUST025465,0.1463,0,0
CUST037935,0.0643,0,0
CUST035173,0.2083,0,0
CUST009355,0.063,0,0
CUST012825,0.9006,1,1
CUST032910,0.3118,0,0
CUST049034,0.0597,0,0
CUST039178,0.2889,0,0
CUST037071,0.1177,0,0
CUST048909,0.0557,0,0
CUST024644,0.2748,0,0
CUST022873,0.4394,0,0
CUST029886,0.547,1,0
CUST028949,0.0675,0,0
CUST045730,0.1463,0,0
CUST005920,0.5452,1,0
CUST034370,0.5484,1,0
CUST046744,0.1184,0,0
CUST049752,0.0734,0,0
CUST004552,0.2229,0,1
CUST033763,0.0603,0,0
CUST025480,0.0841,0,0
CUST034533,0.4663,0,0
CUST001313,0.0823,0,0
CUST007306,0.1447,0,0
CUST031778,0.8116,1,0
CUST018397,0.0852,0,0
CUST016610,0.5963,1,0
CUST009606,0.0731,0,0
CUST035989,0.1456,0,0
CUST042399,0.1655,0,0
CUST005000,0.7077,1,0
CUST023423,0.061,0,0
CUST026775,0.1761,0,0
CUST007150,0.8288,1,0
CUST039298,0.1882,0,0
CUST037536,0.6296,1,0
CUST042834,0.0431,0,0
CUST046637,0.3063,0,0
CUST024100,0.0518,0,0
CUST005342,0.7127,1,0
CUST021432,0.1676,0,0
CUST014306,0.2086,0,0
CUST048130,0.1071,0,0
CUST014880,0.0795,0,0
CUST034132,0.7377,1,0
CUST029077,0.4381,0,0
CUST033798,0.2751,0,0
CUST004600,0.0999,0,0
CUST033260,0.0695,0,0
CUST019227,0.0625,0,0
CUST017670,0.0817,0,0
CUST044116,0.1061,0,0
CUST017937,0.0573,0,0
CUST040231,0.8393,1,0
CUST019712,0.0861,0,0
CUST005205,0.0891,0,0
CUST043151,0.0953,0,0
CUST026512,0.1214,0,0
CUST023719,0.0554,0,0
CUST031791,0.0463,0,0
CUST049925,0.0543,0,0
CUST046374,0.2837,0,0
CUST008017,0.1186,0,0
CUST006033,0.1127,0,0
CUST015201,0.1534,0,0
CUST040457,0.3736,0,0
CUST006914,0.2346,0,0
CUST017218,0.2341,0,0
CUST022252,0.168,0,0
CUST043344,0.1082,0,0
CUST010097,0.295,0,0
CUST017468,0.2474,0,0
CUST039547,0.1118,0,0
CUST038881,0.0523,0,0
CUST036033,0.1059,0,0
CUST005280,0.253,0,0
CUST008174,0.3169,0,0
CUST023789,0.1038,0,0
CUST011193,0.0376,0,0
CUST013621,0.0716,0,0
CUST045070,0.0988,0,0
CUST045588,0.0776,0,0
CUST003757,0.427,0,0
CUST015985,0.6565,1,0
CUST038116,0.3825,0,0
CUST006454,0.0539,0,0
CUST016104,0.0495,0,0
CUST014799,0.0672,0,0
CUST008721,0.2267,0,0
CUST019981,0.118,0,0
CUST043694,0.089,0,0
CUST011177,0.7043,1,0
CUST033950,0.7777,1,0
CUST031057,0.2383,0,0
CUST002047,0.7484,1,0
CUST032640,0.5054,1,0
CUST017646,0.0565,0,0
CUST025842,0.0878,0,0
CUST000185,0.0612,0,0
CUST019817,0.8393,1,0
CUST008318,0.5105,1,0
CUST022886,0.0597,0,0
CUST022041,0.1121,0,0
CUST023687,0.1161,0,0
CUST012559,0.7115,1,0
CUST015119,0.0557,0,0
CUST006131,0.0675,0,0
CUST002849,0.1081,0,0
CUST021507,0.072,0,0
CUST037274,0.4167,0,0
CUST000609,0.173,0,0
CUST009279,0.0851,0,0
CUST013596,0.738,1,0
CUST001192,0.0476,0,0
CUST046847,0.0726,0,0
CUST030294,0.0635,0,0
CUST002183,0.4148,0,0
CUST039660,0.0694,0,0
CUST017347,0.6539,1,0
CUST006522,0.0816,0,0
CUST029162,0.0682,0,0
CUST048445,0.071,0,0
CUST022601,0.0443,0,0
CUST022810,0.126,0,0
CUST007244,0.2537,0,0
CUST010676,0.2024,0,0
CUST016950,0.2909,0,0
CUST030059,0.2197,0,0
CUST019581,0.1153,0,0
CUST002465,0.8322,1,0
CUST002213,0.2217,0,0
CUST001855,0.097,0,0
CUST000081,0.3344,0,0
CUST017107,0.6715,1,0
CUST045567,0.0532,0,0
CUST042493,0.1186,0,0
CUST025870,0.1233,0,0
CUST003409,0.471,0,0
CUST017969,0.3043,0,0
CUST036934,0.1119,0,0
CUST008918,0.1458,0,0
CUST041491,0.0659,0,0
CUST007530,0.0737,0,0
CUST045819,0.6784,1,0
CUST047281,0.0857,0,0
CUST021980,0.1013,0,0
CUST044746,0.1435,0,0
CUST016623,0.0621,0,0
CUST021797,0.0776,0,0
CUST037345,0.0997,0,0
CUST005315,0.0771,0,0
CUST030656,0.057,0,0
CUST001670,0.0947,0,0
CUST015386,0.185,0,0
CUST008787,0.0859,0,0
CUST025287,0.0492,0,0
CUST000658,0.4546,0,0
CUST018394,0.0848,0,0
CUST013122,0.8364,1,0
CUST012390,0.1888,0,0
CUST018419,0.1375,0,0
CUST034641,0.0588,0,0
CUST008177,0.0768,0,0
CUST047683,0.0793,0,0
CUST032605,0.1654,0,0
CUST016305,0.0574,0,0
CUST030162,0.8712,1,0
CUST036791,0.7567,1,0
CUST009798,0.1868,0,0
CUST047534,0.1048,0,0
CUST009913,0.7335,1,0
CUST038965,0.0523,0,0
CUST043234,0.8873,1,0
CUST047276,0.0675,0,0
CUST036903,0.053,0,0
CUST046814,0.9006,1,0
CUST044704,0.23,0,0
CUST004427,0.0385,0,0
CUST031438,0.2949,0,0
CUST035816,0.111,0,0
CUST018811,0.2084,0,0
CUST025780,0.0414,0,0
CUST010254,0.8252,1,0
CUST006763,0.1007,0,0
CUST002789,0.0504,0,0
CUST027735,0.1269,0,0
CUST031980,0.1172,0,0
CUST037579,0.0954,0,0
CUST029261,0.0404,0,0
CUST015495,0.1185,0,0
CUST003284,0.2793,0,0
CUST017204,0.1393,0,0
CUST046057,0.3147,0,0
CUST014875,0.0675,0,0
CUST031711,0.0658,0,0
CUST014669,0.1014,0,0
CUST032149,0.106,0,0
CUST023791,0.084,0,0
CUST010395,0.1914,0,0
CUST039434,0.0676,0,0
CUST006249,0.0886,0,0
CUST044869,0.0635,0,0
CUST009502,0.2721,0,0
CUST008271,0.1206,0,0
CUST044683,0.8974,1,0
CUST044174,0.8404,1,1
CUST045697,0.8042,1,0
CUST041638,0.1153,0,0
CUST041653,0.5279,1,0
CUST039034,0.1668,0,0
CUST045345,0.2835,0,0
CUST021646,0.7517,1,0
CUST031332,0.2941,0,0
CUST035663,0.0587,0,0
CUST045460,0.1995,0,0
CUST002050,0.1328,0,0
CUST010989,0.0463,0,0
CUST008203,0.6005,1,0
CUST000122,0.0774,0,0
CUST044267,0.2548,0,0
CUST034632,0.0574,0,0
CUST044200,0.652,1,0
CUST006909,0.8496,1,0
CUST033044,0.365,0,1
CUST008933,0.145,0,0
CUST033025,0.1293,0,0
CUST048950,0.1415,0,0
CUST040177,0.0905,0,0
CUST031076,0.1797,0,0
CUST049204,0.7886,1,0
CUST048396,0.6359,1,0
CUST043029,0.0604,0,0
CUST044519,0.0578,0,0
CUST038382,0.0961,0,0
CUST028654,0.071,0,0
CUST010490,0.0501,0,0
CUST040551,0.3764,0,0
CUST011578,0.1673,0,0
CUST013865,0.1965,0,0
CUST047834,0.8974,1,1
CUST046469,0.1369,0,0
CUST014663,0.088,0,0
CUST049647,0.0824,0,0
CUST017795,0.371,0,0
CUST010453,0.4692,0,0
CUST011145,0.0671,0,0
CUST019651,0.8565,1,0
CUST047217,0.1473,0,0
CUST009776,0.2953,0,0
CUST001734,0.5122,1,0
CUST007901,0.264,0,0
CUST001246,0.7628,1,0
CUST002040,0.0626,0,0
CUST047536,0.0603,0,0
CUST010448,0.3204,0,1
CUST007517,0.2267,0,0
CUST022477,0.0715,0,0
CUST027697,0.0564,0,0
CUST000090,0.5405,1,1
CUST025464,0.0675,0,0
CUST020742,0.1534,0,0
CUST023393,0.056,0,0
CUST033175,0.1224,0,0
CUST006680,0.0807,0,0
CUST030440,0.0591,0,0
CUST026218,0.1151,0,0
CUST048066,0.7485,1,1
CUST010408,0.6095,1,0
CUST044260,0.2649,0,0
CUST037027,0.8837,1,0
CUST001241,0.1918,0,0
CUST022575,0.1196,0,0
CUST014378,0.0982,0,0
CUST031418,0.4425,0,0
CUST017658,0.4921,0,0
CUST028442,0.9039,1,0
CUST043942,0.1153,0,0
CUST026484,0.0734,0,0
CUST001108,0.055,0,0
CUST025930,0.7176,1,0
CUST038528,0.8341,1,0
CUST048056,0.2312,0,0
CUST016558,0.1214,0,0
CUST048318,0.057,0,0
CUST004008,0.0555,0,0
CUST015514,0.1151,0,0
CUST033129,0.0487,0,0
CUST025115,0.2126,0,0
CUST047752,0.9232,1,0
CUST041267,0.1133,0,0
CUST014533,0.095,0,0
CUST024603,0.1275,0,0
CUST003235,0.362,0,0
CUST008706,0.0773,0,0
CUST007103,0.0495,0,0
CUST015433,0.0932,0,0
CUST025526,0.0749,0,0
CUST031319,0.07,0,0
CUST006606,0.9082,1,0
CUST035237,0.0412,0,0
CUST002065,0.5749,1,0
CUST031064,0.8211,1,0
CUST045466,0.4215,0,0
CUST014510,0.1053,0,0
CUST034309,0.1147,0,0
CUST016140,0.0444,0,0
CUST040539,0.0625,0,0
CUST032470,0.048,0,0
CUST027377,0.1807,0,0
CUST025853,0.0858,0,0
CUST041054,0.6634,1,0
CUST017436,0.8728,1,1
CUST026094,0.0975,0,0
CUST025968,0.8717,1,0
CUST042513,0.8833,1,1
CUST020170,0.0481,0,0
CUST049379,0.117,0,0
CUST037134,0.4341,0,0
CUST045836,0.2327,0,0
CUST017095,0.119,0,0
CUST036665,0.0741,0,0
CUST012583,0.8121,1,0
CUST017306,0.0823,0,0
CUST034061,0.0508,0,0
CUST034031,0.5143,1,0
CUST032548,0.0535,0,0
CUST039654,0.1417,0,0
CUST006868,0.1356,0,0
CUST030655,0.141,0,0
CUST021598,0.0583,0,0
CUST036450,0.6005,1,0
CUST043602,0.1156,0,0
CUST030053,0.2236,0,0
CUST033071,0.0781,0,0
CUST011810,0.1645,0,0
CUST003507,0.0572,0,0
CUST020516,0.0675,0,0
CUST030794,0.436,0,0
CUST026567,0.4309,0,0
CUST020055,0.0617,0,0
CUST016280,0.0798,0,0
CUST004688,0.6732,1,0
CUST012276,0.0787,0,0
CUST001314,0.1266,0,0
CUST022910,0.4426,0,0
CUST021465,0.0793,0,0
CUST015486,0.4414,0,0
CUST049794,0.0449,0,0
CUST045475,0.0786,0,0
CUST046655,0.3221,0,0
CUST000145,0.2371,0,0
CUST049529,0.0679,0,0
CUST036716,0.1042,0,0
CUST011265,0.4765,0,0
CUST025956,0.0875,0,0
CUST037633,0.1058,0,0
CUST016539,0.1186,0,0
CUST015475,0.0939,0,0
CUST009712,0.6856,1,0
CUST015336,0.3998,0,0
CUST039546,0.0717,0,0
CUST022055,0.1471,0,0
CUST015494,0.0591,0,0
CUST015816,0.7767,1,0
CUST011846,0.9261,1,1
CUST041115,0.1599,0,0
CUST040945,0.055,0,0
CUST002439,0.1504,0,0
CUST041761,0.054,0,0
CUST008187,0.0396,0,0
CUST009059,0.1033,0,0
CUST026271,0.0815,0,0
CUST013498,0.0931,0,0
CUST031904,0.6327,1,0
CUST039713,0.0457,0,0
CUST025048,0.1028,0,0
CUST039088,0.8624,1,0
CUST041634,0.0531,0,0
CUST035073,0.4649,0,0
CUST012471,0.1087,0,0
CUST044410,0.3457,0,0
CUST000777,0.0422,0,0
CUST011967,0.083,0,0
CUST008201,0.1041,0,0
CUST018346,0.0887,0,0
CUST026161,0.0476,0,0
CUST032166,0.0682,0,0
CUST002674,0.09,0,0
CUST040266,0.6132,1,0
CUST000927,0.1664,0,0
CUST010470,0.0504,0,0
CUST036472,0.0604,0,0
CUST008667,0.3348,0,0
CUST037054,0.0789,0,0
CUST032742,0.4702,0,0
CUST022267,0.158,0,0
CUST045851,0.0911,0,0
CUST037564,0.0566,0,0
CUST047994,0.5707,1,0
CUST042437,0.1085,0,0
CUST047468,0.6798,1,0
CUST003891,0.2426,0,0
CUST044802,0.8095,1,0
CUST039307,0.3102,0,0
CUST023850,0.1662,0,0
CUST008989,0.1031,0,0
CUST032797,0.0831,0,0
CUST001958,0.1132,0,0
CUST039896,0.7532,1,0
CUST021353,0.0587,0,0
CUST000883,0.1422,0,0
CUST019957,0.1818,0,0
CUST003369,0.0563,0,0
CUST049043,0.7453,1,0
CUST019648,0.1933,0,0
CUST039957,0.0767,0,0
CUST009373,0.0675,0,0
CUST008477,0.8772,1,0
CUST017663,0.1163,0,0
CUST035998,0.2633,0,0
CUST000662,0.1696,0,0
CUST032780,0.3515,0,0
CUST013335,0.3511,0,0
CUST046798,0.8319,1,0
CUST006329,0.0677,0,0
CUST015663,0.2223,0,0
CUST035029,0.1511,0,0
CUST045267,0.0482,0,0
CUST044268,0.1526,0,0
CUST009857,0.6143,1,0
CUST006897,0.8971,1,0
CUST044389,0.0568,0,0
CUST034465,0.0711,0,0
CUST011113,0.0574,0,0
CUST045479,0.0723,0,0
CUST005296,0.3714,0,0
CUST001582,0.3605,0,0
CUST046210,0.7914,1,0
CUST047263,0.7496,1,0
CUST027265,0.0993,0,0
CUST044944,0.0747,0,0
CUST029241,0.0527,0,0
CUST022988,0.0675,0,0
CUST034009,0.0668,0,0
CUST030084,0.8717,1,0
CUST035155,0.3364,0,0
CUST044565,0.069,0,0
CUST027140,0.7164,1,0
CUST037456,0.2085,0,0
CUST048221,0.0987,0,0
CUST019332,0.2286,0,0
CUST004433,0.1337,0,0
CUST039665,0.2525,0,0
CUST045221,0.1571,0,0
CUST040973,0.119,0,0
CUST038201,0.8091,1,0
CUST036565,0.0958,0,0
CUST005839,0.1348,0,0
CUST038553,0.8018,1,0
CUST008440,0.0494,0,0
CUST024210,0.2078,0,0
CUST010364,0.5356,1,0
CUST006098,0.0557,0,0
CUST005494,0.7166,1,0
CUST048798,0.0737,0,0
CUST028624,0.7738,1,0
CUST021595,0.1435,0,0
CUST009950,0.1427,0,0
CUST014088,0.0759,0,0
CUST040990,0.1707,0,0
CUST049386,0.1069,0,0
CUST036093,0.0675,0,0
CUST002083,0.5808,1,0
CUST023948,0.0738,0,0
CUST034005,0.0995,0,0
CUST041438,0.1361,0,0
CUST008637,0.0691,0,0
CUST017395,0.095,0,0
CUST019089,0.1827,0,0
CUST047787,0.852,1,0
CUST034424,0.1188,0,0
CUST036900,0.0968,0,0
CUST041188,0.1196,0,0
CUST028616,0.0675,0,0
CUST025820,0.5361,1,0
CUST049675,0.4974,0,1
CUST032138,0.1026,0,0
CUST017896,0.2555,0,0
CUST002987,0.1025,0,0
CUST003929,0.0811,0,0
CUST017634,0.0487,0,0
CUST029615,0.0697,0,0
CUST044463,0.2252,0,0
CUST046979,0.1395,0,0
CUST028286,0.6879,1,0
CUST005902,0.1486,0,0
CUST046305,0.8991,1,0
CUST005017,0.353,0,0
CUST039082,0.0865,0,0
CUST011795,0.0636,0,0
CUST007212,0.0753,0,0
CUST046731,0.192,0,0
CUST006654,0.0399,0,0
CUST006618,0.3248,0,0
CUST005116,0.1939,0,0
CUST022846,0.155,0,0
CUST037791,0.1167,0,0
CUST042301,0.0959,0,0
CUST044010,0.4186,0,0
CUST026692,0.1409,0,0
CUST046681,0.0912,0,0
CUST048767,0.142,0,0
CUST009308,0.8131,1,0
CUST043668,0.0789,0,0
CUST023152,0.3794,0,0
CUST040121,0.2241,0,0
CUST028799,0.6816,1,0
CUST002234,0.0675,0,0
CUST002311,0.7139,1,0
CUST006187,0.727,1,0
CUST012646,0.0586,0,0
CUST021060,0.8344,1,0
CUST006423,0.1077,0,0
CUST011619,0.7103,1,0
CUST040745,0.0534,0,0
CUST047817,0.0626,0,0
CUST021287,0.0578,0,0
CUST006696,0.8991,1,1
CUST009751,0.1302,0,0
CUST031697,0.071,0,0
CUST042183,0.2095,0,0
CUST042985,0.6183,1,0
CUST018603,0.1159,0,0
CUST021779,0.1217,0,0
CUST021702,0.0675,0,0
CUST000322,0.0728,0,0
CUST020620,0.2267,0,0
CUST005014,0.0842,0,0
CUST002665,0.0675,0,0
CUST016678,0.8881,1,0
CUST032604,0.4049,0,0
CUST030457,0.0469,0,0
CUST037432,0.0728,0,0
CUST041400,0.1579,0,0
CUST008927,0.0876,0,0
CUST036753,0.0786,0,0
CUST049094,0.0595,0,0
CUST017959,0.0928,0,0
CUST044686,0.4425,0,0
CUST042801,0.4332,0,0
CUST041392,0.0988,0,0
CUST019972,0.0909,0,0
CUST047811,0.1816,0,0
CUST010960,0.0495,0,0
CUST006846,0.5544,1,0
CUST032518,0.5866,1,0
CUST007187,0.2603,0,0
CUST008102,0.0801,0,0
CUST010214,0.3719,0,0
CUST012878,0.4285,0,0
CUST004014,0.8616,1,0
CUST044548,0.0589,0,0
CUST038653,0.7466,1,1
CUST028973,0.176,0,0
CUST033136,0.6143,1,0
CUST011589,0.1279,0,0
CUST014166,0.1404,0,0
CUST025667,0.2744,0,0
CUST032450,0.0658,0,0
CUST024766,0.6755,1,0
CUST032292,0.2676,0,0
CUST016327,0.8849,1,0
CUST017858,0.0455,0,0
CUST007049,0.0858,0,0
CUST013637,0.084,0,0
CUST046712,0.7916,1,0
CUST030943,0.0901,0,0
CUST005605,0.0921,0,0
CUST030832,0.6252,1,1
CUST000048,0.0773,0,0
CUST010860,0.3996,0,0
CUST046027,0.0385,0,0
CUST049373,0.0383,0,0
CUST036235,0.8114,1,0
CUST046770,0.0714,0,0
CUST040670,0.2755,0,0
CUST000788,0.0589,0,0
CUST003641,0.2656,0,0
CUST044767,0.2017,0,0
CUST028528,0.3438,0,0
CUST008287,0.1266,0,0
CUST049415,0.3757,0,0
CUST039155,0.0862,0,0
CUST030531,0.7693,1,0
CUST039090,0.0675,0,0
CUST006922,0.0502,0,0
CUST033057,0.0719,0,0
CUST024604,0.0662,0,0
CUST014632,0.1163,0,0
CUST033630,0.08,0,0
CUST038770,0.5457,1,0
CUST027461,0.1118,0,0
CUST003384,0.8514,1,1
CUST032782,0.1071,0,0
CUST046725,0.072,0,0
CUST012980,0.0827,0,0
CUST036022,0.1922,0,0
CUST019647,0.0862,0,0
CUST032786,0.0524,0,0
CUST040300,0.0675,0,0
CUST015251,0.0541,0,0
CUST019063,0.189,0,0
CUST025846,0.1206,0,0
CUST047140,0.7196,1,0
CUST009189,0.8299,1,0
CUST048120,0.0675,0,0
CUST047597,0.2001,0,0
CUST013180,0.0592,0,0
CUST033615,0.3793,0,0
CUST002138,0.1836,0,0
CUST031702,0.1511,0,0
CUST040537,0.1623,0,0
CUST033233,0.0737,0,0
CUST041287,0.5673,1,0
CUST013771,0.1702,0,0
CUST045834,0.0698,0,0
CUST029530,0.0534,0,0
CUST024545,0.1677,0,0
CUST039543,0.0848,0,0
CUST046135,0.8097,1,0
CUST010098,0.2593,0,0
CUST026208,0.1816,0,1
CUST018678,0.9025,1,1
CUST029197,0.0451,0,0
CUST006692,0.7656,1,0
CUST004489,0.409,0,0
CUST022671,0.852,1,0
CUST048576,0.0573,0,0
CUST038589,0.0488,0,0
CUST024948,0.4197,0,0
CUST016937,0.1447,0,0
CUST044176,0.2007,0,0
CUST017550,0.0633,0,0
CUST013521,0.0675,0,0
CUST014487,0.0661,0,0
CUST008923,0.0956,0,0
CUST047601,0.1611,0,0
CUST034837,0.0713,0,0
CUST009908,0.721,1,1
CUST042463,0.1941,0,0
CUST032460,0.0675,0,0
CUST040466,0.0794,0,0
CUST026226,0.2217,0,0
CUST007209,0.7364,1,0
CUST022752,0.1622,0,0
CUST005876,0.1408,0,0
CUST045112,0.7292,1,0
CUST014977,0.1129,0,0
CUST033773,0.0681,0,0
CUST048113,0.0704,0,0
CUST020935,0.1131,0,0
CUST011659,0.1207,0,0
CUST036819,0.1087,0,0
CUST013042,0.0675,0,0
CUST023915,0.0818,0,0
CUST003726,0.178,0,0
CUST039802,0.061,0,0
CUST040488,0.2899,0,0
CUST015212,0.0922,0,0
CUST046552,0.1356,0,0
CUST007381,0.0704,0,0
CUST015803,0.0598,0,0
CUST047507,0.1256,0,0
CUST006284,0.087,0,0
CUST018544,0.2267,0,0
CUST044304,0.3412,0,0
CUST025276,0.194,0,0
CUST006436,0.0711,0,0
CUST027968,0.162,0,0
CUST030978,0.2287,0,0
CUST009631,0.0379,0,0
CUST014836,0.506,1,0
CUST035925,0.1978,0,0
CUST040320,0.2862,0,0
CUST037637,0.1447,0,0
CUST027007,0.1451,0,0
CUST034494,0.3267,0,0
CUST042666,0.3248,0,0
CUST049751,0.0698,0,0
CUST038497,0.0753,0,0
CUST024225,0.5416,1,0
CUST029678,0.116,0,0
CUST015518,0.3987,0,1
CUST019886,0.0374,0,0
CUST000594,0.1148,0,0
CUST029054,0.0465,0,0
CUST047325,0.1936,0,0
CUST048240,0.7807,1,0
CUST037255,0.1792,0,0
CUST021119,0.8639,1,0
CUST024354,0.0974,0,0
CUST037676,0.0534,0,0
CUST015050,0.1508,0,0
CUST048030,0.708,1,0
CUST016260,0.1762,0,0
CUST038611,0.0611,0,0
CUST003698,0.8236,1,1
CUST034878,0.0512,0,0
CUST041806,0.0747,0,0
CUST000196,0.1196,0,0
CUST011488,0.0642,0,0
CUST003388,0.1196,0,0
CUST022781,0.3182,0,0
CUST020052,0.0741,0,0
CUST042589,0.0905,0,0
CUST044864,0.3084,0,0
CUST005912,0.2468,0,0
CUST032769,0.1215,0,0
CUST005699,0.2262,0,0
CUST048137,0.6417,1,0
CUST019121,0.1126,0,0
CUST040306,0.0707,0,0
CUST049912,0.0675,0,0
CUST044662,0.5881,1,0
CUST027109,0.0817,0,0
CUST048270,0.5928,1,0
CUST006446,0.1554,0,0
CUST043489,0.6485,1,1
CUST027606,0.0636,0,0
CUST043664,0.4284,0,0
CUST027979,0.3605,0,0
CUST007120,0.1596,0,0
CUST019729,0.655,1,0
CUST005711,0.7438,1,0
CUST021297,0.6904,1,0
CUST013268,0.7693,1,1
CUST027077,0.0378,0,0
CUST035397,0.0675,0,0
CUST035299,0.045,0,0
CUST041586,0.4082,0,0
CUST027060,0.1252,0,0
CUST008572,0.4656,0,0
CUST038987,0.9007,1,1
CUST026285,0.0975,0,0
CUST007840,0.0857,0,0
CUST040465,0.2742,0,0
CUST036875,0.0571,0,0
CUST026538,0.0675,0,0
CUST008289,0.1849,0,0
CUST020152,0.798,1,0
CUST008348,0.7443,1,0
CUST027210,0.5938,1,0
CUST003895,0.0522,0,0
CUST029255,0.0802,0,0
CUST008525,0.0504,0,0
CUST034812,0.2448,0,0
CUST045915,0.0732,0,0
CUST039160,0.0962,0,0
CUST023939,0.0371,0,0
CUST042696,0.8089,1,1
CUST042535,0.2355,0,0
CUST010335,0.105,0,0
CUST003646,0.1063,0,0
CUST044646,0.0737,0,0
CUST015795,0.0638,0,0
CUST015497,0.1048,0,0
CUST029172,0.1777,0,0
CUST016625,0.1181,0,0
CUST028450,0.0477,0,0
CUST002863,0.0744,0,0
CUST049721,0.7449,1,0
CUST047102,0.0491,0,0
CUST024174,0.0828,0,0
CUST026065,0.8991,1,1
CUST033273,0.4903,0,0
CUST040071,0.4291,0,0
CUST030644,0.0753,0,0
CUST038563,0.8495,1,0
CUST000202,0.805,1,0
CUST042894,0.0675,0,0
CUST039324,0.137,0,0
CUST046332,0.1968,0,0
CUST046262,0.6979,1,0
CUST036065,0.655,1,0
CUST003613,0.0841,0,0
CUST002027,0.1128,0,0
CUST012725,0.0753,0,0
CUST026199,0.2746,0,0
CUST023271,0.0783,0,0
CUST002899,0.3436,0,0
CUST034466,0.4381,0,0
CUST009179,0.1338,0,0
CUST019552,0.1272,0,0
CUST014439,0.7919,1,0
CUST019525,0.3073,0,0
CUST011964,0.5912,1,0
CUST029095,0.1608,0,0
CUST016642,0.3608,0,0
CUST002652,0.0708,0,0
CUST004452,0.2934,0,0
CUST016429,0.201,0,0
CUST035743,0.0618,0,0
CUST048053,0.732,1,0
CUST041633,0.2235,0,0
CUST029378,0.8626,1,1
CUST009056,0.1161,0,0
CUST003198,0.0925,0,0
CUST031576,0.1277,0,0
CUST024508,0.0635,0,0
CUST034871,0.266,0,0
CUST024244,0.2527,0,0
CUST002695,0.2015,0,0
CUST002499,0.1673,0,0
CUST007020,0.8404,1,1
CUST017742,0.0478,0,0
CUST039305,0.1446,0,0
CUST027090,0.4106,0,0
CUST040154,0.1026,0,0
CUST032573,0.1827,0,0
CUST042021,0.1104,0,0
CUST022548,0.0553,0,0
CUST024440,0.1709,0,0
CUST012939,0.0374,0,0
CUST016326,0.0932,0,0
CUST028907,0.0681,0,0
CUST007808,0.1456,0,0
CUST014272,0.7068,1,0
CUST003019,0.6581,1,0
CUST000934,0.0539,0,0
CUST039425,0.0532,0,0
CUST038343,0.0521,0,0
CUST010630,0.0802,0,0
CUST026386,0.3591,0,0
CUST042941,0.1082,0,0
CUST011556,0.0635,0,0
CUST037584,0.0675,0,0
CUST015082,0.0772,0,0
CUST009511,0.1181,0,0
CUST047750,0.2153,0,0
CUST025224,0.7834,1,0
CUST007927,0.1543,0,0
CUST018208,0.4425,0,0
CUST043310,0.8412,1,0
CUST030861,0.8991,1,1
CUST030325,0.0835,0,0
CUST029356,0.0955,0,0
CUST041575,0.0573,0,0
CUST018608,0.315,0,0
CUST020594,0.0721,0,0
CUST049916,0.0995,0,0
CUST013692,0.0578,0,0
CUST024722,0.2367,0,0
CUST025038,0.1832,0,0
CUST045240,0.0838,0,0
CUST031190,0.1728,0,0
CUST007455,0.0431,0,0
CUST036676,0.0498,0,0
CUST017921,0.2943,0,0
CUST040051,0.1547,0,0
CUST007215,0.0742,0,0
CUST017490,0.5626,1,0
CUST001704,0.0496,0,0
CUST039000,0.0668,0,0
CUST043622,0.0597,0,0
CUST020949,0.0824,0,0
CUST009449,0.6909,1,0
CUST003756,0.5026,1,0
CUST009092,0.1148,0,0
CUST042303,0.0925,0,0
CUST004970,0.1963,0,0
CUST033242,0.1485,0,0
CUST013913,0.693,1,0
CUST027608,0.9116,1,1
CUST000158,0.0644,0,0
CUST020425,0.1059,0,0
CUST048935,0.3969,0,0
CUST002685,0.052,0,0
CUST004410,0.2237,0,0
CUST001887,0.3849,0,0
CUST045378,0.0739,0,0
CUST042254,0.0573,0,0
CUST009659,0.2717,0,0
CUST007868,0.3873,0,0
CUST013671,0.1653,0,0
CUST033578,0.1485,0,0
CUST004093,0.0826,0,0
CUST040819,0.1066,0,0
CUST043873,0.3606,0,0
CUST015049,0.2508,0,0
CUST046212,0.8422,1,0
CUST044486,0.1893,0,0
CUST004796,0.1196,0,0
CUST013998,0.085,0,0
CUST022927,0.0881,0,0
CUST048671,0.5548,1,0
CUST025810,0.0588,0,0
CUST007682,0.3897,0,0
CUST023106,0.0436,0,0
CUST035603,0.6005,1,0
CUST007262,0.1048,0,0
CUST048766,0.2267,0,0
CUST022704,0.3135,0,0
CUST032700,0.0675,0,0
CUST012798,0.1039,0,0
CUST031355,0.0936,0,0
CUST043712,0.1022,0,0
CUST024252,0.2308,0,0
CUST022755,0.0808,0,0
CUST010155,0.0756,0,0
CUST014745,0.8338,1,0
CUST022674,0.3395,0,0
CUST044054,0.7285,1,0
CUST040124,0.0724,0,0
CUST041785,0.1075,0,0
CUST045997,0.1556,0,0
CUST012241,0.1253,0,0
CUST024649,0.1099,0,0
CUST023623,0.0928,0,0
CUST028530,0.3066,0,0
CUST047283,0.0534,0,0
CUST015090,0.0419,0,0
CUST040097,0.0581,0,0
CUST008236,0.1425,0,0
CUST005516,0.1941,0,0
CUST045798,0.0707,0,0
CUST017072,0.5396,1,0
CUST028606,0.1058,0,0
CUST025159,0.08,0,0
CUST018605,0.634,1,0
CUST012027,0.0753,0,0
CUST027859,0.1366,0,0
CUST023257,0.0564,0,0
CUST012020,0.7101,1,1
CUST042541,0.1774,0,0
CUST042499,0.0649,0,0
CUST014089,0.0632,0,0
CUST039532,0.1662,0,0
CUST044534,0.409,0,0
CUST023557,0.0675,0,0
CUST018371,0.0508,0,0
CUST033275,0.5607,1,0
CUST022580,0.1439,0,0
CUST044146,0.7545,1,0
CUST011563,0.1715,0,0
CUST019827,0.8717,1,0
CUST035661,0.1465,0,0
CUST045521,0.8917,1,0
CUST026838,0.7383,1,0
CUST012678,0.22,0,0
CUST015481,0.0607,0,0
CUST030484,0.156,0,0
CUST010293,0.6022,1,0
CUST049527,0.0744,0,0
CUST035412,0.1726,0,0
CUST044351,0.8626,1,0
CUST042244,0.1252,0,0
CUST012755,0.3771,0,0
CUST044206,0.54,1,0
CUST031389,0.1279,0,0
CUST005133,0.6288,1,0
CUST019100,0.0542,0,0
CUST000740,0.1706,0,0
CUST033975,0.0529,0,0
CUST042209,0.0512,0,0
CUST026301,0.0843,0,0
CUST001610,0.1277,0,0
CUST010523,0.6995,1,0
CUST035355,0.0466,0,0
CUST010101,0.1223,0,0
CUST032975,0.2587,0,0
CUST014246,0.0484,0,0
CUST044003,0.1136,0,0
CUST028650,0.8018,1,0
CUST001474,0.9033,1,1
CUST022537,0.5669,1,0
CUST036703,0.6005,1,0
CUST033465,0.4831,0,0
CUST044190,0.293,0,0
CUST003951,0.077,0,0
CUST015867,0.0609,0,0
CUST019821,0.0646,0,0
CUST010877,0.1007,0,0
CUST020728,0.8512,1,0
CUST032621,0.042,0,0
CUST039461,0.7233,1,0
CUST044792,0.2133,0,0
CUST019695,0.8273,1,1
CUST031713,0.0832,0,0
CUST019470,0.0856,0,0
CUST014870,0.0911,0,0
CUST029518,0.0911,0,0
CUST035372,0.1297,0,0
CUST027966,0.0702,0,0
CUST041740,0.0719,0,0
CUST015260,0.4689,0,0
CUST018132,0.1924,0,0
CUST031494,0.7652,1,0
CUST031510,0.1503,0,0
CUST048029,0.0626,0,0
CUST012653,0.2544,0,0
CUST011636,0.8956,1,0
CUST022000,0.1417,0,0
CUST003294,0.2575,0,0
CUST005274,0.8322,1,0
CUST048333,0.8971,1,0
CUST048952,0.3066,0,0
CUST030853,0.1476,0,0
CUST003669,0.1075,0,0
CUST019433,0.7944,1,0
CUST027041,0.8823,1,0
CUST000106,0.3197,0,0
CUST006891,0.4974,0,0
CUST030402,0.8239,1,0
CUST043133,0.0492,0,0
CUST033617,0.4425,0,0
CUST002295,0.8435,1,0
CUST033860,0.7548,1,0
CUST049368,0.0513,0,0
CUST006330,0.5103,1,0
CUST046175,0.2511,0,0
CUST034175,0.083,0,0
CUST016049,0.0924,0,0
CUST002253,0.6183,1,0
CUST000153,0.4773,0,0
CUST047439,0.0965,0,0
CUST011190,0.5723,1,0
CUST027732,0.08,0,0
CUST036394,0.4006,0,1
CUST034496,0.5766,1,0
CUST000545,0.0686,0,0
CUST027422,0.7839,1,0
CUST032337,0.5205,1,0
CUST048718,0.8498,1,1
CUST036571,0.1032,0,0
CUST040428,0.8236,1,0
CUST040284,0.8712,1,0
CUST044880,0.8319,1,0
CUST040478,0.0725,0,0
CUST040329,0.0732,0,0
CUST026276,0.0748,0,0
CUST040069,0.0465,0,0
CUST019608,0.0505,0,0
CUST008573,0.0583,0,0
CUST008762,0.8314,1,0
CUST032960,0.093,0,0
CUST005850,0.0665,0,0
CUST014455,0.092,0,0
CUST005223,0.0611,0,0
CUST027951,0.0563,0,0
CUST012958,0.0873,0,0
CUST030406,0.0382,0,0
CUST042738,0.0544,0,0
CUST040130,0.8355,1,0
CUST037166,0.0678,0,0
CUST029128,0.1845,0,0
CUST007122,0.291,0,0
CUST036939,0.0504,0,0
CUST014168,0.0679,0,0
CUST025315,0.1089,0,0
CUST013688,0.1907,0,0
CUST003937,0.123,0,0
CUST015661,0.2721,0,0
CUST040905,0.1794,0,0
CUST047095,0.5153,1,0
CUST043373,0.0675,0,0
CUST049121,0.2852,0,0
CUST007430,0.5158,1,0
CUST042042,0.1919,0,0
CUST046187,0.1346,0,0
CUST048375,0.0747,0,0
CUST047768,0.5368,1,0
CUST005339,0.2145,0,0
CUST002384,0.1688,0,0
CUST041127,0.0586,0,0
CUST005105,0.0595,0,0
CUST032589,0.0717,0,0
CUST013236,0.0436,0,0
CUST027079,0.5585,1,0
CUST026635,0.0675,0,0
CUST041600,0.0702,0,0
CUST005749,0.0908,0,0
CUST013886,0.0843,0,0
CUST040511,0.0641,0,0
CUST023509,0.0652,0,0
CUST019249,0.157,0,0
CUST017631,0.117,0,0
CUST040878,0.0737,0,0
CUST034284,0.1465,0,0
CUST016408,0.0802,0,0
CUST036125,0.0701,0,0
CUST049139,0.0737,0,0
CUST019609,0.0536,0,0
CUST015897,0.0969,0,0
CUST016818,0.8311,1,0
CUST019806,0.1024,0,0
CUST015183,0.357,0,0
CUST019235,0.0689,0,0
CUST013983,0.1663,0,0
CUST002884,0.1107,0,0
CUST001946,0.0832,0,0
CUST031532,0.1861,0,0
CUST015385,0.4104,0,0
CUST009931,0.0943,0,0
CUST035110,0.3706,0,0
CUST020485,0.8991,1,0
CUST020100,0.0591,0,0
CUST007803,0.1114,0,0
CUST044503,0.1486,0,0
CUST019720,0.0853,0,0
CUST020009,0.2074,0,0
CUST024844,0.8651,1,0
CUST049268,0.0614,0,0
CUST043415,0.516,1,0
CUST013437,0.0808,0,0
CUST016093,0.8422,1,0
CUST016969,0.3335,0,0
CUST017963,0.0701,0,0
CUST049201,0.8363,1,0
CUST020089,0.0914,0,0
CUST005439,0.0827,0,0
CUST038094,0.4141,0,0
CUST040633,0.0596,0,0
CUST005637,0.0544,0,0
CUST038405,0.0404,0,0
CUST022669,0.1305,0,0
CUST042784,0.0759,0,0
CUST026940,0.0793,0,0
CUST043624,0.8974,1,1
CUST035489,0.0675,0,0
CUST016569,0.332,0,0
CUST006670,0.2283,0,0
CUST035238,0.8018,1,0
CUST005046,0.1451,0,0
CUST018318,0.8532,1,1
CUST013694,0.0507,0,0
CUST029025,0.0802,0,0
CUST027547,0.1943,0,0
CUST017882,0.0964,0,0
CUST009852,0.2165,0,0
CUST011083,0.1103,0,0
CUST047413,0.0665,0,0
CUST025519,0.1937,0,0
CUST037942,0.1256,0,0
CUST047885,0.1221,0,0
CUST041505,0.4005,0,0
CUST003560,0.0553,0,0
CUST017979,0.118,0,0
CUST022199,0.0675,0,0
CUST043400,0.053,0,0
CUST007642,0.0456,0,0
CUST012904,0.0716,0,0
CUST009327,0.0443,0,0
CUST020530,0.3078,0,0
CUST023287,0.2019,0,0
CUST018632,0.8102,1,0
CUST023513,0.0965,0,0
CUST035683,0.0823,0,0
CUST019350,0.1261,0,0
CUST038351,0.2822,0,0
CUST036110,0.0416,0,0
CUST049456,0.1208,0,0
CUST009508,0.1843,0,0
CUST010725,0.052,0,0
CUST040421,0.1337,0,0
CUST028385,0.0484,0,0
CUST010280,0.0664,0,0
CUST033659,0.8313,1,1
CUST005794,0.2252,0,0
CUST045126,0.551,1,0
CUST033974,0.1084,0,0
CUST048628,0.045,0,0
CUST020837,0.3233,0,0
CUST041309,0.0942,0,0
CUST009546,0.0866,0,0
CUST021992,0.0377,0,0
CUST001854,0.1025,0,0
CUST030438,0.1223,0,0
CUST006823,0.0874,0,0
CUST024679,0.5938,1,0
CUST015254,0.8033,1,0
CUST034211,0.1353,0,0
CUST028064,0.0561,0,0
CUST024967,0.1368,0,0
CUST045898,0.6957,1,0
CUST048091,0.3782,0,0
CUST002477,0.0506,0,0
CUST028926,0.4073,0,0
CUST012600,0.0687,0,0
CUST047856,0.8799,1,0
CUST049689,0.7523,1,1
CUST037914,0.1265,0,0
CUST016593,0.0757,0,0
CUST001196,0.0768,0,0
CUST006524,0.0771,0,0
CUST046155,0.6771,1,0
CUST015653,0.1077,0,0
CUST011537,0.4935,0,0
CUST010836,0.1565,0,0
CUST041099,0.596,1,0
CUST016741,0.1241,0,0
CUST021627,0.2494,0,0
CUST029560,0.6005,1,0
CUST010142,0.0859,0,0
CUST019129,0.0951,0,0
CUST042564,0.0853,0,0
CUST006956,0.0559,0,0
CUST036526,0.055,0,0
CUST031637,0.1122,0,0
CUST000950,0.0661,0,0
CUST044594,0.0896,0,0
CUST022828,0.4759,0,0
CUST034841,0.7428,1,0
CUST027876,0.266,0,0
CUST033753,0.0675,0,0
CUST012126,0.0598,0,0
CUST032720,0.2087,0,0
CUST040030,0.0858,0,0
CUST044322,0.0672,0,0
CUST036368,0.7807,1,0
CUST044172,0.1681,0,1
CUST046045,0.1264,0,0
CUST038169,0.596,1,0
CUST048883,0.0961,0,0
CUST012062,0.1266,0,0
CUST017537,0.0528,0,0
CUST020606,0.0575,0,0
CUST027256,0.0829,0,0
CUST046943,0.1152,0,0
CUST016130,0.0662,0,0
CUST002818,0.0922,0,0
CUST003107,0.0616,0,0
CUST036996,0.1315,0,0
CUST011407,0.4665,0,0
CUST040335,0.2271,0,0
CUST030061,0.392,0,0
CUST008337,0.0459,0,0
CUST037367,0.7143,1,0
CUST034820,0.7184,1,0
CUST018752,0.0565,0,0
CUST032282,0.6557,1,0
CUST015379,0.063,0,0
CUST028221,0.5274,1,0
CUST043905,0.7522,1,0
CUST042958,0.4002,0,0
CUST039268,0.1634,0,0
CUST039738,0.8712,1,0
CUST021993,0.2329,0,0
CUST046405,0.3236,0,0
CUST002751,0.8322,1,0
CUST032294,0.1106,0,0
CUST024447,0.826,1,0
CUST021742,0.8488,1,0
CUST002383,0.0765,0,0
CUST007312,0.3787,0,0
CUST029644,0.0481,0,0
CUST019293,0.1944,0,0
CUST041675,0.1519,0,0
CUST049607,0.2234,0,0
CUST021808,0.2888,0,0
CUST019207,0.0987,0,0
CUST013032,0.5794,1,0
CUST010762,0.4618,0,0
CUST003942,0.0926,0,0
CUST011601,0.5774,1,0
CUST000124,0.0571,0,0
CUST035501,0.0605,0,0
CUST004744,0.0752,0,0
CUST044992,0.1,0,0
CUST026025,0.0396,0,0
CUST039232,0.1879,0,0
CUST008268,0.9273,1,1
CUST036399,0.1089,0,0
CUST036010,0.068,0,0
CUST017382,0.1852,0,0
CUST017734,0.1912,0,0
CUST014987,0.086,0,0
CUST025907,0.112,0,0
CUST012962,0.8974,1,0
CUST030591,0.134,0,0
CUST021316,0.0621,0,0
CUST049725,0.0633,0,0
CUST027040,0.8588,1,0
CUST024763,0.0762,0,0
CUST005818,0.096,0,0
CUST031723,0.0375,0,0
CUST016790,0.1729,0,0
CUST038222,0.1525,0,0
CUST032799,0.2276,0,0
CUST039172,0.3699,0,0
CUST046991,0.8556,1,1
CUST016281,0.068,0,0
CUST020336,0.0592,0,0
CUST004558,0.3005,0,0
CUST025131,0.0843,0,0
CUST016458,0.1554,0,0
CUST015984,0.0467,0,0
CUST045570,0.0425,0,0
CUST009093,0.0363,0,0
CUST023984,0.1022,0,0
CUST044008,0.1136,0,0
CUST006651,0.1219,0,0
CUST037406,0.0645,0,0
CUST009614,0.1011,0,0
CUST025648,0.1094,0,0
CUST022462,0.5482,1,0
CUST013702,0.0567,0,0
CUST007082,0.0517,0,0
CUST038604,0.0896,0,0
CUST029443,0.1553,0,0
CUST019198,0.1774,0,0
CUST030111,0.1044,0,0
CUST039469,0.0678,0,0
CUST031307,0.3404,0,0
CUST046603,0.4927,0,0
CUST028198,0.4063,0,0
CUST028202,0.0568,0,0
CUST007029,0.0552,0,0
CUST013722,0.0643,0,0
CUST048419,0.8018,1,0
CUST004044,0.0849,0,0
CUST030889,0.0556,0,0
CUST022937,0.1568,0,0
CUST015711,0.0817,0,0
CUST018766,0.1536,0,0
CUST039667,0.0675,0,0
CUST034022,0.5115,1,0
CUST028396,0.0528,0,0
CUST035026,0.0492,0,0
CUST008334,0.2927,0,0
CUST002902,0.07,0,0
CUST046573,0.8717,1,0
CUST029396,0.0753,0,0
CUST035890,0.1047,0,0
CUST006099,0.7222,1,0
CUST021606,0.0525,0,0
CUST027423,0.2304,0,0
CUST027069,0.8991,1,0
CUST038999,0.2479,0,0
CUST014457,0.2305,0,0
CUST035922,0.0675,0,0
CUST005489,0.5755,1,0
CUST002716,0.084,0,0
CUST011059,0.2106,0,0
CUST020646,0.3081,0,0
CUST030296,0.1039,0,0
CUST048736,0.0548,0,0
CUST043672,0.0781,0,0
CUST008392,0.0753,0,0
CUST040747,0.6684,1,0
CUST046705,0.5028,1,0
CUST048835,0.9294,1,1
CUST003376,0.4813,0,0
CUST007434,0.4376,0,0
CUST049126,0.1918,0,0
CUST021404,0.0841,0,0
CUST002990,0.1639,0,0
CUST014169,0.3703,0,0
CUST013763,0.0961,0,0
CUST006935,0.0815,0,0
CUST024968,0.0959,0,0
CUST032847,0.0574,0,0
CUST024642,0.5535,1,0
CUST024676,0.852,1,0
CUST005484,0.8261,1,0
CUST029685,0.4166,0,0
CUST019596,0.2267,0,0
CUST004399,0.8673,1,1
CUST026779,0.4772,0,0
CUST036729,0.0851,0,0
CUST032379,0.0563,0,0
CUST024257,0.7412,1,0
CUST018425,0.139,0,0
CUST028883,0.1192,0,0
CUST021928,0.8991,1,1
CUST003976,0.074,0,0
CUST010545,0.5906,1,0
CUST008182,0.0944,0,0
CUST012104,0.0703,0,0
CUST008049,0.2026,0,0
CUST029795,0.0459,0,0
CUST017753,0.0819,0,0
CUST039338,0.077,0,0
CUST026197,0.0733,0,0
CUST004265,0.1009,0,0
CUST009011,0.0888,0,0
CUST007608,0.3382,0,0
CUST033052,0.2823,0,0
CUST031328,0.4558,0,0
CUST048121,0.5749,1,0
CUST030428,0.0886,0,0
CUST041172,0.0959,0,0
CUST006314,0.0859,0,0
CUST004869,0.0929,0,0
CUST027621,0.1559,0,0
CUST001359,0.1788,0,0
CUST042320,0.2352,0,0
CUST020591,0.5549,1,0
CUST047006,0.0973,0,0
CUST036832,0.5565,1,0
CUST043717,0.1686,0,0
CUST048438,0.8303,1,0
CUST031112,0.1673,0,0
CUST019684,0.1533,0,0
CUST043517,0.335,0,0
CUST030127,0.128,0,0
CUST018446,0.8158,1,0
CUST016698,0.1192,0,0
CUST029500,0.7339,1,0
CUST024906,0.085,0,0
CUST045654,0.1296,0,0
CUST024086,0.2139,0,0
CUST047860,0.3098,0,0
CUST048413,0.1449,0,0
CUST008145,0.0425,0,0
CUST003845,0.1633,0,0
CUST045652,0.0741,0,0
CUST004711,0.0762,0,0
CUST044244,0.0623,0,0
CUST049397,0.4041,0,0
CUST012282,0.2746,0,0
CUST000510,0.345,0,0
CUST043681,0.0524,0,0
CUST036674,0.0886,0,0
CUST049444,0.488,0,0
CUST015444,0.0886,0,0
CUST015030,0.0661,0,0
CUST035606,0.116,0,0
CUST026177,0.2428,0,0
CUST042835,0.6398,1,0
CUST011309,0.1865,0,0
CUST038664,0.0982,0,0
CUST027987,0.1579,0,0
CUST045566,0.0553,0,0
CUST000881,0.065,0,0
CUST034287,0.068,0,0
CUST006133,0.5716,1,1
CUST046196,0.1506,0,0
CUST037696,0.0992,0,0
CUST001650,0.0718,0,0
CUST008733,0.0894,0,0
CUST018771,0.7509,1,0
CUST047444,0.2776,0,0
CUST029395,0.2121,0,0
CUST016164,0.2131,0,0
CUST003122,0.0618,0,0
CUST023711,0.2205,0,1
CUST019783,0.1521,0,0
CUST025788,0.1228,0,0
CUST006714,0.8624,1,0
CUST024273,0.5854,1,0
CUST025668,0.1707,0,0
CUST026718,0.0791,0,0
CUST042739,0.2604,0,0
CUST017609,0.1084,0,0
CUST018805,0.4197,0,0
CUST047978,0.0752,0,0
CUST021384,0.0743,0,0
CUST033229,0.0955,0,0
CUST015393,0.1629,0,0
CUST039922,0.1558,0,0
CUST018991,0.7682,1,1
CUST012624,0.2379,0,0
CUST007148,0.0508,0,0
CUST014925,0.403,0,0
CUST017183,0.4562,0,0
CUST049096,0.0652,0,0
CUST033463,0.857,1,1
CUST031352,0.1213,0,0
CUST006768,0.567,1,0
CUST016846,0.1704,0,0
CUST025557,0.2765,0,0
CUST025291,0.859,1,0
CUST023691,0.1884,0,0
CUST049747,0.0643,0,0
CUST002959,0.2111,0,0
CUST043290,0.1477,0,0
CUST030654,0.2391,0,0
CUST040040,0.1824,0,0
CUST008151,0.3069,0,0
CUST015222,0.0786,0,0
CUST036730,0.5204,1,0
CUST005624,0.6727,1,0
CUST031609,0.6565,1,1
CUST011483,0.1675,0,0
CUST025247,0.8156,1,0
CUST026509,0.6322,1,0
CUST013841,0.0491,0,0
CUST029015,0.7262,1,0
CUST015462,0.7306,1,0
CUST019940,0.8322,1,0
CUST007605,0.408,0,0
CUST011535,0.368,0,0
CUST009993,0.5784,1,0
CUST026023,0.1214,0,0
CUST008370,0.0516,0,0
CUST027488,0.1878,0,0
CUST034788,0.1159,0,0
CUST026547,0.0716,0,0
CUST007018,0.093,0,0
CUST031471,0.0448,0,0
CUST002398,0.8498,1,0
CUST045635,0.0531,0,0
CUST031476,0.1114,0,0
CUST039141,0.2085,0,0
CUST046825,0.0984,0,0
CUST033216,0.0675,0,0
CUST022817,0.1021,0,0
CUST015956,0.0406,0,0
CUST005092,0.0472,0,0
CUST023397,0.1864,0,0
CUST033873,0.5442,1,0
CUST043662,0.2537,0,0
CUST014328,0.2001,0,0
CUST021589,0.8837,1,0
CUST009844,0.0598,0,0
CUST020863,0.5677,1,0
CUST028315,0.8367,1,0
CUST014253,0.9025,1,1
CUST049464,0.0914,0,0
CUST000922,0.1006,0,0
CUST000403,0.1697,0,0
CUST049738,0.0875,0,0
CUST012338,0.0602,0,0
CUST005564,0.735,1,0
CUST039566,0.1626,0,0
CUST024512,0.0957,0,0
CUST034680,0.1712,0,0
CUST041063,0.1914,0,0
CUST047997,0.0542,0,0
CUST021156,0.5052,1,0
CUST049917,0.0828,0,0
CUST045427,0.0662,0,0
CUST032779,0.0578,0,0
CUST041372,0.2534,0,0
CUST035748,0.4825,0,0
CUST020083,0.1153,0,0
CUST045200,0.0949,0,0
CUST015958,0.552,1,0
CUST032846,0.0825,0,0
CUST049212,0.1232,0,0
CUST034596,0.0877,0,0
CUST019076,0.217,0,0
CUST012179,0.658,1,0
CUST035813,0.0756,0,0
CUST034278,0.6618,1,0
CUST044336,0.2411,0,0
CUST023336,0.0805,0,0
CUST039973,0.0478,0,0
CUST000743,0.1287,0,0
CUST004502,0.0709,0,0
CUST026135,0.1556,0,0
CUST039431,0.8991,1,0
CUST004506,0.1006,0,0
CUST048312,0.0861,0,0
CUST038293,0.0724,0,0
CUST028399,0.5963,1,0
CUST039035,0.2039,0,0
CUST023733,0.6287,1,0
CUST009557,0.1894,0,0
CUST003539,0.3696,0,0
CUST049159,0.0822,0,0
CUST028947,0.6854,1,1
CUST028771,0.5617,1,0
CUST023421,0.0767,0,0
CUST024630,0.5505,1,0
CUST004414,0.5952,1,0
CUST001990,0.1343,0,0
CUST034442,0.0483,0,0
CUST021946,0.2593,0,0
CUST026731,0.6143,1,0
CUST009754,0.0845,0,0
CUST039518,0.0862,0,0
CUST040353,0.8947,1,0
CUST031675,0.3932,0,1
CUST014655,0.1119,0,0
CUST035257,0.8141,1,0
CUST005449,0.0801,0,0
CUST023682,0.1253,0,0
CUST023124,0.1794,0,0
CUST034618,0.139,0,0
CUST046715,0.0675,0,0
CUST031035,0.2017,0,0
CUST026163,0.2776,0,0
CUST046314,0.1682,0,0
CUST045330,0.07,0,0
CUST021132,0.1297,0,0
CUST026971,0.525,1,0
CUST033437,0.1194,0,0
CUST010547,0.0956,0,0
CUST008314,0.1599,0,0
CUST004124,0.127,0,0
CUST029194,0.0479,0,0
CUST041305,0.1453,0,0
CUST015963,0.1418,0,0
CUST005520,0.0783,0,0
CUST016779,0.1418,0,0
CUST045894,0.1347,0,0
CUST024724,0.1086,0,0
CUST017613,0.8654,1,1
CUST008388,0.1153,0,0
CUST025141,0.1548,0,0
CUST017298,0.729,1,1
CUST019762,0.3996,0,0
CUST049728,0.0613,0,0
CUST013756,0.1752,0,0
CUST042781,0.0972,0,0
CUST030816,0.126,0,0
CUST042110,0.2751,0,0
CUST006004,0.0622,0,0
CUST002429,0.0564,0,0
CUST028117,0.1199,0,0
CUST024466,0.1324,0,0
CUST042498,0.2398,0,0
CUST046293,0.0501,0,0
CUST030876,0.8556,1,0
CUST045296,0.0991,0,0
CUST019410,0.064,0,0
CUST031584,0.1051,0,0
CUST009255,0.2477,0,0
CUST045574,0.1361,0,0
CUST032449,0.0598,0,0
CUST043539,0.7618,1,0
CUST009171,0.068,0,0
CUST009484,0.0451,0,0
CUST028605,0.8342,1,0
CUST018786,0.3783,0,0
CUST040935,0.182,0,0
CUST032397,0.0629,0,0
CUST035259,0.0675,0,0
CUST001295,0.4736,0,0
CUST024008,0.2449,0,0
CUST014761,0.1697,0,0
CUST033990,0.7684,1,0
CUST037838,0.7399,1,0
CUST016095,0.0802,0,0
CUST043089,0.071,0,0
CUST015610,0.0873,0,0
CUST020244,0.069,0,0
CUST030153,0.0884,0,0
CUST040567,0.056,0,0
CUST034540,0.433,0,0
CUST006750,0.1147,0,0
CUST045830,0.8299,1,0
CUST000031,0.7877,1,0
CUST035220,0.2386,0,0
CUST032865,0.0391,0,0
CUST002728,0.4465,0,0
CUST039561,0.4479,0,0
CUST001380,0.2922,0,0
CUST041668,0.1507,0,0
CUST049694,0.1678,0,0
CUST020722,0.062,0,0
CUST005244,0.125,0,0
CUST027719,0.0548,0,0
CUST012994,0.8935,1,0
CUST003383,0.8211,1,0
CUST031546,0.1564,0,0
CUST004327,0.1137,0,0
CUST003825,0.2761,0,0
CUST024474,0.3049,0,0
CUST026976,0.0675,0,0
CUST011755,0.9222,1,1
CUST004217,0.1345,0,0
CUST048505,0.1492,0,0
CUST004625,0.0889,0,0
CUST034958,0.192,0,0
CUST005328,0.0507,0,0
CUST004563,0.6899,1,0
CUST039026,0.234,0,0
CUST044734,0.0399,0,0
CUST028251,0.1405,0,0
CUST020466,0.119,0,0
CUST009889,0.0645,0,0
CUST001264,0.0491,0,0
CUST048763,0.125,0,0
CUST030762,0.0846,0,0
CUST048553,0.3265,0,0
CUST017737,0.1452,0,0
CUST012034,0.1144,0,0
CUST034898,0.0674,0,0
CUST016958,0.0745,0,0
CUST019915,0.0876,0,0
CUST001478,0.0627,0,0
CUST000087,0.0562,0,0
CUST001945,0.2663,0,0
CUST013413,0.0834,0,0
CUST025758,0.197,0,0
CUST038171,0.4005,0,0
CUST014001,0.0658,0,0
CUST045196,0.0753,0,0
CUST009616,0.0675,0,0
CUST005961,0.2203,0,0
CUST019322,0.2632,0,1
CUST043734,0.0675,0,0
CUST035771,0.29,0,0
CUST025054,0.0827,0,0
CUST025808,0.0585,0,0
CUST048563,0.1721,0,0
CUST008417,0.0942,0,0
CUST033227,0.1252,0,0
CUST001593,0.5122,1,0
CUST023699,0.5963,1,0
CUST033878,0.2445,0,0
CUST018832,0.0379,0,0
CUST021729,0.0842,0,0
CUST006663,0.5496,1,0
CUST002526,0.5963,1,0
CUST042302,0.108,0,0
CUST001022,0.6638,1,0
CUST005237,0.8254,1,0
CUST008560,0.1535,0,0
CUST045442,0.1582,0,0
CUST001969,0.2748,0,0
CUST012692,0.2776,0,0
CUST018111,0.0422,0,0
CUST004513,0.1849,0,0
CUST041391,0.0402,0,0
CUST008166,0.0618,0,0
CUST006254,0.8445,1,0
CUST014654,0.0951,0,0
CUST036185,0.0598,0,0
CUST035578,0.1047,0,0
CUST046072,0.0614,0,0
CUST047575,0.382,0,0
CUST036560,0.1616,0,0
CUST010891,0.1794,0,0
CUST030028,0.2477,0,0
CUST043005,0.0398,0,0
CUST006106,0.1827,0,0
CUST048893,0.1118,0,0
CUST007644,0.1846,0,0
CUST042039,0.1984,0,0
CUST040113,0.1264,0,0
CUST011050,0.0532,0,0
CUST026392,0.1926,0,0
CUST039542,0.4024,0,0
CUST025983,0.7618,1,0
CUST044413,0.2973,0,0
CUST045239,0.1494,0,0
CUST030203,0.1588,0,0
CUST041102,0.0624,0,0
CUST033099,0.1565,0,0
CUST021644,0.3094,0,0
CUST024150,0.0734,0,0
CUST033638,0.1127,0,0
CUST026318,0.0577,0,0
CUST045783,0.7072,1,0
CUST016269,0.1769,0,0
CUST000138,0.0988,0,0
CUST014816,0.0398,0,0
CUST001906,0.1502,0,0
CUST012575,0.0395,0,0
CUST028068,0.5578,1,0
CUST010994,0.0607,0,0
CUST038022,0.1396,0,0
CUST031903,0.0623,0,0
CUST018340,0.1302,0,0
CUST019397,0.3183,0,0
CUST008704,0.2607,0,0
CUST027905,0.0532,0,0
CUST027496,0.0687,0,0
CUST006616,0.8122,1,0
CUST016360,0.0608,0,0
CUST032908,0.1291,0,0
CUST001323,0.0871,0,0
CUST015447,0.2139,0,0
CUST020146,0.8817,1,0
CUST049266,0.4472,0,0
CUST000911,0.6074,1,0
CUST033514,0.0856,0,0
CUST019857,0.3639,0,0
CUST030041,0.0612,0,0
CUST015570,0.088,0,0
CUST018967,0.6005,1,0
CUST009488,0.0589,0,0
CUST023578,0.2607,0,0
CUST016060,0.5794,1,0
CUST007496,0.0497,0,0
CUST048370,0.0959,0,0
CUST029098,0.0449,0,0
CUST038120,0.5292,1,0
CUST018207,0.1272,0,0
CUST034573,0.8327,1,1
CUST000309,0.1207,0,0
CUST013956,0.1403,0,0
CUST035869,0.0782,0,0
CUST018231,0.2562,0,0
CUST027064,0.0564,0,0
CUST049045,0.0785,0,0
CUST041268,0.313,0,0
CUST038976,0.1292,0,0
CUST041896,0.0845,0,0
CUST009005,0.4248,0,0
CUST017036,0.1185,0,0
CUST010007,0.1889,0,0
CUST046408,0.0784,0,0
CUST015202,0.1002,0,0
CUST007340,0.1904,0,0
CUST041274,0.5671,1,0
CUST049391,0.4018,0,0
CUST006151,0.0953,0,0
CUST028841,0.07,0,0
CUST030237,0.0564,0,0
CUST036590,0.3827,0,0
CUST034204,0.2375,0,0
CUST042044,0.1036,0,0
CUST025553,0.1596,0,0
CUST036015,0.263,0,0
CUST018965,0.3732,0,0
CUST030421,0.1102,0,0
CUST000358,0.384,0,0
CUST049635,0.2592,0,0
CUST043889,0.0449,0,0
CUST012715,0.638,1,0
CUST037525,0.4494,0,0
CUST002317,0.5549,1,0
CUST002144,0.0741,0,0
CUST020203,0.6143,1,0
CUST027651,0.1121,0,0
CUST037915,0.1546,0,0
CUST026743,0.0398,0,0
CUST016225,0.0794,0,0
CUST041058,0.1552,0,0
CUST031740,0.3029,0,0
CUST003402,0.1492,0,0
CUST000550,0.2133,0,0
CUST048746,0.1073,0,0
CUST034417,0.0484,0,0
CUST009088,0.1622,0,0
CUST023756,0.5963,1,0
CUST029510,0.3248,0,0
CUST034265,0.0413,0,0
CUST020695,0.5497,1,0
CUST015854,0.0456,0,0
CUST035232,0.0844,0,0
CUST045271,0.0974,0,0
CUST036917,0.3459,0,0
CUST021124,0.0859,0,0
CUST001237,0.0891,0,0
CUST005608,0.0675,0,0
CUST025496,0.6192,1,0
CUST035280,0.4802,0,0
CUST028904,0.077,0,0
CUST028036,0.7517,1,0
CUST027619,0.1315,0,0
CUST016866,0.0739,0,0
CUST016745,0.0578,0,0
CUST028228,0.1464,0,0
CUST032500,0.0945,0,0
CUST044915,0.1,0,0
CUST011897,0.0675,0,0
CUST020808,0.0878,0,0
CUST041336,0.0752,0,0
CUST023920,0.2966,0,0
CUST031514,0.172,0,0
CUST047769,0.5519,1,1
CUST012191,0.3594,0,0
CUST034874,0.0695,0,0
CUST002905,0.1718,0,0
CUST014582,0.3922,0,0
CUST012918,0.2751,0,0
CUST002625,0.0692,0,0
CUST001638,0.1634,0,0
CUST047317,0.1511,0,0
CUST023885,0.7839,1,0
CUST028356,0.101,0,0
CUST011834,0.2217,0,0
CUST046447,0.1324,0,0
CUST021193,0.0823,0,0
CUST041434,0.7083,1,0
CUST047755,0.1489,0,0
CUST003433,0.0782,0,0
CUST026592,0.0852,0,0
CUST033767,0.1958,0,0
CUST011036,0.0727,0,0
CUST033357,0.2726,0,0
CUST020142,0.3432,0,0
CUST004944,0.0423,0,0
CUST017225,0.1536,0,0
CUST047914,0.0675,0,0
CUST011366,0.069,0,0
CUST042299,0.6275,1,0
CUST020691,0.8139,1,0
CUST001715,0.1191,0,0
CUST014773,0.146,0,0
CUST004405,0.8385,1,1
CUST025077,0.6005,1,0
CUST042467,0.1771,0,0
CUST017022,0.8894,1,0
CUST003044,0.082,0,0
CUST036814,0.0963,0,0
CUST022742,0.1453,0,0
CUST039456,0.0637,0,0
CUST028145,0.3018,0,0
CUST015569,0.4027,0,0
CUST024564,0.1674,0,0
CUST022352,0.0557,0,0
CUST018718,0.7258,1,0
CUST016389,0.5746,1,0
CUST002232,0.1312,0,0
CUST044440,0.1458,0,0
CUST047701,0.1293,0,0
CUST013265,0.0734,0,0
CUST011468,0.0633,0,0
CUST023660,0.6049,1,0
CUST003170,0.0449,0,0
CUST002197,0.3706,0,0
CUST010670,0.0374,0,0
CUST008411,0.1335,0,0
CUST009665,0.8416,1,0
CUST020008,0.0564,0,0
CUST027176,0.1449,0,0
CUST018364,0.0556,0,0
CUST020439,0.0998,0,0
CUST046704,0.368,0,0
CUST015190,0.698,1,0
CUST039006,0.5655,1,0
CUST043557,0.6005,1,0
CUST045888,0.2069,0,0
CUST004267,0.0397,0,0
CUST008784,0.0896,0,0
CUST043418,0.6596,1,0
CUST009573,0.0657,0,0
CUST043780,0.0767,0,0
CUST047015,0.852,1,0
CUST013985,0.1554,0,0
CUST000635,0.0829,0,0
CUST017109,0.0621,0,0
CUST035001,0.6222,1,0
CUST038474,0.1844,0,0
CUST017562,0.6005,1,0
CUST046852,0.384,0,0
CUST002624,0.6118,1,0
CUST043092,0.1436,0,0
CUST030593,0.0535,0,0
CUST014710,0.3081,0,0
CUST031911,0.0737,0,0
CUST025890,0.4156,0,0
CUST020004,0.2096,0,0
CUST004474,0.8991,1,0
CUST010950,0.8136,1,0
CUST044994,0.336,0,0
CUST035519,0.7882,1,0
CUST027779,0.0816,0,0
CUST017924,0.0749,0,0
CUST014478,0.0554,0,0
CUST042895,0.0722,0,0
CUST012847,0.1123,0,0
CUST005930,0.0801,0,0
CUST035420,0.7888,1,0
CUST000136,0.3081,0,0
CUST002792,0.2363,0,0
CUST003812,0.8498,1,0
CUST020451,0.0729,0,0
CUST033989,0.3087,0,0
CUST033495,0.0571,0,0
CUST012082,0.6489,1,0
CUST047969,0.0557,0,0
CUST015670,0.0882,0,0
CUST043159,0.0675,0,0
CUST024399,0.4023,0,0
CUST004628,0.1265,0,0
CUST029700,0.2434,0,0
CUST033414,0.0971,0,0
CUST004910,0.0675,0,0
CUST030090,0.5935,1,0
CUST047553,0.1511,0,0
CUST026977,0.826,1,0
CUST020576,0.472,0,0
CUST039601,0.127,0,0
CUST015645,0.3435,0,0
CUST036437,0.1086,0,0
CUST037111,0.1348,0,0
CUST012730,0.1158,0,0
CUST026365,0.8124,1,0
CUST019099,0.8678,1,0
CUST015790,0.745,1,0
CUST036189,0.1275,0,0
CUST004984,0.0552,0,0
CUST046948,0.2001,0,0
CUST017601,0.0738,0,0
CUST003338,0.0508,0,0
CUST015786,0.049,0,0
CUST011939,0.8156,1,0
CUST022425,0.0661,0,0
CUST013041,0.5585,1,0
CUST034658,0.0735,0,0
CUST019781,0.0685,0,0
CUST020556,0.0647,0,0
CUST000395,0.124,0,0
CUST034388,0.069,0,0
CUST036327,0.3119,0,0
CUST020916,0.1499,0,0
CUST015736,0.3586,0,0
CUST013824,0.0853,0,0
CUST046176,0.1906,0,0
CUST001200,0.1948,0,0
CUST039066,0.1653,0,0
CUST033828,0.0896,0,0
CUST048937,0.1945,0,0
CUST025771,0.0478,0,0
CUST004526,0.0947,0,0
CUST013361,0.2504,0,0
CUST042814,0.0557,0,0
CUST025864,0.3966,0,0
CUST041197,0.3081,0,0
CUST019122,0.0753,0,0
CUST032635,0.3406,0,1
CUST018339,0.0823,0,0
CUST028468,0.5639,1,0
CUST034364,0.0871,0,0
CUST037629,0.0779,0,0
CUST048825,0.0535,0,0
CUST008046,0.3709,0,0
CUST004297,0.3426,0,0
CUST040840,0.3341,0,0
CUST044777,0.0516,0,0
CUST030465,0.0618,0,0
CUST046894,0.1293,0,0
CUST028129,0.1387,0,0
CUST024913,0.7417,1,0
CUST017625,0.2116,0,0
CUST010067,0.1578,0,0
CUST023180,0.078,0,0
CUST028786,0.2209,0,0
CUST040757,0.0431,0,0
CUST014060,0.0349,0,0
CUST007121,0.6071,1,0
CUST043206,0.0675,0,0
CUST039246,0.057,0,0
CUST025686,0.1531,0,0
CUST049430,0.0675,0,0
CUST037490,0.0862,0,0
CUST032943,0.0809,0,0
CUST030582,0.104,0,0
CUST017186,0.1302,0,0
CUST011554,0.7788,1,0
CUST000366,0.8257,1,0
CUST029696,0.0927,0,0
CUST039045,0.1075,0,0
CUST004653,0.1842,0,0
CUST016518,0.0913,0,0
CUST024248,0.7439,1,1
CUST025644,0.1616,0,0
CUST031641,0.4811,0,0
CUST022427,0.7569,1,0
CUST004122,0.2106,0,0
CUST041701,0.1323,0,0
CUST027425,0.6613,1,1
CUST030305,0.092,0,0
CUST038435,0.1503,0,0
CUST016153,0.0687,0,0
CUST019011,0.0619,0,0
CUST011514,0.0469,0,0
CUST038777,0.0882,0,0
CUST038862,0.2422,0,0
CUST017042,0.1283,0,0
CUST011444,0.1346,0,0
CUST009381,0.9116,1,0
CUST016393,0.2317,0,0
CUST033646,0.0464,0,0
CUST003953,0.327,0,0
CUST012321,0.0675,0,0
CUST027508,0.8991,1,1
CUST007403,0.224,0,0
CUST017080,0.1719,0,0
CUST013257,0.5395,1,0
CUST047194,0.7146,1,0
CUST031130,0.0686,0,0
CUST000113,0.3294,0,0
CUST030386,0.0617,0,0
CUST020534,0.1602,0,0
CUST035010,0.7503,1,0
CUST042329,0.2653,0,0
CUST006354,0.1337,0,0
CUST023323,0.3436,0,0
CUST036133,0.0836,0,0
CUST004584,0.2062,0,0
CUST028367,0.4702,0,0
CUST030032,0.0886,0,0
CUST032489,0.1575,0,0
CUST029355,0.0711,0,0
CUST022783,0.0957,0,0
CUST009501,0.3286,0,0
CUST005864,0.1576,0,0
CUST020121,0.118,0,0
CUST025703,0.3247,0,0
CUST023159,0.4011,0,0
CUST047604,0.479,0,0
CUST003325,0.8991,1,0
CUST003045,0.0604,0,0
CUST015914,0.1481,0,0
CUST000598,0.0981,0,0
CUST049061,0.4265,0,0
CUST031273,0.515,1,0
CUST020057,0.1108,0,0
CUST019790,0.0495,0,0
CUST046368,0.0548,0,0
CUST046304,0.599,1,0
CUST045698,0.9351,1,0
CUST021561,0.0664,0,0
CUST027299,0.2687,0,0
CUST038334,0.1196,0,0
CUST025713,0.821,1,0
CUST036404,0.3273,0,0
CUST020518,0.0863,0,0
CUST029110,0.0519,0,0
CUST009861,0.207,0,0
CUST047031,0.049,0,0
CUST038282,0.105,0,0
CUST033608,0.6101,1,0
CUST035234,0.0731,0,0
CUST038581,0.1204,0,0
CUST020948,0.0615,0,0
CUST009476,0.3789,0,0
CUST030775,0.0696,0,0
CUST013150,0.7701,1,0
CUST003634,0.4815,0,0
CUST031316,0.0852,0,0
CUST003736,0.1762,0,0
CUST030013,0.0653,0,0
CUST001115,0.0557,0,0
CUST010493,0.0887,0,0
CUST004672,0.4127,0,0
CUST037793,0.1875,0,0
CUST045924,0.0753,0,0
CUST044386,0.0652,0,0
CUST025723,0.0642,0,0
CUST008116,0.141,0,0
CUST031569,0.0599,0,0
CUST026053,0.6817,1,1
CUST042664,0.0767,0,0
CUST020584,0.2003,0,0
CUST045457,0.0941,0,0
CUST040153,0.8018,1,0
CUST034426,0.155,0,0
CUST008985,0.1141,0,0
CUST006109,0.0839,0,0
CUST013486,0.2422,0,0
CUST044400,0.3506,0,0
CUST043387,0.2267,0,0
CUST021551,0.8991,1,0
CUST036545,0.065,0,0
CUST049875,0.4092,0,0
CUST036748,0.2,0,0
CUST019902,0.1627,0,0
CUST039169,0.4005,0,0
CUST006071,0.0917,0,0
CUST029609,0.1087,0,0
CUST048668,0.0558,0,0
CUST004718,0.4425,0,0
CUST006527,0.1043,0,0
CUST036372,0.1122,0,0
CUST006781,0.0675,0,0
CUST043288,0.0539,0,0
CUST039287,0.0768,0,0
CUST034194,0.0646,0,0
CUST048537,0.2134,0,0
CUST022329,0.0836,0,0
CUST001133,0.1761,0,0
CUST045023,0.075,0,0
CUST011920,0.1561,0,0
CUST030133,0.1242,0,0
CUST008075,0.1688,0,0
CUST003663,0.789,1,0
CUST028444,0.0676,0,0
CUST007023,0.0755,0,0
CUST014357,0.0781,0,0
CUST040093,0.5122,1,0
CUST017027,0.1039,0,0
CUST040611,0.3688,0,0
CUST045372,0.1682,0,0
CUST028839,0.1661,0,0
CUST029499,0.0698,0,0
CUST027364,0.5133,1,0
CUST032420,0.866,1,0
CUST042253,0.0741,0,0
CUST048172,0.3569,0,0
CUST026188,0.735,1,0
CUST026366,0.0513,0,0
CUST013230,0.0595,0,0
CUST045201,0.8955,1,0
CUST015863,0.0675,0,0
CUST012981,0.8971,1,1
CUST048019,0.1811,0,0
CUST016437,0.2187,0,0
CUST043432,0.0453,0,0
CUST044320,0.2283,0,0
CUST036579,0.0668,0,0
CUST029251,0.7423,1,0
CUST020069,0.0763,0,0
CUST022046,0.4274,0,0
CUST033115,0.1356,0,0
CUST030012,0.0676,0,0
CUST009032,0.0423,0,0
CUST035394,0.1603,0,0
CUST041974,0.1874,0,0
CUST032273,0.1073,0,0
CUST024813,0.0527,0,0
CUST046430,0.2241,0,0
CUST004117,0.0822,0,0
CUST018298,0.7877,1,0
CUST006332,0.1319,0,0
CUST049324,0.5988,1,0
CUST020413,0.1308,0,0
CUST030905,0.1272,0,0
CUST012576,0.1,0,0
CUST001736,0.1408,0,0
CUST041317,0.1271,0,0
CUST036960,0.1002,0,0
CUST042143,0.1319,0,0
CUST038024,0.4791,0,0
CUST019223,0.057,0,0
CUST026130,0.1124,0,0
CUST036720,0.1799,0,0
CUST031498,0.0473,0,0
CUST034692,0.2076,0,0
CUST037514,0.2639,0,0
CUST009552,0.0504,0,0
CUST008710,0.3783,0,0
CUST013158,0.0811,0,0
CUST025294,0.1791,0,0
CUST018634,0.1772,0,0
CUST004253,0.0866,0,0
CUST000007,0.3764,0,0
CUST039012,0.0824,0,0
CUST009329,0.0685,0,0
CUST024943,0.7649,1,0
CUST020016,0.0593,0,0
CUST040766,0.1776,0,0
CUST005514,0.0599,0,0
CUST018788,0.0675,0,0
CUST040129,0.0627,0,0
CUST037861,0.158,0,0
CUST000360,0.1012,0,0
CUST030544,0.4067,0,0
CUST017799,0.1944,0,0
CUST010106,0.093,0,0
CUST013286,0.1384,0,0
CUST038651,0.1169,0,0
CUST049306,0.7003,1,0
CUST037731,0.0686,0,0
CUST005297,0.7546,1,0
CUST037766,0.0745,0,0
CUST049427,0.2706,0,0
CUST030568,0.1993,0,0
CUST033658,0.3911,0,0
CUST009295,0.1288,0,0
CUST044376,0.0656,0,0
CUST043390,0.1624,0,0
CUST038887,0.2168,0,0
CUST047662,0.0622,0,0
CUST011880,0.0969,0,0
CUST029199,0.1072,0,0
CUST037721,0.2371,0,0
CUST049682,0.4446,0,0
CUST041494,0.3781,0,0
CUST037776,0.0596,0,0
CUST005681,0.4115,0,0
CUST034035,0.6468,1,0
CUST029105,0.2094,0,0
CUST044733,0.929,1,0
CUST039905,0.8717,1,0
CUST022740,0.3473,0,0
CUST030219,0.054,0,0
CUST011168,0.2152,0,0
CUST023704,0.1038,0,0
CUST034397,0.852,1,1
CUST014209,0.1291,0,0
CUST030100,0.0427,0,0
CUST044816,0.1344,0,0
CUST042789,0.1356,0,0
CUST046353,0.0819,0,0
CUST004665,0.4155,0,0
CUST024369,0.433,0,0
CUST033694,0.1031,0,0
CUST042338,0.1651,0,0
CUST049858,0.1085,0,0
CUST038623,0.743,1,0
CUST049614,0.8299,1,0
CUST036018,0.0613,0,0
CUST035643,0.3309,0,0
CUST022935,0.5362,1,0
CUST032566,0.0643,0,0
CUST014359,0.0462,0,0
CUST035730,0.2934,0,0
CUST034716,0.1804,0,0
CUST044062,0.1342,0,0
CUST031179,0.0917,0,0
CUST008726,0.1095,0,0
CUST045434,0.1381,0,0
CUST008421,0.0721,0,0
CUST001895,0.5963,1,0
CUST039387,0.2683,0,0
CUST040522,0.6323,1,0
CUST037949,0.0448,0,0
CUST048509,0.6192,1,0
CUST049630,0.1116,0,0
CUST025039,0.0601,0,0
CUST038535,0.3667,0,0
CUST021610,0.1042,0,0
CUST005765,0.1743,0,0
CUST031965,0.0675,0,0
CUST035072,0.1666,0,0
CUST032845,0.1173,0,0
CUST025471,0.1135,0,0
CUST004465,0.1511,0,0
CUST012042,0.0561,0,0
CUST042543,0.0646,0,0
CUST009352,0.8557,1,1
CUST012416,0.0767,0,0
CUST021244,0.8991,1,0
CUST035558,0.0808,0,0
CUST019219,0.5685,1,0
CUST035969,0.8873,1,0
CUST013714,0.0615,0,0
CUST003423,0.0675,0,0
CUST009455,0.093,0,0
CUST033537,0.1176,0,0
CUST030974,0.1479,0,0
CUST024509,0.102,0,0
CUST001699,0.3605,0,0
CUST026821,0.1093,0,0
CUST026155,0.6699,1,0
CUST042298,0.0545,0,0
CUST008014,0.2019,0,0
CUST041414,0.0974,0,0
CUST007822,0.0663,0,0
CUST008152,0.8175,1,1
CUST027991,0.5034,1,0
CUST046279,0.637,1,0
CUST011495,0.218,0,0
CUST045411,0.0669,0,0
CUST036244,0.0557,0,0
CUST004425,0.1003,0,0
CUST011450,0.0393,0,0
CUST030513,0.6134,1,0
CUST008840,0.1234,0,0
CUST029642,0.0592,0,0
CUST016692,0.1589,0,0
CUST049336,0.1661,0,0
CUST037650,0.1114,0,0
CUST040138,0.0884,0,0
CUST044589,0.0573,0,0
CUST046311,0.3308,0,0
CUST017262,0.183,0,0
CUST007087,0.2065,0,0
CUST049965,0.0995,0,0
CUST009711,0.3773,0,0
CUST044316,0.6033,1,0
CUST011252,0.4752,0,0
CUST012584,0.8524,1,1
CUST012669,0.1439,0,0
CUST007617,0.6382,1,0
CUST009416,0.0593,0,0
CUST029660,0.182,0,0
CUST038025,0.1425,0,0
CUST001052,0.7481,1,0
CUST007318,0.2592,0,0
CUST045999,0.1932,0,0
CUST029721,0.7077,1,0
CUST038521,0.0677,0,0
CUST003948,0.0673,0,0
CUST034064,0.0339,0,0
CUST049226,0.1599,0,0
CUST012484,0.3426,0,0
CUST027326,0.077,0,0
CUST021255,0.0431,0,0
CUST017335,0.6893,1,0
CUST020138,0.1506,0,0
CUST030105,0.6348,1,0
CUST034636,0.0833,0,0
CUST015423,0.0819,0,0
CUST003264,0.417,0,0
CUST009043,0.0816,0,0
CUST024297,0.0565,0,0
CUST021401,0.1536,0,0
CUST015196,0.5482,1,0
CUST046174,0.0546,0,0
CUST028445,0.093,0,0
CUST020540,0.0488,0,0
CUST024556,0.1388,0,0
CUST032395,0.6346,1,0
CUST026707,0.0506,0,0
CUST040217,0.6752,1,0
CUST002825,0.2737,0,0
CUST048557,0.0675,0,0
CUST042120,0.1403,0,0
CUST000387,0.1067,0,0
CUST027181,0.0791,0,0
CUST030101,0.9025,1,1
CUST027559,0.2414,0,0
CUST021887,0.4548,0,0
CUST040762,0.0885,0,0
CUST033282,0.4599,0,0
CUST026293,0.102,0,0
CUST043135,0.2,0,0
CUST047754,0.1406,0,0
CUST000368,0.0682,0,0
CUST048703,0.5033,1,0
CUST048122,0.0961,0,0
CUST023741,0.3789,0,0
CUST026927,0.7941,1,0
CUST045373,0.064,0,0
CUST039249,0.1143,0,0
CUST012841,0.289,0,0
CUST015347,0.0835,0,0
CUST030248,0.579,1,0
CUST049167,0.086,0,0
CUST018842,0.057,0,0
CUST002061,0.1745,0,0
CUST040798,0.0776,0,0
CUST031115,0.1071,0,0
CUST047967,0.0557,0,0
CUST012306,0.045,0,0
CUST014514,0.4229,0,0
CUST022212,0.0789,0,0
CUST039642,0.1136,0,0
CUST025102,0.1176,0,0
CUST048913,0.1039,0,0
CUST018613,0.2247,0,0
CUST021532,0.8276,1,0
CUST014442,0.6878,1,0
CUST004592,0.857,1,0
CUST022047,0.7844,1,0
CUST033262,0.0592,0,0
CUST014201,0.715,1,0
CUST010937,0.1434,0,0
CUST014497,0.3996,0,0
CUST042344,0.2981,0,0
CUST009017,0.1284,0,0
CUST037382,0.1415,0,0
CUST012207,0.1425,0,0
CUST044988,0.4092,0,0
CUST046231,0.3698,0,0
CUST049124,0.7653,1,0
CUST045266,0.1716,0,0
CUST032139,0.1064,0,0
CUST023546,0.0998,0,0
CUST030786,0.1118,0,0
CUST048956,0.1175,0,0
CUST015274,0.0766,0,0
CUST018761,0.1511,0,0
CUST013323,0.1727,0,0
CUST000851,0.0522,0,0
CUST003165,0.0896,0,0
CUST030074,0.1134,0,0
CUST044415,0.0716,0,0
CUST002060,0.2776,0,0
CUST009700,0.0923,0,0
CUST028371,0.0444,0,0
CUST031178,0.6423,1,0
CUST047476,0.1004,0,0
CUST041323,0.5748,1,0
CUST018100,0.0731,0,0
CUST002772,0.1495,0,0
CUST022383,0.4892,0,0
CUST028473,0.4185,0,0
CUST029527,0.2497,0,0
CUST044058,0.6369,1,0
CUST019371,0.1669,0,0
CUST019258,0.2353,0,0
CUST015899,0.1047,0,0
CUST041214,0.0409,0,0
CUST024695,0.4025,0,0
CUST026438,0.6161,1,0
CUST033523,0.069,0,0
CUST013810,0.8066,1,0
CUST049870,0.9005,1,0
CUST035903,0.1028,0,0
CUST010671,0.0557,0,0
CUST048428,0.8256,1,0
CUST009894,0.8991,1,0
CUST031232,0.0449,0,0
CUST007053,0.1906,0,0
CUST006921,0.7205,1,0
CUST036326,0.2133,0,0
CUST025153,0.0495,0,0
CUST044666,0.268,0,0
CUST007934,0.1619,0,0
CUST037848,0.3841,0,0
CUST041921,0.2052,0,0
CUST003322,0.8991,1,0
CUST039229,0.0862,0,0
CUST016647,0.1118,0,0
CUST009994,0.1979,0,0
CUST035051,0.5408,1,0
CUST001343,0.2241,0,0
CUST022149,0.1845,0,0
CUST002201,0.2615,0,0
CUST023696,0.0484,0,0
CUST049144,0.0927,0,0
CUST026664,0.0885,0,0
CUST005621,0.1152,0,0
CUST019799,0.036,0,0
CUST011035,0.0531,0,0
CUST006023,0.3432,0,0
CUST002588,0.1813,0,0
CUST044277,0.0614,0,0
CUST030678,0.1419,0,0
CUST015054,0.1342,0,0
CUST036708,0.0701,0,0
CUST012797,0.8527,1,0
CUST010380,0.1518,0,0
CUST032370,0.5585,1,0
CUST036296,0.1802,0,0
CUST006836,0.0621,0,0
CUST005979,0.074,0,0
CUST027493,0.0981,0,0
CUST006044,0.1675,0,0
CUST027918,0.0883,0,0
CUST035135,0.2336,0,0
CUST017630,0.0836,0,0
CUST040888,0.3239,0,0
CUST002062,0.1803,0,0
CUST023643,0.0529,0,0
CUST049638,0.179,0,0
CUST033912,0.9106,1,0
CUST021724,0.2529,0,0
CUST049859,0.3277,0,0
CUST040099,0.8429,1,0
CUST010895,0.2088,0,0
CUST002246,0.0884,0,0
CUST028167,0.1207,0,0
CUST004556,0.0522,0,0
CUST026661,0.0731,0,0
CUST049767,0.5185,1,0
CUST033541,0.0613,0,0
CUST026137,0.4669,0,0
CUST019167,0.1333,0,0
CUST015208,0.166,0,0
CUST024363,0.0523,0,0
CUST038677,0.0419,0,0
CUST037266,0.2553,0,0
CUST040769,0.728,1,0
CUST035950,0.25,0,0
CUST038325,0.1094,0,0
CUST007647,0.0582,0,0
CUST018443,0.0981,0,0
CUST032633,0.0943,0,0
CUST024040,0.8499,1,1
CUST040485,0.4897,0,0
CUST007385,0.8786,1,0
CUST014038,0.0553,0,0
CUST001741,0.0639,0,0
CUST021952,0.3684,0,0
CUST028951,0.1847,0,0
CUST004746,0.8131,1,0
CUST014015,0.0755,0,0
CUST025817,0.2534,0,0
CUST002472,0.0449,0,0
CUST003881,0.1116,0,0
CUST021187,0.0578,0,0
CUST005022,0.2839,0,0
CUST036074,0.0738,0,0
CUST032656,0.1213,0,0
CUST039356,0.1406,0,0
CUST046665,0.2198,0,0
CUST018763,0.1254,0,0
CUST001850,0.3949,0,0
CUST046633,0.175,0,0
CUST008063,0.0652,0,0
CUST018326,0.0581,0,0
CUST044039,0.1067,0,0
CUST013468,0.5407,1,0
CUST027854,0.101,0,0
CUST006093,0.3892,0,1
CUST047377,0.7639,1,0
CUST015692,0.2038,0,0
CUST029477,0.3893,0,0
CUST016113,0.5326,1,0
CUST015904,0.0821,0,0
CUST034119,0.3334,0,0
CUST030466,0.1673,0,0
CUST020793,0.0602,0,0
CUST048629,0.5279,1,0
CUST032250,0.3916,0,0
CUST004094,0.0765,0,0
CUST012971,0.0424,0,0
CUST028726,0.3207,0,0
CUST010361,0.7376,1,0
CUST004247,0.0501,0,0
CUST037123,0.1212,0,0
CUST047696,0.148,0,0
CUST022974,0.0896,0,0
CUST030493,0.8137,1,0
CUST023519,0.0852,0,0
CUST030603,0.8879,1,0
CUST041357,0.0675,0,0
CUST028072,0.0905,0,0
CUST028733,0.0673,0,0
CUST021970,0.0905,0,0
CUST013950,0.0596,0,0
CUST016231,0.7399,1,0
CUST026952,0.1605,0,0
CUST038731,0.1922,0,0
CUST044703,0.0397,0,0
CUST044542,0.563,1,0
CUST022560,0.1536,0,0
CUST031888,0.105,0,0
CUST025223,0.0534,0,0
CUST030320,0.1324,0,0
CUST005187,0.0912,0,0
CUST021279,0.07,0,0
CUST009349,0.0585,0,0
CUST026690,0.0799,0,0
CUST011422,0.101,0,0
CUST008371,0.8498,1,1
CUST042842,0.3364,0,0
CUST010893,0.4887,0,0
CUST022268,0.4092,0,0
CUST027701,0.0933,0,0
CUST009310,0.075,0,0
CUST023328,0.2649,0,0
CUST000430,0.5588,1,0
CUST026367,0.0473,0,0
CUST042262,0.899,1,0
CUST029624,0.0372,0,0
CUST035385,0.0546,0,0
CUST047721,0.0769,0,0
CUST041744,0.0613,0,0
CUST033173,0.3146,0,0
CUST043559,0.0416,0,0
CUST031528,0.096,0,0
CUST029478,0.061,0,0
CUST022037,0.0709,0,0
CUST023570,0.9109,1,0
CUST034158,0.0675,0,0
CUST030215,0.0529,0,0
CUST021872,0.055,0,0
CUST001516,0.034,0,0
CUST023044,0.2168,0,0
CUST019226,0.0969,0,0
CUST006556,0.1319,0,0
CUST014771,0.0831,0,0
CUST041734,0.4174,0,0
CUST018390,0.1361,0,0
CUST016720,0.6234,1,0
CUST033954,0.4401,0,0
CUST009550,0.0637,0,0
CUST011305,0.0637,0,0
CUST019593,0.8879,1,1
CUST020469,0.0541,0,0
CUST004189,0.8612,1,0
CUST008950,0.4669,0,0
CUST023195,0.0538,0,0
CUST012245,0.2174,0,0
CUST030997,0.0374,0,0
CUST039751,0.0786,0,0
CUST034100,0.0854,0,0
CUST014450,0.5578,1,0
CUST039535,0.2025,0,0
CUST038750,0.102,0,0
CUST049864,0.6717,1,0
CUST019040,0.0635,0,0
CUST032874,0.8991,1,1
CUST009795,0.0714,0,0
CUST036856,0.505,1,0
CUST012359,0.4686,0,0
CUST049643,0.2432,0,0
CUST029493,0.8393,1,0
CUST000596,0.4242,0,0
CUST019764,0.0873,0,0
CUST027230,0.057,0,0
CUST024024,0.0648,0,0
CUST013811,0.3359,0,0
CUST032859,0.0965,0,0
CUST012709,0.118,0,0
CUST042970,0.7318,1,0
CUST036537,0.0551,0,0
CUST010853,0.4518,0,0
CUST038561,0.0878,0,0
CUST004488,0.1216,0,0
CUST018989,0.0659,0,0
CUST027840,0.5778,1,0
CUST033585,0.7804,1,0
CUST043678,0.043,0,0
CUST048552,0.044,0,0
CUST027741,0.9101,1,1
CUST035201,0.077,0,0
CUST043523,0.5208,1,1
CUST034217,0.6497,1,0
CUST010566,0.0965,0,0
CUST028594,0.0761,0,0
CUST032010,0.0637,0,0
CUST009920,0.0952,0,0
CUST048460,0.0573,0,0
CUST020786,0.1137,0,0
CUST038040,0.5503,1,0
CUST002511,0.344,0,0
CUST001024,0.0923,0,0
CUST049152,0.7501,1,0
CUST035806,0.1344,0,0
CUST027190,0.0933,0,0
CUST039891,0.1083,0,0
CUST028911,0.1107,0,0
CUST018619,0.1321,0,0
CUST025118,0.3435,0,0
CUST009671,0.0925,0,0
CUST013953,0.0624,0,0
CUST011272,0.7802,1,0
CUST014482,0.8551,1,0
CUST014888,0.8488,1,0
CUST038708,0.6712,1,0
CUST034452,0.0573,0,0
CUST010124,0.1576,0,0
CUST004381,0.385,0,0
CUST036680,0.0618,0,0
CUST008630,0.146,0,0
CUST023062,0.1767,0,0
CUST003682,0.2022,0,0
CUST005329,0.8933,1,1
CUST021309,0.148,0,0
CUST025560,0.1139,0,0
CUST025593,0.1879,0,0
CUST008050,0.1169,0,0
CUST022549,0.1317,0,0
CUST000336,0.215,0,0
CUST030046,0.0742,0,0
CUST018594,0.0746,0,0
CUST023396,0.1025,0,0
CUST015003,0.1544,0,0
CUST045209,0.6671,1,0
CUST047024,0.0513,0,0
CUST012507,0.2014,0,0
CUST041868,0.1673,0,0
CUST013058,0.2084,0,0
CUST034001,0.1106,0,0
CUST036174,0.112,0,0
CUST022110,0.0573,0,0
CUST025712,0.1506,0,0
CUST000888,0.8265,1,0
CUST030620,0.1943,0,0
CUST024387,0.0754,0,0
CUST034102,0.0945,0,0
CUST044430,0.0646,0,0
CUST016502,0.0655,0,0
CUST011793,0.0559,0,0
CUST022737,0.8861,1,0
CUST022194,0.5806,1,0
CUST035461,0.3747,0,0
CUST037996,0.1089,0,0
CUST033179,0.117,0,0
CUST030464,0.0831,0,0
CUST039512,0.0748,0,0
CUST042945,0.0675,0,0
CUST008094,0.0513,0,0
CUST048070,0.132,0,0
CUST013222,0.2887,0,0
CUST010172,0.148,0,0
CUST040958,0.1391,0,0
CUST020105,0.1179,0,0
CUST001662,0.1717,0,0
CUST024847,0.1061,0,0
CUST020376,0.1397,0,0
CUST018478,0.3855,0,0
CUST005843,0.4005,0,0
CUST002903,0.1591,0,0
CUST006710,0.1089,0,0
CUST013506,0.8228,1,0
CUST024825,0.8916,1,0
CUST040336,0.0488,0,0
CUST001812,0.1266,0,0
CUST013415,0.1214,0,0
CUST043897,0.0592,0,0
CUST003640,0.3062,0,0
CUST034492,0.7618,1,0
CUST004280,0.1337,0,0
CUST034109,0.9006,1,0
CUST045880,0.1871,0,0
CUST041114,0.7762,1,0
CUST013832,0.1741,0,0
CUST026399,0.1266,0,0
CUST005497,0.0463,0,0
CUST006186,0.1645,0,0
CUST033351,0.3461,0,0
CUST004897,0.1051,0,0
CUST009409,0.0824,0,0
CUST009875,0.1132,0,0
CUST037857,0.3212,0,0
CUST031987,0.8991,1,1
CUST033664,0.0651,0,0
CUST010000,0.8991,1,1
CUST022381,0.1526,0,0
CUST043381,0.1843,0,0
CUST004225,0.085,0,0
CUST008975,0.0675,0,0
CUST018051,0.1024,0,0
CUST001525,0.4337,0,0
CUST003625,0.4462,0,0
CUST012153,0.409,0,0
CUST026113,0.0422,0,0
CUST013895,0.3527,0,0
CUST027045,0.1098,0,0
CUST039056,0.3079,0,0
CUST013436,0.077,0,0
CUST031074,0.1504,0,0
CUST007737,0.0557,0,0
CUST000247,0.0618,0,0
CUST032205,0.1392,0,0
CUST002811,0.1091,0,0
CUST005767,0.045,0,0
CUST045700,0.0595,0,0
CUST042059,0.1538,0,0
CUST000056,0.0675,0,0
CUST043170,0.1634,0,0
CUST041426,0.047,0,0
CUST001473,0.095,0,0
CUST010931,0.0832,0,0
CUST021005,0.4395,0,0
CUST003911,0.2015,0,0
CUST035321,0.1287,0,0
CUST041146,0.0513,0,0
CUST018294,0.0865,0,0
CUST047659,0.0597,0,0
CUST029010,0.1861,0,0
CUST047499,0.3087,0,0
CUST040665,0.1263,0,0
CUST025828,0.6149,1,0
CUST049857,0.2882,0,0
CUST047786,0.802,1,0
CUST032469,0.8347,1,0
CUST015268,0.8162,1,0
CUST013504,0.1403,0,0
CUST018261,0.0989,0,0
CUST038993,0.8817,1,0
CUST031194,0.4997,0,0
CUST013647,0.8338,1,0
CUST021477,0.186,0,0
CUST036256,0.4981,0,0
CUST031977,0.8561,1,0
CUST022841,0.4965,0,0
CUST029116,0.0675,0,0
CUST030015,0.0504,0,0
CUST037612,0.0834,0,0
CUST028446,0.7716,1,0
CUST030677,0.4068,0,0
CUST016427,0.0694,0,0
CUST040251,0.8917,1,0
CUST036032,0.2348,0,0
CUST004988,0.835,1,0
CUST048363,0.0682,0,0
CUST046211,0.3701,0,0
CUST019299,0.8078,1,1
CUST038485,0.0602,0,0
CUST032117,0.8626,1,1
CUST045488,0.4669,0,0
CUST018758,0.0597,0,0
CUST015999,0.0446,0,0
CUST048201,0.0675,0,0
CUST043969,0.7131,1,0
CUST018379,0.9006,1,0
CUST029440,0.0793,0,0
CUST007396,0.0901,0,0
CUST027239,0.1918,0,0
CUST025778,0.1126,0,0
CUST016442,0.1353,0,0
CUST005556,0.198,0,0
CUST009163,0.0999,0,0
CUST028985,0.8821,1,0
CUST009187,0.0536,0,0
CUST044038,0.3797,0,0
CUST026090,0.0478,0,0
CUST047657,0.0837,0,0
CUST019759,0.0446,0,0
CUST047446,0.0718,0,0
CUST010716,0.0744,0,0
CUST026648,0.1937,0,0
CUST013759,0.0907,0,0
CUST037243,0.8556,1,0
CUST038314,0.1025,0,0
CUST004957,0.0473,0,0
CUST049175,0.5514,1,0
CUST034652,0.8835,1,0
CUST024155,0.0723,0,0
CUST047818,0.5706,1,0
CUST005761,0.7034,1,0
CUST010029,0.513,1,0
CUST006776,0.1976,0,0
CUST026117,0.0652,0,0
CUST034839,0.0675,0,0
CUST032541,0.1942,0,0
CUST008687,0.4683,0,0
CUST025666,0.0715,0,0
CUST025494,0.8322,1,1
CUST044599,0.341,0,0
CUST029353,0.2981,0,0
CUST025396,0.0638,0,0
CUST004773,0.0683,0,0
CUST007706,0.0541,0,0
CUST006089,0.1537,0,0
CUST049320,0.0753,0,0
CUST034904,0.1815,0,0
CUST030804,0.0731,0,0
CUST028953,0.1337,0,0
CUST022231,0.8726,1,0
CUST045823,0.0643,0,0
CUST000964,0.2547,0,0
CUST022073,0.0557,0,0
CUST017336,0.3835,0,0
CUST047022,0.1096,0,0
CUST034947,0.1528,0,0
CUST036979,0.2433,0,0
CUST049550,0.1854,0,0
CUST034927,0.0573,0,0
CUST000437,0.1553,0,0
CUST031447,0.1196,0,0
CUST037100,0.052,0,0
CUST025246,0.8858,1,0
CUST016920,0.5963,1,0
CUST008074,0.1427,0,0
CUST032185,0.0672,0,0
CUST040393,0.1227,0,0
CUST030886,0.0633,0,0
CUST048173,0.0918,0,0
CUST010583,0.8421,1,0
CUST008103,0.7929,1,0
CUST021381,0.0613,0,0
CUST024715,0.6005,1,0
CUST014228,0.852,1,0
CUST019998,0.0401,0,0
CUST008768,0.673,1,0
CUST020430,0.0675,0,0
CUST026868,0.8699,1,0
CUST022467,0.096,0,0
CUST033207,0.8567,1,0
CUST037476,0.1792,0,0
CUST046106,0.0943,0,0
CUST000923,0.1335,0,0
CUST049027,0.0754,0,0
CUST019296,0.049,0,0
CUST036395,0.3605,0,0
CUST042829,0.1479,0,0
CUST023512,0.0729,0,0
CUST038752,0.4198,0,0
CUST006738,0.8624,1,0
CUST042626,0.1761,0,0
CUST049255,0.0466,0,0
CUST009446,0.789,1,0
CUST027612,0.1731,0,0
CUST001714,0.358,0,1
CUST028638,0.1157,0,0
CUST041564,0.63,1,0
CUST038183,0.0509,0,0
CUST038620,0.0718,0,0
CUST012083,0.069,0,0
CUST035544,0.089,0,0
CUST025341,0.0675,0,0
CUST038749,0.8532,1,0
CUST049489,0.1174,0,0
CUST028349,0.061,0,0
CUST027729,0.0639,0,0
CUST043115,0.064,0,0
CUST009607,0.3168,0,0
CUST024614,0.0542,0,0
CUST001456,0.0645,0,0
CUST049074,0.0678,0,0
CUST030495,0.06,0,0
CUST026127,0.4896,0,0
CUST049455,0.5037,1,1
CUST035948,0.1289,0,0
CUST045489,0.0659,0,0
CUST017943,0.8643,1,0
CUST047480,0.0662,0,0
CUST023497,0.2343,0,0
CUST021232,0.1549,0,0
CUST047016,0.5357,1,0
CUST004601,0.1599,0,0
CUST017624,0.0523,0,0
CUST039410,0.2136,0,0
CUST024228,0.4425,0,0
CUST029819,0.3751,0,0
CUST010664,0.2019,0,0
CUST007708,0.8141,1,0
CUST021135,0.2267,0,0
CUST001247,0.8322,1,0
CUST003436,0.1072,0,0
CUST038421,0.1132,0,0
CUST040152,0.5673,1,1
CUST001202,0.036,0,0
CUST031134,0.1266,0,0
CUST013879,0.7675,1,0
CUST015516,0.1048,0,0
CUST007554,0.097,0,0
CUST046038,0.0675,0,0
CUST040658,0.0863,0,0
CUST026185,0.1048,0,0
CUST029075,0.7563,1,0
CUST035888,0.0631,0,0
CUST017488,0.1943,0,0
CUST032094,0.1078,0,0
CUST044028,0.0737,0,0
CUST037753,0.1141,0,0
CUST044158,0.4941,0,0
CUST034659,0.1002,0,0
CUST045775,0.2976,0,0
CUST047545,0.3005,0,0
CUST040413,0.3833,0,0
CUST010312,0.1728,0,0
CUST017469,0.5076,1,0
CUST033801,0.0703,0,0
CUST034408,0.1256,0,0
CUST010108,0.0675,0,0
CUST048905,0.1511,0,0
CUST048589,0.064,0,0
CUST003904,0.4804,0,0
CUST000465,0.1063,0,0
CUST022818,0.0802,0,0
CUST012990,0.1367,0,0
CUST014685,0.1511,0,0
CUST046088,0.1943,0,0
CUST047014,0.488,0,0
CUST031236,0.0374,0,0
CUST032073,0.0839,0,0
CUST011625,0.1195,0,0
CUST027832,0.2534,0,0
CUST013864,0.2856,0,0
CUST027675,0.6161,1,0
CUST036898,0.0679,0,0
CUST011240,0.5963,1,0
CUST043006,0.0662,0,0
CUST024919,0.1894,0,0
CUST019566,0.0588,0,0
CUST016641,0.1693,0,0
CUST007193,0.596,1,0
CUST043112,0.2601,0,0
CUST010733,0.0809,0,0
CUST043968,0.1007,0,0
CUST002577,0.4843,0,0
CUST026340,0.6638,1,0
CUST018659,0.0933,0,0
CUST049817,0.0665,0,0
CUST004632,0.4692,0,0
CUST044017,0.8917,1,1
CUST032344,0.2968,0,0
CUST020941,0.1338,0,0
CUST031808,0.2965,0,0
CUST037168,0.8018,1,0
CUST031595,0.0476,0,0
CUST032391,0.1348,0,0
CUST006100,0.0561,0,0
CUST048915,0.5634,1,0
CUST040635,0.0707,0,0
CUST021744,0.1645,0,0
CUST000920,0.6079,1,0
CUST016295,0.4637,0,0
CUST013330,0.0596,0,0
CUST031445,0.1142,0,0
CUST027466,0.7801,1,0
CUST030442,0.1705,0,0
CUST008446,0.7261,1,0
CUST045122,0.044,0,0
CUST007305,0.403,0,1
CUST046480,0.0871,0,0
CUST041714,0.0549,0,0
CUST049816,0.7021,1,0
CUST046363,0.3668,0,0
CUST005507,0.0806,0,0
CUST030350,0.5564,1,0
CUST018309,0.088,0,0
CUST021228,0.1716,0,0
CUST025819,0.0513,0,0
CUST025009,0.7338,1,0
CUST035548,0.1068,0,0
CUST014772,0.1356,0,0
CUST019387,0.7994,1,0
CUST043335,0.0662,0,0
CUST021638,0.0725,0,0
CUST001915,0.1206,0,0
CUST048830,0.0757,0,0
CUST026165,0.5628,1,0
CUST048148,0.3964,0,0
CUST041208,0.7314,1,0
CUST028100,0.8553,1,0
CUST046414,0.1605,0,0
CUST002399,0.5912,1,0
CUST044591,0.1977,0,0
CUST030884,0.1033,0,0
CUST040015,0.0748,0,0
CUST013899,0.0478,0,0
CUST014557,0.0949,0,0
CUST024171,0.2093,0,0
CUST027837,0.0579,0,0
CUST035795,0.2257,0,0
CUST006219,0.3886,0,0
CUST015072,0.0892,0,0
CUST013320,0.2376,0,0
CUST032666,0.1687,0,0
CUST028529,0.0649,0,0
CUST045506,0.0696,0,0
CUST013086,0.0845,0,0
CUST033235,0.2564,0,0
CUST031899,0.0895,0,0
CUST045294,0.0657,0,0
CUST000154,0.2322,0,0
CUST033648,0.1692,0,0
CUST023759,0.0643,0,0
CUST001346,0.054,0,0
CUST026073,0.0903,0,0
CUST043469,0.1091,0,0
CUST006661,0.0716,0,0
CUST041381,0.4698,0,0
CUST045049,0.1283,0,0
CUST003506,0.0586,0,0
CUST047221,0.0832,0,0
CUST023905,0.5377,1,0
CUST020122,0.1766,0,0
CUST044908,0.4092,0,0
CUST034859,0.2782,0,0
CUST044332,0.2104,0,0
CUST017479,0.1262,0,0
CUST004531,0.0715,0,0
CUST035823,0.064,0,0
CUST042607,0.0921,0,0
CUST013620,0.1764,0,0
CUST034529,0.0968,0,0
CUST014734,0.2204,0,0
CUST009528,0.0411,0,0
CUST038510,0.0609,0,0
CUST026515,0.1199,0,0
CUST036829,0.0729,0,0
CUST041013,0.1695,0,0
CUST041789,0.6971,1,0
CUST047371,0.0628,0,0
CUST042294,0.0551,0,0
CUST010718,0.3942,0,0
CUST012326,0.0538,0,0
CUST042270,0.0558,0,0
CUST000925,0.7113,1,0
CUST030342,0.1021,0,0
CUST043882,0.1458,0,0
CUST021668,0.0675,0,0
CUST030423,0.2817,0,0
CUST009954,0.5673,1,0
CUST045701,0.1581,0,0
CUST031784,0.1102,0,0
CUST032977,0.0597,0,0
CUST043457,0.1673,0,0
CUST000505,0.0887,0,0
CUST017443,0.7471,1,0
CUST020115,0.1061,0,0
CUST044323,0.3932,0,0
CUST029568,0.1112,0,0
CUST004130,0.0892,0,0
CUST013680,0.7765,1,0
CUST012558,0.0577,0,0
CUST012417,0.0581,0,0
CUST015107,0.7377,1,0
CUST011158,0.0505,0,0
CUST019079,0.123,0,0
CUST043855,0.3961,0,0
CUST029385,0.1497,0,0
CUST013105,0.0644,0,0
CUST010969,0.7916,1,0
CUST035006,0.0936,0,0
CUST019192,0.0989,0,0
CUST029232,0.0885,0,0
CUST036657,0.0598,0,0
CUST048493,0.0801,0,0
CUST002018,0.0635,0,0
CUST013779,0.5326,1,0
CUST043886,0.8118,1,0
CUST010267,0.2022,0,0
CUST021164,0.0839,0,0
CUST005202,0.7923,1,0
CUST020583,0.213,0,0
CUST008527,0.0675,0,0
CUST049828,0.0787,0,0
CUST009298,0.7608,1,0
CUST004240,0.0451,0,0
CUST046223,0.0895,0,0
CUST011868,0.3659,0,0
CUST029846,0.1279,0,0
CUST035779,0.0638,0,0
CUST006400,0.0597,0,0
CUST015923,0.0372,0,0
CUST003851,0.1369,0,0
CUST048518,0.0517,0,0
CUST044098,0.1515,0,0
CUST016508,0.123,0,0
CUST008737,0.0496,0,0
CUST011674,0.0675,0,0
CUST028615,0.774,1,0
CUST029152,0.0813,0,0
CUST037068,0.2551,0,0
CUST027935,0.8991,1,0
CUST035222,0.5356,1,0
CUST008856,0.0587,0,0
CUST020689,0.1122,0,0
CUST028214,0.0708,0,0
CUST034827,0.0495,0,0
CUST018884,0.0607,0,0
CUST024495,0.0832,0,0
CUST009123,0.1676,0,0
CUST031950,0.14,0,0
CUST004597,0.1123,0,0
CUST015522,0.2015,0,0
CUST030288,0.261,0,0
CUST009524,0.0774,0,0
CUST018854,0.2267,0,0
CUST021497,0.3768,0,0
CUST031623,0.3756,0,0
CUST044995,0.082,0,0
CUST017726,0.1007,0,0
CUST003958,0.1037,0,0
CUST048268,0.0421,0,0
CUST019376,0.0882,0,0
CUST028227,0.5655,1,0
CUST005129,0.0675,0,0
CUST012751,0.1085,0,0
CUST008113,0.3618,0,0
CUST046213,0.2483,0,0
CUST008540,0.8287,1,0
CUST031207,0.0935,0,0
CUST013645,0.496,0,0
CUST006260,0.1406,0,0
CUST028298,0.0423,0,0
CUST004114,0.5852,1,0
CUST023730,0.0675,0,0
CUST007321,0.213,0,0
CUST046872,0.2434,0,0
CUST045202,0.0675,0,0
CUST012080,0.0547,0,0
CUST043070,0.0459,0,0
CUST007521,0.4264,0,0
CUST022315,0.0574,0,0
CUST025588,0.8991,1,1
CUST047175,0.0872,0,0
CUST015047,0.852,1,0
CUST038502,0.1139,0,0
CUST020735,0.0894,0,0
CUST045857,0.3938,0,0
CUST027784,0.0872,0,0
CUST014243,0.0872,0,0
CUST048242,0.1607,0,0
CUST047004,0.0658,0,0
CUST028495,0.1092,0,0
CUST018454,0.058,0,0
CUST021914,0.1374,0,0
CUST011361,0.0694,0,0
CUST010517,0.1605,0,0
CUST013960,0.0633,0,0
CUST004745,0.4006,0,0
CUST028718,0.0868,0,0
CUST041126,0.0454,0,0
CUST036467,0.2985,0,0
CUST045690,0.3016,0,0
CUST031780,0.3821,0,0
CUST044419,0.0786,0,0
CUST049665,0.1199,0,0
CUST031863,0.1814,0,0
CUST033375,0.8933,1,1
CUST002731,0.1156,0,0
CUST004373,0.1193,0,0
CUST041131,0.245,0,0
CUST034062,0.1105,0,0
CUST006505,0.8348,1,0
CUST040750,0.0716,0,0
CUST047278,0.0536,0,0
CUST016995,0.0737,0,0
CUST023952,0.7337,1,0
CUST035358,0.0532,0,0
CUST013302,0.0675,0,0
CUST032399,0.1108,0,0
CUST038786,0.3061,0,0
CUST021007,0.7604,1,0
CUST042055,0.2068,0,0
CUST021825,0.1329,0,0
CUST041987,0.064,0,0
CUST047897,0.4792,0,0
CUST033087,0.8991,1,0
CUST046840,0.0733,0,0
CUST029759,0.0711,0,0
CUST013649,0.077,0,0
CUST029424,0.086,0,0
CUST016520,0.1548,0,0
CUST018781,0.0928,0,0
CUST046797,0.2267,0,0
CUST011486,0.0374,0,0
CUST020830,0.3216,0,0
CUST029300,0.0844,0,0
CUST009887,0.1869,0,0
CUST024322,0.2179,0,0
CUST012286,0.7373,1,0
CUST049778,0.3937,0,0
CUST047725,0.141,0,0
CUST009016,0.1111,0,0
CUST017710,0.0909,0,0
CUST034068,0.0793,0,0
CUST011843,0.4276,0,0
CUST002132,0.131,0,0
CUST045771,0.108,0,0
CUST033328,0.1771,0,0
CUST025529,0.071,0,0
CUST023108,0.1044,0,0
CUST018117,0.1774,0,0
CUST020003,0.0618,0,0
CUST000216,0.2577,0,0
CUST047044,0.0575,0,0
CUST038408,0.0636,0,0
CUST024139,0.0693,0,0
CUST029042,0.1273,0,0
CUST024084,0.2492,0,0
CUST047261,0.0431,0,0
CUST043631,0.1295,0,0
CUST014143,0.3672,0,0
CUST008282,0.0897,0,0
CUST015344,0.4791,0,0
CUST016708,0.8923,1,1
CUST009694,0.1466,0,0
CUST041118,0.0985,0,0
CUST023684,0.0539,0,0
CUST030422,0.1205,0,0
CUST009001,0.0489,0,0
CUST006196,0.2043,0,0
CUST005139,0.0563,0,0
CUST023576,0.0733,0,0
CUST006293,0.0909,0,0
CUST018863,0.4023,0,0
CUST006108,0.6351,1,0
CUST005056,0.062,0,0
CUST015357,0.1575,0,0
CUST025770,0.7536,1,0
CUST034686,0.0616,0,0
CUST045542,0.3754,0,0
CUST028423,0.0418,0,0
CUST017552,0.1288,0,0
CUST008423,0.0675,0,0
CUST004755,0.1319,0,0
CUST022507,0.0802,0,0
CUST034420,0.2267,0,0
CUST020076,0.2324,0,0
CUST017708,0.1191,0,0
CUST044906,0.0959,0,0
CUST047984,0.3932,0,0
CUST012248,0.0734,0,0
CUST039193,0.0588,0,0
CUST001898,0.8795,1,0
CUST041558,0.5243,1,0
CUST040174,0.1423,0,0
CUST034331,0.2265,0,0
CUST031839,0.0516,0,0
CUST042050,0.1673,0,0
CUST014346,0.3724,0,0
CUST027846,0.308,0,0
CUST014145,0.0758,0,0
CUST024619,0.0895,0,0
CUST047652,0.0686,0,0
CUST041486,0.1214,0,0
CUST027607,0.6743,1,0
CUST045738,0.2567,0,0
CUST030590,0.0677,0,0
CUST043992,0.0557,0,0
CUST007228,0.1272,0,0
CUST033994,0.1048,0,0
CUST016991,0.1335,0,0
CUST013423,0.1031,0,0
CUST035721,0.0638,0,0
CUST019858,0.0758,0,0
CUST014797,0.1845,0,0
CUST040453,0.1275,0,0
CUST004902,0.1184,0,0
CUST012865,0.4915,0,0
CUST024923,0.554,1,0
CUST020632,0.0579,0,0
CUST019428,0.1733,0,0
CUST022624,0.0527,0,0
CUST030936,0.3038,0,0
CUST018895,0.0968,0,0
CUST026626,0.0935,0,0
CUST015825,0.0675,0,0
CUST025043,0.1544,0,0
CUST023277,0.0949,0,0
CUST046984,0.1141,0,0
CUST043606,0.3476,0,0
CUST040631,0.1222,0,0
CUST015436,0.0859,0,0
CUST045954,0.1934,0,0
CUST045832,0.0748,0,0
CUST021909,0.0518,0,0
CUST042352,0.8155,1,1
CUST005985,0.0686,0,0
CUST030088,0.0887,0,0
CUST013271,0.0529,0,0
CUST010121,0.1857,0,0
CUST049509,0.8991,1,0
CUST043597,0.0949,0,0
CUST039430,0.2963,0,0
CUST001435,0.0802,0,0
CUST025532,0.1006,0,0
CUST017906,0.1568,0,0
CUST020484,0.169,0,0
CUST031812,0.7906,1,0
CUST010781,0.2558,0,0
CUST033772,0.0601,0,0
CUST043630,0.0345,0,0
CUST023249,0.0681,0,0
CUST004951,0.0631,0,0
CUST042898,0.0848,0,0
CUST048024,0.0867,0,0
CUST030937,0.0569,0,0
CUST008970,0.0772,0,0
CUST014687,0.0951,0,0
CUST004233,0.0731,0,0
CUST017825,0.2593,0,0
CUST025328,0.7271,1,0
CUST011683,0.0578,0,0
CUST033957,0.8018,1,0
CUST013352,0.1412,0,0
CUST012316,0.0661,0,0
CUST041814,0.0434,0,0
CUST034768,0.0822,0,0
CUST036360,0.628,1,0
CUST032380,0.5963,1,0
CUST030103,0.4367,0,0
CUST026449,0.0386,0,0
CUST021686,0.4214,0,0
CUST005858,0.3021,0,0
CUST029043,0.1845,0,0
CUST008341,0.5977,1,0
CUST016165,0.107,0,0
CUST035809,0.464,0,0
CUST006500,0.564,1,0
CUST041672,0.0557,0,0
CUST001492,0.0916,0,0
CUST010358,0.7807,1,0
CUST026601,0.2216,0,0
CUST041223,0.0919,0,0
CUST015028,0.5963,1,0
CUST007784,0.5836,1,0
CUST013327,0.8933,1,1
CUST043880,0.2557,0,0
CUST045069,0.5561,1,0
CUST001479,0.8352,1,0
CUST011842,0.8951,1,1
CUST037580,0.1337,0,0
CUST020507,0.8638,1,0
CUST012456,0.7609,1,0
CUST014256,0.5779,1,0
CUST047867,0.1881,0,0
CUST026688,0.6655,1,0
CUST004034,0.1176,0,0
CUST048792,0.1048,0,0
CUST006502,0.1644,0,0
CUST036440,0.0557,0,0
CUST045789,0.0514,0,0
CUST042860,0.0794,0,0
CUST041213,0.7876,1,0
CUST023863,0.1981,0,0
CUST003785,0.3146,0,0
CUST037083,0.0939,0,0
CUST013700,0.0634,0,0
CUST037965,0.8488,1,1
CUST044640,0.1275,0,0
CUST010299,0.8879,1,0
CUST000231,0.2131,0,0
CUST037751,0.1036,0,0
CUST041174,0.3087,0,0
CUST024426,0.0675,0,0
CUST048187,0.0542,0,0
CUST007107,0.8004,1,1
CUST002169,0.1277,0,0
CUST044670,0.2988,0,0
CUST005842,0.1728,0,0
CUST019252,0.5678,1,0
CUST048398,0.071,0,0
CUST044002,0.1417,0,0
CUST027959,0.6629,1,0
CUST010209,0.0602,0,0
CUST000958,0.1486,0,0
CUST046735,0.0549,0,0
CUST011152,0.0937,0,0
CUST016855,0.1636,0,0
CUST005360,0.202,0,0
CUST041998,0.0433,0,0
CUST031620,0.8252,1,0
CUST013695,0.3061,0,0
CUST014862,0.8082,1,0
CUST027106,0.0505,0,0
CUST022969,0.0763,0,0
CUST035725,0.8393,1,0
CUST013515,0.1435,0,0
CUST000260,0.0396,0,0
CUST033361,0.138,0,0
CUST021770,0.0452,0,0
CUST008770,0.0363,0,0
CUST018141,0.1806,0,0
CUST006568,0.0794,0,0
CUST036369,0.8506,1,0
CUST011713,0.1588,0,0
CUST014111,0.0675,0,0
CUST019200,0.3609,0,0
CUST018014,0.1014,0,0
CUST005734,0.0484,0,0
CUST039120,0.0792,0,0
CUST001396,0.3103,0,0
CUST030065,0.7043,1,0
CUST028789,0.536,1,0
CUST025706,0.0744,0,0
CUST000933,0.0393,0,0
CUST033685,0.0573,0,0
CUST038067,0.5585,1,0
CUST026563,0.8991,1,1
CUST023865,0.0741,0,0
CUST036138,0.0536,0,0
CUST014372,0.4036,0,0
CUST044235,0.5581,1,0
CUST028948,0.1843,0,0
CUST044659,0.1346,0,0
CUST016965,0.5912,1,0
CUST024860,0.0943,0,0
CUST046183,0.0686,0,0
CUST002248,0.1482,0,0
CUST040593,0.1747,0,0
CUST005782,0.0544,0,0
CUST006302,0.0931,0,0
CUST048729,0.0592,0,0
CUST007615,0.1772,0,0
CUST038275,0.0644,0,0
CUST008007,0.3975,0,0
CUST010390,0.6526,1,0
CUST032981,0.0791,0,0
CUST003512,0.1511,0,0
CUST001529,0.1124,0,0
CUST037210,0.0635,0,0
CUST023033,0.1147,0,0
CUST004525,0.6411,1,0
CUST020409,0.0887,0,0
CUST007072,0.86,1,0
CUST018427,0.1608,0,0
CUST028512,0.2136,0,0
CUST014023,0.0755,0,0
CUST019518,0.8734,1,0
CUST000957,0.5505,1,0
CUST028860,0.0644,0,0
CUST003666,0.0499,0,0
CUST037222,0.1637,0,0
CUST003762,0.1348,0,0
CUST015515,0.5673,1,0
CUST033740,0.7662,1,1
CUST008066,0.7541,1,1
CUST024289,0.3803,0,0
CUST011608,0.1161,0,0
CUST002810,0.0698,0,0
CUST016549,0.1064,0,0
CUST028716,0.096,0,0
CUST028822,0.211,0,0
CUST028906,0.2601,0,0
CUST022562,0.1293,0,0
CUST022418,0.0945,0,0
CUST042210,0.135,0,0
CUST001071,0.1159,0,0
CUST034244,0.0698,0,0
CUST016497,0.0566,0,0
CUST029273,0.0681,0,0
CUST044661,0.0723,0,0
CUST044118,0.6143,1,0
CUST031657,0.6222,1,0
CUST019770,0.1959,0,0
CUST021816,0.0871,0,0
CUST001186,0.0745,0,0
CUST018493,0.0617,0,0
CUST015811,0.347,0,0
CUST018097,0.3728,0,0
CUST040089,0.0675,0,0
CUST015261,0.2705,0,0
CUST004086,0.0786,0,0
CUST000838,0.5052,1,0
CUST046570,0.2076,0,0
CUST044151,0.0778,0,0
CUST034598,0.8504,1,0
CUST023671,0.0673,0,0
CUST026056,0.096,0,0
CUST004213,0.1941,0,0
CUST036849,0.0838,0,0
CUST032829,0.0562,0,0
CUST045385,0.0396,0,0
CUST005493,0.0839,0,0
CUST017973,0.0557,0,0
CUST016293,0.0526,0,0
CUST048417,0.764,1,0
CUST014522,0.0968,0,0
CUST027411,0.0791,0,0
CUST004054,0.4176,0,0
CUST024463,0.0516,0,0
CUST009406,0.2102,0,0
CUST007829,0.7284,1,0
CUST001500,0.0827,0,0
CUST037164,0.1218,0,0
CUST000649,0.1433,0,0
CUST010769,0.1625,0,0
CUST006141,0.0719,0,0
CUST047142,0.1571,0,0
CUST041910,0.7941,1,0
CUST040536,0.8588,1,0
CUST036699,0.3565,0,0
CUST013380,0.3996,0,0
CUST034360,0.1415,0,0
CUST000641,0.0577,0,0
CUST031943,0.7589,1,0
CUST008435,0.1366,0,0
CUST014962,0.1945,0,0
CUST036632,0.8974,1,0
CUST001860,0.1686,0,0
CUST046122,0.065,0,0
CUST044056,0.0794,0,0
CUST037112,0.1558,0,0
CUST009690,0.0524,0,0
CUST049717,0.8131,1,0
CUST027570,0.0916,0,0
CUST003586,0.0765,0,0
CUST015111,0.3463,0,0
CUST038910,0.091,0,0
CUST003652,0.1083,0,0
CUST046467,0.0963,0,0
CUST049586,0.8533,1,0
CUST016803,0.1374,0,0
CUST031206,0.8171,1,1
CUST009466,0.0646,0,0
CUST038850,0.6022,1,0
CUST024812,0.2819,0,0
CUST013179,0.2331,0,0
CUST038908,0.0997,0,0
CUST000464,0.0464,0,0
CUST034897,0.0923,0,0
CUST046021,0.1637,0,0
CUST033473,0.131,0,0
CUST003362,0.0374,0,0
CUST011779,0.7788,1,0
CUST038073,0.3053,0,0
CUST035037,0.0504,0,0
CUST040264,0.6186,1,0
CUST023187,0.1662,0,0
CUST024195,0.2692,0,0
CUST038220,0.8283,1,0
CUST017494,0.2306,0,0
CUST004624,0.2107,0,0
CUST040416,0.0662,0,0
CUST043040,0.0949,0,0
CUST047489,0.4669,0,0
CUST040540,0.1513,0,0
CUST010063,0.0619,0,0
CUST025444,0.0761,0,0
CUST045945,0.0644,0,0
CUST027618,0.0853,0,0
CUST009884,0.1514,0,0
CUST009468,0.8087,1,1
CUST046915,0.0423,0,0
CUST028551,0.0979,0,0
CUST000600,0.4427,0,0
CUST008090,0.2883,0,0
CUST030995,0.1337,0,0
CUST014913,0.1616,0,0
CUST017677,0.0753,0,0
CUST011442,0.111,0,0
CUST039472,0.1244,0,0
CUST016997,0.1855,0,0
CUST016878,0.0646,0,0
CUST037971,0.1354,0,0
CUST001942,0.1577,0,0
CUST012091,0.2336,0,0
CUST024506,0.0806,0,0
CUST044539,0.0665,0,0
CUST031816,0.1284,0,0
CUST039127,0.7508,1,0
CUST036947,0.5273,1,0
CUST020874,0.3778,0,0
CUST014489,0.262,0,0
CUST047756,0.1041,0,0
CUST011991,0.8397,1,0
CUST042255,0.0955,0,0
CUST014208,0.0768,0,0
CUST025537,0.0675,0,0
CUST014273,0.1003,0,0
CUST043704,0.2244,0,0
CUST009896,0.1511,0,0
CUST007165,0.0675,0,0
CUST033581,0.244,0,0
CUST048022,0.194,0,0
CUST005541,0.2432,0,0
CUST020064,0.1079,0,0
CUST037974,0.0781,0,0
CUST018447,0.3523,0,0
CUST043352,0.1005,0,0
CUST041674,0.4425,0,0
CUST019056,0.0834,0,0
CUST014285,0.8086,1,0
CUST048666,0.6005,1,0
CUST012109,0.0716,0,0
CUST041583,0.0966,0,0
CUST044477,0.0675,0,0
CUST004137,0.5598,1,0
CUST019285,0.1413,0,0
CUST012946,0.6896,1,0
CUST038540,0.0753,0,0
CUST028589,0.0765,0,0
CUST014044,0.069,0,0
CUST033723,0.0614,0,0
CUST000426,0.0602,0,0
CUST038372,0.2565,0,0
CUST036596,0.4424,0,0
CUST036853,0.0509,0,0
CUST013030,0.1031,0,0
CUST009018,0.0693,0,0
CUST039079,0.1582,0,0
CUST003187,0.158,0,0
CUST034361,0.3133,0,0
CUST031885,0.203,0,0
CUST021444,0.8305,1,0
CUST022903,0.0627,0,0
CUST034332,0.0773,0,0
CUST007553,0.0404,0,0
CUST033254,0.4473,0,0
CUST032458,0.0698,0,0
CUST026526,0.0561,0,0
CUST048261,0.0438,0,0
CUST021222,0.0449,0,0
CUST028864,0.0791,0,0
CUST020321,0.3561,0,0
CUST011153,0.1801,0,0
CUST012666,0.7238,1,0
CUST019735,0.0753,0,0
CUST037219,0.214,0,0
CUST038139,0.2119,0,0
CUST011251,0.197,0,0
CUST034560,0.4335,0,0
CUST019833,0.1585,0,0
CUST006712,0.0814,0,0
CUST029743,0.8091,1,0
CUST043821,0.0661,0,0
CUST041973,0.0548,0,0
CUST046532,0.8654,1,0
CUST043609,0.6005,1,0
CUST037328,0.0871,0,0
CUST013769,0.3248,0,0
CUST039948,0.0641,0,0
CUST004337,0.1677,0,0
CUST044476,0.4005,0,0
CUST041510,0.0519,0,0
CUST012848,0.1201,0,0
CUST038441,0.0677,0,0
CUST031274,0.0573,0,0
CUST027368,0.066,0,0
CUST038274,0.136,0,0
CUST001027,0.0751,0,0
CUST038486,0.1467,0,0
CUST003406,0.7656,1,0
CUST038911,0.6667,1,0
CUST030986,0.1029,0,0
CUST035792,0.096,0,0
CUST003392,0.3731,0,0
CUST021859,0.0588,0,0
CUST048214,0.7857,1,1
CUST000390,0.0609,0,0
CUST031544,0.1841,0,0
CUST020373,0.3014,0,0
CUST030646,0.0647,0,0
CUST035215,0.2205,0,0
CUST041479,0.6137,1,0
CUST037405,0.1979,0,0
CUST030259,0.5766,1,0
CUST044149,0.121,0,0
CUST044925,0.8659,1,0
CUST035988,0.0597,0,0
CUST016777,0.5963,1,0
CUST015247,0.5431,1,0
CUST042584,0.6356,1,0
CUST028662,0.2637,0,0
CUST022863,0.3744,0,0
CUST001177,0.4816,0,0
CUST043108,0.6005,1,0
CUST037190,0.0808,0,0
CUST017510,0.1732,0,0
CUST013168,0.1311,0,0
CUST046120,0.9005,1,0
CUST032568,0.0675,0,0
CUST036009,0.0578,0,0
CUST024329,0.0675,0,0
CUST026351,0.1206,0,0
CUST030456,0.0543,0,0
CUST021259,0.0869,0,0
CUST020200,0.2576,0,0
CUST041255,0.9156,1,0
CUST007377,0.3248,0,0
CUST016358,0.0923,0,0
CUST034058,0.1569,0,0
CUST043979,0.1057,0,0
CUST005110,0.1204,0,0
CUST009245,0.0952,0,0
CUST037509,0.0621,0,0
CUST003233,0.0821,0,0
CUST009436,0.3169,0,0
CUST004987,0.1747,0,0
CUST044669,0.0442,0,0
CUST024452,0.1479,0,0
CUST007996,0.0771,0,0
CUST010479,0.0954,0,0
CUST009405,0.6924,1,0
CUST007790,0.0668,0,0
CUST034934,0.1647,0,0
CUST033897,0.0777,0,0
CUST035436,0.5457,1,0
CUST034656,0.8437,1,0
CUST035579,0.1327,0,0
CUST042064,0.8919,1,1
CUST003370,0.0458,0,0
CUST007348,0.0528,0,0
CUST008675,0.1487,0,0
CUST026578,0.1814,0,0
CUST017160,0.1417,0,0
CUST047315,0.0792,0,0
CUST042770,0.0878,0,0
CUST029125,0.2573,0,0
CUST017908,0.8451,1,1
CUST012732,0.0587,0,0
CUST034729,0.0652,0,0
CUST017062,0.0575,0,0
CUST009023,0.0617,0,0
CUST042946,0.2194,0,0
CUST018942,0.0753,0,0
CUST042721,0.3982,0,0
CUST034127,0.1094,0,0
CUST030005,0.0747,0,0
CUST001824,0.0631,0,0
CUST004064,0.8815,1,0
CUST032230,0.291,0,0
CUST026669,0.1628,0,0
CUST006662,0.168,0,0
CUST003407,0.0941,0,0
CUST002337,0.1043,0,0
CUST010618,0.8579,1,0
CUST046290,0.1678,0,0
CUST029009,0.0461,0,0
CUST048220,0.5251,1,0
CUST025927,0.2005,0,0
CUST001623,0.2645,0,0
CUST020174,0.0716,0,0
CUST015746,0.056,0,0
CUST039701,0.1175,0,0
CUST011759,0.6151,1,0
CUST040899,0.1124,0,0
CUST028350,0.1215,0,0
CUST015903,0.1511,0,0
CUST001825,0.0444,0,0
CUST013552,0.8947,1,1
CUST000013,0.0935,0,0
CUST007146,0.3672,0,0
CUST001580,0.1189,0,0
CUST043476,0.0579,0,0
CUST001717,0.7443,1,0
CUST002528,0.0723,0,0
CUST032530,0.1698,0,0
CUST013507,0.207,0,0
CUST048585,0.0675,0,0
CUST020592,0.7613,1,0
CUST035515,0.0862,0,0
CUST045817,0.0427,0,0
CUST005134,0.6665,1,0
CUST033148,0.3432,0,0
CUST001739,0.4028,0,0
CUST007264,0.0678,0,0
CUST009635,0.7584,1,0
CUST046768,0.6158,1,0
CUST022612,0.0346,0,0
CUST049392,0.2207,0,0
CUST007263,0.5607,1,0
CUST030800,0.1708,0,0
CUST021112,0.3183,0,0
CUST022727,0.4257,0,0
CUST027871,0.6431,1,0
CUST019143,0.2549,0,0
CUST030783,0.064,0,0
CUST046108,0.5867,1,0
CUST016602,0.1423,0,0
CUST048549,0.2458,0,0
CUST032944,0.1088,0,0
CUST029167,0.0675,0,0
CUST013343,0.057,0,0
CUST024611,0.118,0,0
CUST020535,0.5913,1,0
CUST034019,0.2044,0,0
CUST039848,0.4751,0,0
CUST032116,0.6686,1,0
CUST005226,0.0778,0,0
CUST013137,0.0869,0,0
CUST036325,0.9025,1,1
CUST048300,0.0721,0,0
CUST001837,0.0702,0,0
CUST025310,0.858,1,0
CUST044689,0.2045,0,0
CUST018126,0.081,0,0
CUST045719,0.0557,0,0
CUST031712,0.1155,0,0
CUST005043,0.4611,0,0
CUST014502,0.0965,0,0
CUST040555,0.1327,0,0
CUST002633,0.1235,0,0
CUST031910,0.6813,1,0
CUST002896,0.045,0,0
CUST019038,0.0675,0,0
CUST037244,0.3476,0,0
CUST007141,0.5681,1,0
CUST007352,0.0393,0,0
CUST008228,0.8726,1,1
CUST018466,0.4276,0,0
CUST004794,0.0482,0,0
CUST044577,0.2495,0,0
CUST028135,0.0419,0,0
CUST013188,0.346,0,0
CUST035437,0.1895,0,0
CUST046426,0.1128,0,0
CUST033920,0.1263,0,0
CUST010276,0.045,0,0
CUST022570,0.242,0,0
CUST017528,0.3907,0,0
CUST002924,0.1985,0,0
CUST049545,0.8091,1,0
CUST024899,0.7497,1,0
CUST038221,0.646,1,0
CUST026758,0.0675,0,0
CUST011805,0.0571,0,0
CUST002427,0.1388,0,0
CUST008443,0.1144,0,0
CUST016532,0.0655,0,0
CUST008866,0.4092,0,0
CUST039821,0.8609,1,1
CUST038218,0.0427,0,0
CUST019457,0.1589,0,0
CUST015996,0.17,0,0
CUST034505,0.0646,0,0
CUST021306,0.2337,0,0
CUST034711,0.0594,0,0
CUST041043,0.0502,0,0
CUST019789,0.2985,0,0
CUST038134,0.802,1,0
CUST032275,0.2222,0,0
CUST004330,0.0672,0,0
CUST031243,0.2423,0,0
CUST038387,0.7155,1,0
CUST027866,0.0664,0,0
CUST045417,0.1496,0,0
CUST035873,0.3932,0,0
CUST006406,0.1428,0,0
CUST000172,0.7068,1,0
CUST027546,0.0697,0,0
CUST010128,0.053,0,0
CUST008514,0.8331,1,0
CUST020294,0.0497,0,0
CUST010739,0.0916,0,0
CUST049484,0.3567,0,0
CUST005557,0.1806,0,0
CUST011461,0.1276,0,0
CUST009280,0.0495,0,0
CUST000723,0.1682,0,0
CUST027052,0.275,0,0
CUST001326,0.8933,1,0
CUST024465,0.0869,0,0
CUST006987,0.0462,0,0
CUST036415,0.7041,1,0
CUST024904,0.8841,1,0
CUST046802,0.189,0,0
CUST046996,0.0451,0,0
CUST038495,0.0434,0,0
CUST032186,0.4005,0,0
CUST022782,0.0611,0,0
CUST021249,0.0592,0,0
CUST000866,0.0463,0,0
CUST040776,0.0542,0,0
CUST019485,0.1592,0,0
CUST040405,0.1009,0,0
CUST005487,0.3114,0,0
CUST013300,0.0465,0,0
CUST042690,0.0456,0,0
CUST034760,0.2714,0,0
CUST021439,0.0548,0,0
CUST027217,0.1152,0,0
CUST001117,0.2346,0,0
CUST010426,0.1683,0,0
CUST034386,0.1337,0,0
CUST020081,0.1176,0,0
CUST020867,0.0976,0,0
CUST039733,0.67,1,0
CUST044653,0.054,0,0
CUST035035,0.6245,1,0
CUST039842,0.0883,0,0
CUST024634,0.0919,0,0
CUST001487,0.1044,0,0
CUST044082,0.0584,0,0
CUST017328,0.1909,0,0
CUST033178,0.6005,1,0
CUST015164,0.0648,0,0
CUST011860,0.3728,0,0
CUST027980,0.2082,0,0
CUST017870,0.1075,0,0
CUST024038,0.7712,1,0
CUST000642,0.207,0,0
CUST035341,0.1443,0,0
CUST014957,0.1346,0,0
CUST037325,0.0466,0,0
CUST020308,0.0391,0,0
CUST031777,0.0539,0,0
CUST005560,0.1143,0,0
CUST010551,0.0802,0,0
CUST029123,0.1177,0,0
CUST000536,0.1337,0,0
CUST029193,0.0629,0,0
CUST021660,0.2007,0,0
CUST049173,0.056,0,0
CUST036104,0.1854,0,0
CUST018277,0.0831,0,0
CUST025773,0.7175,1,0
CUST003085,0.8791,1,0
CUST038680,0.0675,0,0
CUST048673,0.1347,0,0
CUST030042,0.1202,0,0
CUST007422,0.0675,0,0
CUST006184,0.0673,0,0
CUST047005,0.1208,0,0
CUST038550,0.0657,0,0
CUST034185,0.1403,0,0
CUST002326,0.7772,1,0
CUST025288,0.0585,0,0
CUST035056,0.0633,0,0
CUST010200,0.0446,0,0
CUST014787,0.7287,1,0
CUST000049,0.0912,0,0
CUST017991,0.059,0,0
CUST043832,0.1234,0,0
CUST018337,0.0851,0,0
CUST020135,0.1752,0,0
CUST043909,0.0559,0,0
CUST018215,0.1443,0,0
CUST017992,0.1094,0,0
CUST032456,0.4991,0,0
CUST044266,0.7755,1,0
CUST038622,0.0738,0,0
CUST031599,0.6713,1,0
CUST036207,0.0506,0,0
CUST037531,0.2211,0,0
CUST045097,0.1783,0,0
CUST042622,0.1044,0,0
CUST043894,0.3371,0,0
CUST039162,0.0762,0,0
CUST012307,0.2209,0,0
CUST012146,0.0716,0,0
CUST016384,0.0692,0,0
CUST007323,0.1715,0,0
CUST011285,0.7157,1,0
CUST048665,0.1278,0,0
CUST045893,0.7163,1,0
CUST004398,0.2263,0,0
CUST029157,0.0837,0,0
CUST012414,0.0961,0,0
CUST034522,0.0515,0,0
CUST027302,0.0884,0,0
CUST020816,0.0522,0,0
CUST014885,0.0759,0,0
CUST004934,0.6572,1,0
CUST027670,0.0497,0,0
CUST029179,0.0748,0,0
CUST013745,0.0975,0,0
CUST030348,0.0722,0,0
CUST002705,0.8799,1,0
CUST014616,0.062,0,0
CUST047041,0.0413,0,0
CUST047463,0.081,0,0
CUST017376,0.3212,0,0
CUST020178,0.3248,0,0
CUST031395,0.7107,1,1
CUST007273,0.2133,0,0
CUST007519,0.2759,0,0
CUST018993,0.1766,0,0
CUST036190,0.1874,0,0
CUST035654,0.121,0,0
CUST009452,0.1227,0,0
CUST011360,0.6818,1,0
CUST000823,0.0916,0,0
CUST008254,0.3607,0,0
CUST044586,0.2982,0,0
CUST027332,0.0557,0,0
CUST043217,0.0567,0,0
CUST031552,0.7097,1,0
CUST019307,0.0732,0,0
CUST022234,0.0377,0,0
CUST016898,0.058,0,0
CUST021599,0.1744,0,0
CUST042149,0.0986,0,0
CUST033981,0.049,0,0
CUST032409,0.08,0,0
CUST043165,0.2232,0,0
CUST014683,0.0601,0,0
CUST003088,0.0907,0,0
CUST034699,0.1172,0,0
CUST041968,0.0555,0,0
CUST011746,0.0431,0,0
CUST015294,0.0644,0,0
CUST019492,0.2411,0,0
CUST042390,0.0771,0,0
CUST042846,0.0431,0,0
CUST018244,0.0733,0,0
CUST034981,0.0833,0,0
CUST045833,0.2164,0,0
CUST007758,0.1068,0,0
CUST041620,0.0926,0,0
CUST018399,0.0463,0,0
CUST005859,0.7369,1,0
CUST013211,0.0675,0,0
CUST035447,0.8517,1,0
CUST045062,0.1804,0,0
CUST046563,0.3248,0,0
CUST042639,0.1279,0,0
CUST033098,0.9025,1,0
CUST034282,0.0753,0,0
CUST034576,0.9006,1,0
CUST012435,0.1753,0,0
CUST016512,0.1361,0,0
CUST041337,0.1388,0,0
CUST019925,0.0727,0,0
CUST021471,0.7154,1,0
CUST027277,0.076,0,0
CUST028875,0.156,0,0
CUST047857,0.1567,0,0
CUST018779,0.1337,0,0
CUST024845,0.0662,0,0
CUST028910,0.7077,1,0
CUST028498,0.0618,0,0
CUST040756,0.0429,0,0
CUST020019,0.0901,0,0
CUST014509,0.4819,0,0
CUST034478,0.6716,1,0
CUST040904,0.0896,0,0
CUST006883,0.5457,1,0
CUST026082,0.0889,0,0
CUST007375,0.6895,1,0
CUST038065,0.0833,0,0
CUST040794,0.0843,0,0
CUST006885,0.3257,0,0
CUST042482,0.1399,0,0
CUST001375,0.0757,0,0
CUST047934,0.0599,0,0
CUST022732,0.1124,0,0
CUST027393,0.1353,0,0
CUST019807,0.099,0,0
CUST020994,0.087,0,0
CUST025060,0.1674,0,0
CUST049880,0.1845,0,0
CUST031633,0.8717,1,0
CUST040096,0.1436,0,0
CUST038836,0.8252,1,0
CUST015703,0.8591,1,1
CUST006053,0.0788,0,0
CUST035636,0.0614,0,0
CUST045842,0.4433,0,0
CUST012073,0.6005,1,0
CUST016714,0.8991,1,1
CUST024005,0.1681,0,0
CUST004999,0.1417,0,0
CUST049172,0.6301,1,0
CUST013918,0.0559,0,0
CUST007639,0.2452,0,1
CUST020667,0.5598,1,0
CUST035879,0.8812,1,0
CUST023771,0.2909,0,0
CUST027243,0.0461,0,0
CUST008512,0.0397,0,0
CUST033550,0.0618,0,0
CUST047152,0.1757,0,0
CUST033895,0.457,0,0
CUST021894,0.071,0,0
CUST019181,0.0557,0,0
CUST002601,0.6222,1,0
CUST013459,0.0458,0,0
CUST012809,0.1353,0,0
CUST020005,0.3561,0,0
CUST009873,0.0711,0,0
CUST013474,0.069,0,0
CUST009724,0.8974,1,1
CUST004287,0.0624,0,0
CUST027917,0.1619,0,0
CUST022067,0.1716,0,0
CUST043402,0.1809,0,0
CUST037491,0.0662,0,0
CUST040957,0.5248,1,0
CUST018904,0.1277,0,0
CUST032375,0.0445,0,0
CUST029924,0.087,0,0
CUST021288,0.0503,0,0
CUST018205,0.2165,0,0
CUST018583,0.0637,0,0
CUST013573,0.3366,0,0
CUST022136,0.3107,0,0
CUST019262,0.2716,0,0
CUST011034,0.11,0,0
CUST024594,0.0662,0,0
CUST016078,0.0662,0,0
CUST004805,0.434,0,0
CUST013794,0.0617,0,0
CUST040719,0.11,0,0
CUST032745,0.1973,0,0
CUST037956,0.1879,0,0
CUST014186,0.0743,0,0
CUST023974,0.1745,0,1
CUST010056,0.0583,0,0
CUST017251,0.0977,0,0
CUST025322,0.0985,0,0
CUST047490,0.758,1,0
CUST003230,0.0994,0,0
CUST042593,0.7166,1,0
CUST018852,0.0887,0,0
CUST026045,0.1542,0,0
CUST003693,0.0876,0,0
CUST041640,0.0675,0,0
CUST042013,0.0716,0,0
CUST049071,0.097,0,0
CUST048334,0.1688,0,0
CUST009071,0.0389,0,0
CUST027978,0.0384,0,0
CUST019860,0.6978,1,0
CUST006531,0.1517,0,0
CUST042076,0.0847,0,0
CUST022051,0.5745,1,0
CUST016730,0.0702,0,0
CUST043013,0.0738,0,0
CUST004682,0.0609,0,0
CUST033933,0.4669,0,0
CUST048444,0.0557,0,0
CUST044891,0.1003,0,0
CUST034160,0.0793,0,0
CUST029381,0.5988,1,0
CUST015076,0.7078,1,0
CUST028693,0.4278,0,0
CUST023273,0.0951,0,0
CUST021898,0.5697,1,0
CUST044314,0.0444,0,0
CUST037578,0.4024,0,0
CUST029350,0.0499,0,0
CUST030102,0.2476,0,0
CUST046437,0.1872,0,0
CUST010242,0.1886,0,0
CUST036331,0.7485,1,0
CUST035760,0.0774,0,0
CUST028370,0.6692,1,0
CUST001342,0.8625,1,0
CUST001223,0.0563,0,0
CUST011624,0.0871,0,0
CUST039116,0.0819,0,0
CUST045093,0.1125,0,0
CUST034393,0.8006,1,0
CUST046905,0.2811,0,0
CUST009683,0.0752,0,0
CUST026157,0.0599,0,0
CUST025906,0.1118,0,0
CUST007386,0.6296,1,0
CUST004657,0.0801,0,0
CUST012226,0.0705,0,0
CUST009989,0.8188,1,0
CUST009667,0.0788,0,0
CUST027395,0.3522,0,0
CUST045883,0.3803,0,0
CUST048371,0.1498,0,0
CUST037361,0.1112,0,0
CUST024350,0.1593,0,0
CUST005820,0.0903,0,0
CUST047568,0.1041,0,0
CUST017561,0.219,0,0
CUST024791,0.1289,0,0
CUST004833,0.1289,0,0
CUST013665,0.4454,0,0
CUST041712,0.0449,0,0
CUST022990,0.1247,0,0
CUST004084,0.0445,0,0
CUST025705,0.1212,0,0
CUST003273,0.0885,0,0
CUST041056,0.0374,0,0
CUST047839,0.1494,0,0
CUST024237,0.0439,0,0
CUST036328,0.6313,1,0
CUST032877,0.0838,0,0
CUST024749,0.1367,0,0
CUST003564,0.1688,0,0
CUST016150,0.0793,0,0
CUST047808,0.064,0,0
CUST032773,0.8043,1,0
CUST047739,0.0551,0,0
CUST024902,0.252,0,0
CUST007445,0.0409,0,0
CUST038683,0.2325,0,0
CUST034914,0.8991,1,0
CUST010091,0.2705,0,0
CUST033069,0.1073,0,0
CUST022716,0.1315,0,0
CUST022513,0.0757,0,0
CUST030789,0.0638,0,0
CUST046995,0.1706,0,0
CUST040742,0.6005,1,0
CUST012943,0.0846,0,0
CUST038969,0.1832,0,0
CUST014665,0.1979,0,0
CUST046348,0.5409,1,0
CUST041481,0.0968,0,0
CUST026450,0.5433,1,0
CUST003585,0.0863,0,0
CUST019657,0.1314,0,0
CUST006984,0.1055,0,0
CUST010221,0.641,1,0
CUST031978,0.8991,1,1
CUST024480,0.0735,0,0
CUST027146,0.1463,0,0
CUST040837,0.1504,0,0
CUST017931,0.0978,0,0
CUST011848,0.1986,0,0
CUST039875,0.053,0,0
CUST048521,0.1756,0,0
CUST003421,0.5725,1,0
CUST033749,0.1865,0,0
CUST007696,0.0622,0,0
CUST049417,0.6912,1,0
CUST004898,0.1266,0,0
CUST048033,0.1702,0,0
CUST033344,0.096,0,0
CUST036487,0.1794,0,0
CUST011647,0.7464,1,0
CUST045350,0.0415,0,0
CUST017122,0.0701,0,0
CUST019658,0.4177,0,1
CUST039445,0.1942,0,0
CUST014280,0.1279,0,0
CUST034684,0.2776,0,0
CUST020314,0.2988,0,0
CUST028458,0.0511,0,0
CUST013693,0.1499,0,0
CUST031931,0.2809,0,0
CUST006041,0.1619,0,0
CUST033384,0.1429,0,0
CUST029220,0.6257,1,0
CUST029132,0.5321,1,0
CUST032137,0.1011,0,0
CUST011286,0.051,0,0
CUST026300,0.1234,0,0
CUST006157,0.0973,0,0
CUST049623,0.0548,0,0
CUST006298,0.0894,0,0
CUST026817,0.165,0,0
CUST022440,0.8326,1,0
CUST021185,0.0658,0,0
CUST039137,0.0405,0,0
CUST013867,0.0494,0,0
CUST018642,0.0415,0,0
CUST011870,0.1862,0,0
CUST022128,0.2169,0,0
CUST014520,0.5992,1,0
CUST016709,0.0428,0,0
CUST047902,0.0746,0,0
CUST045073,0.259,0,0
CUST023533,0.5585,1,0
CUST029315,0.8872,1,0
CUST025373,0.0756,0,0
CUST025214,0.5785,1,0
CUST025124,0.0905,0,0
CUST031189,0.2402,0,0
CUST014386,0.0481,0,0
CUST048338,0.0857,0,0
CUST004158,0.0675,0,0
CUST047136,0.072,0,0
CUST011835,0.8473,1,0
CUST045710,0.1048,0,0
CUST002426,0.1435,0,0
CUST048089,0.8991,1,1
CUST013524,0.1863,0,0
CUST019013,0.1155,0,0
CUST001450,0.2054,0,0
CUST041482,0.1266,0,0
CUST045714,0.0414,0,0
CUST042317,0.1646,0,0
CUST038958,0.1433,0,0
CUST008807,0.7784,1,0
CUST027691,0.0481,0,0
CUST016084,0.0616,0,0
CUST026142,0.0993,0,0
CUST020037,0.0866,0,0
CUST013874,0.0339,0,0
CUST000333,0.8636,1,0
CUST011396,0.1826,0,0
CUST005951,0.1761,0,0
CUST027474,0.7275,1,0
CUST022759,0.0815,0,0
CUST043393,0.2449,0,0
CUST004041,0.0667,0,0
CUST034407,0.1597,0,0
CUST035833,0.5642,1,0
CUST025601,0.2891,0,0
CUST009241,0.5389,1,0
CUST032630,0.1182,0,0
CUST030508,0.7472,1,0
CUST049343,0.5126,1,0
CUST032251,0.3865,0,0
CUST010747,0.1554,0,0
CUST036132,0.57,1,0
CUST015296,0.195,0,0
CUST036893,0.8991,1,1
CUST013381,0.8901,1,0
CUST040546,0.0553,0,0
CUST014077,0.1156,0,0
CUST019346,0.2766,0,0
CUST049416,0.0385,0,0
CUST028127,0.0594,0,0
CUST042868,0.064,0,0
CUST004065,0.0398,0,0
CUST047549,0.7614,1,0
CUST014293,0.0499,0,0
CUST030194,0.0616,0,0
CUST038536,0.124,0,0
CUST001802,0.0814,0,0
CUST025235,0.7421,1,0
CUST023363,0.1401,0,0
CUST018828,0.5436,1,0
CUST046892,0.0663,0,0
CUST023490,0.0851,0,0
CUST026256,0.1152,0,0
CUST043215,0.0472,0,0
CUST031571,0.2853,0,0
CUST024344,0.1566,0,0
CUST006863,0.4464,0,0
CUST010206,0.1203,0,0
CUST038957,0.1568,0,0
CUST024021,0.0656,0,0
CUST040209,0.1337,0,0
CUST034698,0.158,0,0
CUST001973,0.0675,0,0
CUST011678,0.1212,0,0
CUST026576,0.0595,0,0
CUST036916,0.5356,1,0
CUST023788,0.0526,0,0
CUST048386,0.2133,0,0
CUST020965,0.0654,0,0
CUST044960,0.1156,0,0
CUST041281,0.0582,0,0
CUST034231,0.0675,0,0
CUST037418,0.0775,0,0
CUST024510,0.0872,0,0
CUST039218,0.0824,0,0
CUST009745,0.165,0,0
CUST017947,0.1189,0,0
CUST033276,0.5585,1,0
CUST038797,0.1253,0,0
CUST036669,0.0708,0,0
CUST027247,0.0514,0,0
CUST016944,0.5782,1,0
CUST019803,0.1247,0,0
CUST030961,0.069,0,0
CUST042949,0.0935,0,0
CUST045419,0.1328,0,0
CUST017179,0.0699,0,0
CUST010955,0.0485,0,0
CUST033973,0.048,0,0
CUST018380,0.8516,1,1
CUST013796,0.0619,0,0
CUST000293,0.0735,0,0
CUST023700,0.8991,1,1
CUST046117,0.0686,0,0
CUST032730,0.2887,0,0
CUST023270,0.1385,0,0
CUST029556,0.1598,0,0
CUST025849,0.4092,0,0
CUST032423,0.904,1,0
CUST008550,0.0569,0,0
CUST031586,0.1116,0,0
CUST027403,0.0446,0,0
CUST032347,0.0675,0,0
CUST043723,0.3081,0,0
CUST045750,0.1291,0,0
CUST031231,0.0675,0,0
CUST024884,0.077,0,0
CUST036929,0.0707,0,0
CUST044135,0.0871,0,0
CUST033951,0.1914,0,0
CUST004063,0.6005,1,1
CUST035915,0.0948,0,0
CUST023030,0.034,0,0
CUST037680,0.0644,0,0
CUST040352,0.9279,1,1
CUST002403,0.0802,0,0
CUST048344,0.0563,0,0
CUST049280,0.0641,0,0
CUST019067,0.0593,0,0
CUST043361,0.0585,0,0
CUST047484,0.1222,0,0
CUST022686,0.8616,1,0
CUST043574,0.0745,0,0
CUST006919,0.0524,0,0
CUST031154,0.0804,0,0
CUST017518,0.8919,1,0
CUST028246,0.0619,0,0
CUST014072,0.2748,0,0
CUST036504,0.0783,0,0
CUST022451,0.221,0,0
CUST002949,0.0675,0,0
CUST042334,0.0751,0,0
CUST018864,0.1883,0,0
CUST012336,0.0711,0,0
CUST033118,0.0789,0,0
CUST002110,0.0744,0,0
CUST011295,0.1575,0,0
CUST027184,0.1161,0,0
CUST029788,0.0895,0,0
CUST027887,0.1752,0,0
CUST010983,0.0931,0,0
CUST033575,0.0984,0,0
CUST031339,0.8991,1,0
CUST018460,0.1423,0,0
CUST001875,0.6005,1,0
CUST037378,0.1543,0,0
CUST023800,0.0525,0,0
CUST004676,0.4425,0,0
CUST044645,0.0802,0,0
CUST007842,0.1196,0,0
CUST043463,0.9025,1,0
CUST011716,0.459,0,0
CUST043480,0.1324,0,0
CUST010698,0.293,0,0
CUST048076,0.1247,0,0
CUST037605,0.5076,1,0
CUST018651,0.0674,0,0
CUST015425,0.3471,0,0
CUST034978,0.3811,0,0
CUST027599,0.4868,0,0
CUST008011,0.9006,1,1
CUST031708,0.2247,0,0
CUST042936,0.0569,0,0
CUST048641,0.1378,0,0
CUST042648,0.4188,0,0
CUST000254,0.4154,0,0
CUST040696,0.0753,0,0
CUST030818,0.1556,0,0
CUST020061,0.0723,0,0
CUST013483,0.7755,1,0
CUST049666,0.1406,0,0
CUST016475,0.0917,0,0
CUST031659,0.0746,0,0
CUST016992,0.2088,0,0
CUST003568,0.1164,0,0
CUST035112,0.1049,0,0
CUST044582,0.0493,0,0
CUST007538,0.6897,1,0
CUST025080,0.214,0,0
CUST036668,0.0656,0,0
CUST019879,0.0553,0,0
CUST007825,0.303,0,0
CUST046804,0.8951,1,0
CUST048816,0.1672,0,0
CUST037812,0.1495,0,0
CUST002533,0.067,0,0
CUST020073,0.1504,0,0
CUST000830,0.0758,0,0
CUST030725,0.7497,1,0
CUST048831,0.1825,0,0
CUST019447,0.0797,0,0
CUST026766,0.0765,0,0
CUST016233,0.3134,0,0
CUST023665,0.0691,0,0
CUST000434,0.6416,1,0
CUST012278,0.3305,0,0
CUST046786,0.3378,0,0
CUST036169,0.0933,0,0
CUST004042,0.1772,0,0
CUST025101,0.0552,0,0
CUST044031,0.1322,0,0
CUST001759,0.7668,1,0
CUST049047,0.1449,0,0
CUST038443,0.3194,0,0
CUST045971,0.3451,0,0
CUST040476,0.4953,0,0
CUST042053,0.0816,0,0
CUST034676,0.0791,0,0
CUST015490,0.5006,1,0
CUST034486,0.0407,0,0
CUST029782,0.085,0,0
CUST049825,0.0525,0,0
CUST017464,0.0478,0,0
CUST037280,0.0696,0,0
CUST026554,0.0604,0,0
CUST016190,0.8087,1,1
CUST039964,0.1034,0,0
CUST015824,0.1045,0,0
CUST018175,0.3295,0,0
CUST012714,0.7796,1,0
CUST005258,0.1005,0,0
CUST003205,0.175,0,0
CUST034008,0.3371,0,0
CUST031665,0.0595,0,0
CUST046034,0.0695,0,0
CUST032770,0.0503,0,0
CUST008212,0.4797,0,0
CUST009229,0.1688,0,0
CUST042627,0.8012,1,0
CUST006927,0.1374,0,0
CUST019282,0.5182,1,0
CUST030652,0.116,0,0
CUST041096,0.1445,0,0
CUST032105,0.0609,0,0
CUST031183,0.282,0,0
CUST038126,0.1146,0,0
CUST030134,0.2615,0,0
CUST009155,0.1329,0,0
CUST042268,0.1822,0,0
CUST007074,0.2007,0,0
CUST038140,0.2906,0,0
CUST022099,0.0727,0,0
CUST015428,0.1114,0,0
CUST011943,0.8787,1,1
CUST039013,0.0979,0,0
CUST024872,0.0387,0,0
CUST024133,0.0793,0,0
CUST012687,0.2419,0,0
CUST002584,0.5742,1,0
CUST009214,0.9261,1,0
CUST016202,0.596,1,0
CUST031606,0.0434,0,0
CUST044710,0.3883,0,0
CUST040116,0.7779,1,1
CUST038019,0.0488,0,0
CUST018316,0.1202,0,0
CUST014352,0.4164,0,0
CUST001816,0.0616,0,0
CUST042595,0.0587,0,0
CUST031979,0.1421,0,0
CUST023750,0.8087,1,1
CUST040549,0.433,0,0
CUST042756,0.1139,0,0
CUST046154,0.0838,0,0
CUST023765,0.0601,0,0
CUST016634,0.3605,0,0
CUST033900,0.0938,0,0
CUST024356,0.4562,0,0
CUST030872,0.0995,0,0
CUST043095,0.0556,0,0
CUST026768,0.0675,0,0
CUST031333,0.0675,0,0
CUST012524,0.1715,0,0
CUST034758,0.0839,0,0
CUST019286,0.0601,0,0
CUST022613,0.6135,1,0
CUST024754,0.1012,0,0
CUST009064,0.1209,0,0
CUST009630,0.0501,0,0
CUST022980,0.0619,0,0
CUST031564,0.0498,0,0
CUST012289,0.0545,0,0
CUST003259,0.0993,0,0
CUST017429,0.0771,0,0
CUST005650,0.5499,1,0
CUST018672,0.8238,1,0
CUST023500,0.0972,0,0
CUST008642,0.0334,0,0
CUST022004,0.6488,1,0
CUST046953,0.3378,0,0
CUST034391,0.7634,1,0
CUST032994,0.0583,0,0
CUST030265,0.167,0,0
CUST047945,0.1636,0,0
CUST036366,0.0873,0,0
CUST031502,0.5026,1,0
CUST016379,0.7922,1,1
CUST018515,0.28,0,0
CUST047745,0.2001,0,0
CUST038186,0.207,0,0
CUST041132,0.0402,0,0
CUST049662,0.1001,0,0
CUST026804,0.1112,0,0
CUST015478,0.0531,0,0
CUST005097,0.7326,1,0
CUST034965,0.8012,1,0
CUST013689,0.4367,0,0
CUST026997,0.8386,1,0
CUST043196,0.0719,0,0
CUST014424,0.1386,0,0
CUST007083,0.3037,0,0
CUST017146,0.8454,1,0
CUST022469,0.2878,0,0
CUST033517,0.0489,0,0
CUST000568,0.0365,0,0
CUST021891,0.0682,0,0
CUST022098,0.1168,0,0
CUST009380,0.4004,0,0
CUST010560,0.0674,0,0
CUST024099,0.0574,0,0
CUST033193,0.8211,1,0
CUST005207,0.6803,1,0
CUST005239,0.1196,0,0
CUST007246,0.2033,0,0
CUST011075,0.2854,0,0
CUST012412,0.7177,1,0
CUST040499,0.1305,0,0
CUST013520,0.6077,1,0
CUST003463,0.1196,0,0
CUST007451,0.0466,0,0
CUST032315,0.8123,1,0
CUST034067,0.6965,1,0
CUST021860,0.7408,1,0
CUST020062,0.0947,0,0
CUST023309,0.7916,1,0
CUST024340,0.0611,0,0
CUST031407,0.5912,1,0
CUST026380,0.0895,0,0
CUST048597,0.0974,0,0
CUST024994,0.0962,0,0
CUST004816,0.1213,0,0
CUST028320,0.1266,0,0
CUST012963,0.8991,1,0
CUST025353,0.2048,0,0
CUST009260,0.0923,0,0
CUST002218,0.1757,0,0
CUST034763,0.0557,0,0
CUST002245,0.2175,0,0
CUST042084,0.138,0,0
CUST002187,0.1337,0,0
CUST036624,0.6499,1,0
CUST008848,0.376,0,0
CUST036580,0.0532,0,0
CUST031252,0.1605,0,0
CUST002679,0.0548,0,0
CUST013391,0.077,0,0
CUST008368,0.0526,0,0
CUST047071,0.0618,0,0
CUST034378,0.1081,0,0
CUST020663,0.0541,0,0
CUST039666,0.0815,0,0
CUST017975,0.0691,0,0
CUST046308,0.4211,0,0
CUST008230,0.4669,0,0
CUST049938,0.3607,0,0
CUST040650,0.0601,0,0
CUST022629,0.1935,0,0
CUST015674,0.0852,0,0
CUST030536,0.1253,0,0
CUST016394,0.0675,0,0
CUST033073,0.0614,0,0
CUST037314,0.7367,1,0
CUST041920,0.8287,1,0
CUST023580,0.852,1,1
CUST037288,0.0813,0,0
CUST016874,0.3219,0,0
CUST046634,0.0862,0,0
CUST005513,0.2022,0,0
CUST002673,0.767,1,0
CUST039770,0.0486,0,0
CUST005013,0.6788,1,0
CUST030970,0.2263,0,0
CUST007654,0.0695,0,0
CUST016271,0.384,0,0
CUST047510,0.6801,1,0
CUST007275,0.2511,0,0
CUST001157,0.0714,0,0
CUST025021,0.0895,0,0
CUST025579,0.4084,0,0
CUST012665,0.054,0,0
CUST012447,0.0602,0,0
CUST034852,0.153,0,0
CUST000298,0.0856,0,0
CUST008410,0.0692,0,0
CUST026613,0.7893,1,0
CUST029231,0.6473,1,0
CUST000660,0.0675,0,0
CUST004475,0.0571,0,0
CUST045278,0.0431,0,0
CUST002010,0.6381,1,0
CUST022163,0.3935,0,0
CUST030284,0.596,1,0
CUST020026,0.0551,0,0
CUST022628,0.0363,0,0
CUST014238,0.129,0,0
CUST009306,0.1663,0,0
CUST046263,0.0753,0,0
CUST017910,0.0388,0,0
CUST000591,0.4443,0,0
CUST024120,0.0753,0,0
CUST028547,0.8231,1,0
CUST026633,0.1742,0,0
CUST000537,0.0713,0,0
CUST014318,0.0681,0,0
CUST048535,0.171,0,0
CUST043358,0.5672,1,0
CUST041590,0.607,1,0
CUST006617,0.3781,0,0
CUST016763,0.6735,1,0
CUST028389,0.193,0,0
CUST027627,0.1424,0,0
CUST017448,0.1365,0,0
CUST021504,0.1233,0,0
CUST006243,0.4192,0,0
CUST047865,0.1043,0,0
CUST031724,0.8322,1,0
CUST044163,0.3546,0,0
CUST008427,0.0682,0,0
CUST046458,0.0999,0,0
CUST021782,0.1163,0,0
CUST040933,0.1707,0,0
CUST004182,0.1667,0,0
CUST010298,0.5287,1,0
CUST011820,0.1596,0,0
CUST020195,0.0775,0,0
CUST014584,0.0927,0,0
CUST030837,0.5585,1,0
CUST017276,0.1299,0,0
CUST038357,0.1644,0,0
CUST004740,0.2549,0,0
CUST001243,0.3783,0,0
CUST010315,0.8397,1,0
CUST035517,0.0376,0,0
CUST021224,0.0495,0,0
CUST026338,0.1881,0,0
CUST041332,0.11,0,0
CUST024035,0.0814,0,0
CUST035744,0.0895,0,0
CUST002664,0.0582,0,0
CUST000778,0.8991,1,0
CUST021322,0.117,0,0
CUST032603,0.0858,0,0
CUST019673,0.1807,0,0
CUST043931,0.4854,0,0
CUST049934,0.0724,0,0
CUST007865,0.1145,0,0
CUST000502,0.8012,1,1
CUST014469,0.0892,0,0
CUST017420,0.1046,0,0
CUST005163,0.3824,0,0
CUST038035,0.5997,1,0
CUST042682,0.3263,0,0
CUST024126,0.7584,1,0
CUST040226,0.0604,0,0
CUST011473,0.0499,0,0
CUST007602,0.1761,0,0
CUST013357,0.1322,0,0
CUST025502,0.0657,0,0
CUST021068,0.5963,1,0
CUST011313,0.0605,0,0
CUST010237,0.8457,1,1
CUST026134,0.0802,0,0
CUST049102,0.0906,0,0
CUST045326,0.1043,0,0
CUST025044,0.8717,1,0
CUST033110,0.1064,0,0
CUST016132,0.0493,0,0
CUST005312,0.0668,0,0
CUST001949,0.8633,1,0
CUST043286,0.2267,0,0
CUST020797,0.5457,1,0
CUST042823,0.3769,0,0
CUST047012,0.1647,0,0
CUST006832,0.8717,1,0
CUST023602,0.0546,0,0
CUST048982,0.145,0,0
CUST042415,0.056,0,0
CUST007841,0.0743,0,0
CUST002443,0.0675,0,0
CUST015480,0.0933,0,0
CUST026656,0.0964,0,0
CUST013657,0.1697,0,0
CUST041162,0.0766,0,0
CUST024154,0.0396,0,0
CUST029011,0.4323,0,0
CUST008161,0.1175,0,0
CUST040996,0.8595,1,0
CUST007048,0.0657,0,0
CUST042335,0.4595,0,0
CUST039482,0.8284,1,1
CUST037437,0.3928,0,0
CUST022997,0.1139,0,0
CUST033331,0.1299,0,0
CUST005257,0.0801,0,0
CUST016622,0.0696,0,0
CUST027287,0.1456,0,0
CUST017627,0.0675,0,0
CUST030805,0.1557,0,0
CUST001309,0.4443,0,1
CUST024782,0.1498,0,0
CUST003547,0.0668,0,0
CUST005571,0.1017,0,0
CUST019586,0.1444,0,0
CUST044384,0.1509,0,0
CUST018653,0.1684,0,0
CUST014301,0.0864,0,0
CUST015759,0.9261,1,0
CUST038634,0.0489,0,0
CUST046372,0.1511,0,0
CUST006217,0.2133,0,0
CUST021016,0.1688,0,0
CUST049209,0.0932,0,0
CUST007253,0.4005,0,0
CUST009883,0.0695,0,0
CUST039853,0.5424,1,0
CUST034350,0.1376,0,0
CUST000236,0.7764,1,0
CUST036206,0.0629,0,0
CUST036127,0.0549,0,0
CUST034195,0.1208,0,0
CUST009418,0.2582,0,0
CUST042852,0.6611,1,0
CUST026223,0.1145,0,0
CUST030347,0.0712,0,0
CUST025800,0.1487,0,0
CUST012547,0.2205,0,0
CUST039094,0.2956,0,0
CUST031835,0.3377,0,0
CUST025192,0.0356,0,0
CUST037537,0.0764,0,0
CUST031059,0.1424,0,0
CUST018196,0.1428,0,0
CUST035337,0.1706,0,0
CUST044685,0.0978,0,0
CUST017917,0.8498,1,1
CUST022173,0.0753,0,0
CUST008304,0.207,0,0
CUST026933,0.0462,0,0
CUST014883,0.0758,0,0
CUST048294,0.0878,0,0
CUST037218,0.0668,0,0
CUST033945,0.1117,0,0
CUST001158,0.164,0,0
CUST040394,0.1097,0,0
CUST000470,0.0509,0,0
CUST012967,0.1647,0,0
CUST047557,0.0675,0,0
CUST049885,0.1793,0,0
CUST035518,0.0742,0,0
CUST022091,0.1161,0,0
CUST013224,0.3659,0,0
CUST040330,0.1141,0,0
CUST010755,0.0957,0,0
CUST045188,0.6049,1,0
CUST017712,0.2249,0,0
CUST023091,0.4215,0,0
CUST044361,0.2874,0,0
CUST027270,0.4332,0,0
CUST030068,0.0842,0,0
CUST005821,0.6441,1,0
CUST031156,0.0882,0,0
CUST007489,0.0643,0,0
CUST017373,0.2174,0,0
CUST014257,0.09,0,0
CUST003535,0.3215,0,0
CUST016891,0.0793,0,0
CUST013939,0.0483,0,0
CUST016264,0.0647,0,0
CUST010230,0.1404,0,0
CUST047163,0.1482,0,0
CUST043687,0.1706,0,0
CUST033326,0.0508,0,0
CUST010334,0.1695,0,0
CUST045571,0.1173,0,0
CUST023649,0.4148,0,0
CUST037174,0.0424,0,0
CUST034554,0.1727,0,0
CUST037973,0.0799,0,0
CUST043758,0.1586,0,0
CUST033021,0.8419,1,0
CUST022565,0.6143,1,0
CUST025564,0.0501,0,0
CUST029038,0.0835,0,0
CUST015095,0.0916,0,0
CUST016655,0.6801,1,0
CUST032905,0.1261,0,0
CUST006562,0.0513,0,0
CUST044884,0.0861,0,0
CUST049807,0.2325,0,0
CUST002237,0.2008,0,0
CUST022932,0.3672,0,1
CUST015828,0.2568,0,0
CUST028946,0.0697,0,0
CUST019482,0.2252,0,0
CUST033493,0.0955,0,0
CUST004076,0.0683,0,0
CUST048691,0.8919,1,0
CUST021458,0.1293,0,0
CUST037401,0.1579,0,0
CUST047566,0.0805,0,0
CUST009758,0.1985,0,0
CUST047398,0.0738,0,0
CUST010613,0.5585,1,0
CUST046654,0.8974,1,0
CUST004234,0.0568,0,0
CUST027191,0.8712,1,1
CUST025293,0.1347,0,0
CUST003827,0.1494,0,0
CUST028902,0.1228,0,0
CUST024518,0.1032,0,0
CUST038826,0.2431,0,0
CUST014312,0.852,1,0
CUST000256,0.0924,0,0
CUST040220,0.0866,0,0
CUST006587,0.536,1,0
CUST036054,0.9011,1,0
CUST019373,0.0922,0,0
CUST036891,0.1825,0,0
CUST014011,0.8787,1,0
CUST029949,0.3739,0,0
CUST039008,0.1636,0,0
CUST033539,0.2736,0,0
CUST002635,0.095,0,0
CUST037104,0.1094,0,0
CUST027147,0.6378,1,0
CUST014867,0.0404,0,0
CUST029779,0.0965,0,0
CUST022412,0.1324,0,0
CUST012239,0.3669,0,0
CUST004868,0.5189,1,0
CUST034504,0.0675,0,0
CUST005204,0.7987,1,0
CUST032688,0.4957,0,0
CUST008416,0.0459,0,0
CUST023169,0.0491,0,0
CUST026322,0.9039,1,1
CUST028258,0.0618,0,0
CUST021448,0.5092,1,0
CUST018480,0.084,0,0
CUST030401,0.163,0,0
CUST033787,0.0936,0,0
CUST021997,0.0546,0,0
CUST025716,0.0912,0,0
CUST041775,0.1053,0,0
CUST028409,0.0884,0,0
CUST049356,0.1152,0,0
CUST009344,0.1151,0,0
CUST040216,0.1809,0,0
CUST019961,0.1976,0,0
CUST045577,0.115,0,0
CUST004318,0.6237,1,0
CUST006439,0.076,0,0
CUST035057,0.0906,0,0
CUST033080,0.4922,0,0
CUST026361,0.2267,0,0
CUST024429,0.8974,1,0
CUST045514,0.8663,1,0
CUST015680,0.3562,0,0
CUST011289,0.0939,0,0
CUST048865,0.649,1,0
CUST024684,0.0868,0,0
CUST005947,0.1118,0,0
CUST025112,0.2455,0,0
CUST019035,0.114,0,0
CUST036766,0.0862,0,0
CUST011363,0.1688,0,0
CUST014947,0.6881,1,0
CUST042640,0.0595,0,0
CUST048610,0.0542,0,0
CUST019217,0.1207,0,0
CUST014826,0.8096,1,0
CUST048143,0.5912,1,0
CUST015270,0.1809,0,0
CUST015492,0.0469,0,0
CUST024909,0.8991,1,0
CUST025946,0.3233,0,0
CUST039419,0.1045,0,0
CUST001004,0.3385,0,0
CUST015805,0.625,1,0
CUST040705,0.0533,0,0
CUST024663,0.1648,0,0
CUST014398,0.7773,1,0
CUST031428,0.0766,0,0
CUST013537,0.2697,0,0
CUST003209,0.6534,1,0
CUST032284,0.4974,0,0
CUST027300,0.8764,1,0
CUST017139,0.0509,0,0
CUST048510,0.5691,1,0
CUST039704,0.1026,0,0
CUST042737,0.8587,1,0
CUST033466,0.1422,0,0
CUST023438,0.051,0,0
CUST023808,0.1965,0,0
CUST015908,0.0624,0,0
CUST025456,0.0829,0,0
CUST010327,0.0814,0,0
CUST031127,0.5163,1,0
CUST029096,0.0838,0,0
CUST046792,0.7084,1,0
CUST011799,0.0404,0,0
CUST023681,0.1124,0,0
CUST028428,0.1242,0,0
CUST001152,0.0754,0,0
CUST021154,0.0557,0,0
CUST019158,0.0581,0,0
CUST035455,0.1272,0,0
CUST013353,0.0671,0,0
CUST042900,0.0568,0,0
CUST022728,0.2225,0,0
CUST017835,0.344,0,0
CUST043124,0.3224,0,0
CUST013237,0.6479,1,0
CUST031727,0.4299,0,0
CUST030405,0.0546,0,0
CUST029554,0.0702,0,0
CUST039227,0.0963,0,0
CUST016919,0.2991,0,0
CUST045065,0.0474,0,0
CUST001034,0.081,0,0
CUST020381,0.083,0,0
CUST000140,0.1884,0,0
CUST029512,0.0468,0,0
CUST015695,0.0675,0,0
CUST029441,0.1132,0,0
CUST023594,0.5717,1,0
CUST000264,0.7772,1,0
CUST012495,0.074,0,0
CUST019969,0.3963,0,0
CUST034858,0.2985,0,0
CUST038679,0.3197,0,0
CUST013635,0.575,1,0
CUST016004,0.0476,0,0
CUST036724,0.0759,0,0
CUST033870,0.0546,0,0
CUST014760,0.1703,0,0
CUST037155,0.4297,0,0
CUST027447,0.0813,0,0
CUST022738,0.1936,0,0
CUST030880,0.0623,0,0
CUST023701,0.0514,0,0
CUST013478,0.5796,1,0
CUST014706,0.1719,0,0
CUST012284,0.096,0,0
CUST020021,0.5963,1,0
CUST008109,0.2132,0,0
CUST040604,0.1843,0,0
CUST012975,0.1252,0,0
CUST039247,0.0687,0,0
CUST003267,0.0488,0,0
CUST029161,0.8681,1,0
CUST015131,0.1673,0,0
CUST029561,0.0735,0,0
CUST048358,0.6825,1,1
CUST003358,0.0702,0,0
CUST001154,0.1205,0,0
CUST036506,0.1428,0,0
CUST002617,0.887,1,0
CUST046234,0.0527,0,0
CUST030228,0.1851,0,0
CUST004843,0.1249,0,0
CUST000198,0.1774,0,0
CUST028053,0.1792,0,0
CUST046568,0.0708,0,0
CUST028231,0.7523,1,0
CUST006210,0.1236,0,0
CUST028121,0.1033,0,0
CUST047875,0.6563,1,0
CUST006736,0.0575,0,0
CUST037725,0.1778,0,0
CUST035024,0.0802,0,0
CUST009649,0.5052,1,0
CUST049933,0.8445,1,0
CUST001257,0.1182,0,1
CUST045860,0.1152,0,0
CUST038784,0.1335,0,0
CUST010993,0.0693,0,0
CUST020832,0.0794,0,0
CUST026183,0.048,0,0
CUST017269,0.0732,0,0
CUST041147,0.1139,0,0
CUST033704,0.7886,1,1
CUST018710,0.106,0,0
CUST032439,0.6883,1,0
CUST037556,0.86,1,0
CUST041800,0.5443,1,0
CUST045722,0.0889,0,0
CUST046835,0.8357,1,0
CUST018635,0.3599,0,0
CUST032235,0.1685,0,0
CUST023135,0.0406,0,0
CUST021938,0.6411,1,0
CUST024897,0.0648,0,0
CUST000859,0.408,0,0
CUST016788,0.0928,0,0
CUST012550,0.887,1,0
CUST000960,0.0822,0,0
CUST046645,0.4577,0,0
CUST039519,0.0669,0,0
CUST009736,0.2124,0,0
CUST049168,0.1073,0,0
CUST002332,0.0652,0,0
CUST020927,0.0899,0,0
CUST037130,0.3845,0,0
CUST003115,0.5673,1,0
CUST027477,0.6356,1,0
CUST035911,0.1485,0,0
CUST048689,0.0612,0,0
CUST017694,0.1163,0,0
CUST009195,0.095,0,0
CUST006703,0.0766,0,0
CUST004701,0.0834,0,0
CUST013462,0.2913,0,0
CUST048972,0.2103,0,0
CUST038131,0.067,0,0
CUST043522,0.0472,0,0
CUST024213,0.0482,0,0
CUST048959,0.3788,0,0
CUST030307,0.5977,1,1
CUST004328,0.0506,0,0
CUST015237,0.326,0,0
CUST022215,0.1115,0,0
CUST027768,0.8231,1,0
CUST045382,0.0494,0,0
CUST024360,0.5792,1,0
CUST008156,0.0963,0,0
CUST031653,0.3226,0,0
CUST005180,0.4373,0,0
CUST003540,0.0675,0,0
CUST044092,0.1734,0,0
CUST047086,0.0751,0,0
CUST002562,0.0703,0,0
CUST010424,0.0596,0,0
CUST012509,0.6488,1,0
CUST001951,0.0463,0,0
CUST028489,0.0695,0,0
CUST011298,0.0401,0,0
CUST026009,0.5628,1,0
CUST000709,0.4005,0,0
CUST001870,0.0572,0,0
CUST041211,0.8717,1,0
CUST022524,0.0489,0,0
CUST045709,0.1426,0,0
CUST030563,0.7237,1,0
CUST047105,0.8285,1,0
CUST045074,0.1145,0,0
CUST026427,0.057,0,0
CUST049513,0.2998,0,0
CUST031742,0.5861,1,0
CUST020716,0.0689,0,0
CUST039898,0.0706,0,0
CUST029138,0.2635,0,0
CUST009081,0.5361,1,0
CUST035820,0.1822,0,0
CUST007349,0.0534,0,0
CUST010033,0.3505,0,0
CUST021871,0.0789,0,0
CUST042373,0.0734,0,0
CUST033858,0.0784,0,0
CUST001867,0.0792,0,0
CUST042212,0.3281,0,0
CUST032236,0.068,0,0
CUST011715,0.0532,0,0
CUST024170,0.0682,0,0
CUST039610,0.054,0,0
CUST023985,0.0992,0,0
CUST033529,0.0549,0,0
CUST044717,0.0872,0,0
CUST003620,0.5673,1,0
CUST041801,0.0939,0,0
CUST010001,0.0397,0,0
CUST020856,0.6005,1,0
CUST014438,0.1426,0,0
CUST029732,0.077,0,0
CUST018217,0.052,0,0
CUST009709,0.7517,1,0
CUST000651,0.063,0,0
CUST029361,0.1857,0,0
CUST032864,0.182,0,0
CUST000746,0.0647,0,0
CUST046910,0.1098,0,0
CUST039311,0.0431,0,0
CUST024866,0.0554,0,0
CUST044996,0.1175,0,0
CUST044540,0.0638,0,0
CUST026228,0.1232,0,0
CUST049131,0.1744,0,0
CUST010649,0.0999,0,0
CUST005792,0.135,0,0
CUST039844,0.1845,0,0
CUST029842,0.8517,1,0
CUST039693,0.3235,0,0
CUST018819,0.6487,1,1
CUST016466,0.0547,0,0
CUST024073,0.1419,0,0
CUST014918,0.0649,0,0
CUST033570,0.077,0,0
CUST005053,0.2773,0,0
CUST001789,0.5585,1,0
CUST012689,0.1155,0,0
CUST000525,0.1673,0,0
CUST006448,0.0862,0,0
CUST000489,0.0502,0,0
CUST023956,0.0788,0,0
CUST010892,0.4968,0,0
CUST049905,0.0881,0,0
CUST007792,0.1786,0,0
CUST018878,0.1112,0,0
CUST010881,0.0689,0,0
CUST025753,0.5361,1,0
CUST029796,0.092,0,0
CUST010790,0.2329,0,0
CUST015390,0.1287,0,0
CUST022312,0.124,0,0
CUST016018,0.1317,0,0
CUST024755,0.8998,1,0
CUST013567,0.0659,0,0
CUST035527,0.7652,1,0
CUST047911,0.0433,0,0
CUST017976,0.2473,0,0
CUST014872,0.0972,0,0
CUST008413,0.0625,0,0
CUST048439,0.0675,0,0
CUST009430,0.226,0,0
CUST005255,0.0994,0,0
CUST002104,0.1324,0,0
CUST041820,0.0552,0,0
CUST014351,0.852,1,0
CUST032767,0.2876,0,0
CUST021402,0.0982,0,0
CUST015763,0.1084,0,0
CUST003220,0.0667,0,0
CUST030492,0.4621,0,0
CUST001175,0.0861,0,0
CUST035359,0.0801,0,0
CUST035196,0.046,0,0
CUST008476,0.1929,0,0
CUST017050,0.0952,0,0
CUST023074,0.1456,0,0
CUST011729,0.1026,0,0
CUST021094,0.1206,0,0
CUST011147,0.1512,0,0
CUST033396,0.0753,0,0
CUST002790,0.092,0,0
CUST016900,0.1404,0,0
CUST007515,0.4871,0,0
CUST031662,0.0875,0,0
CUST037305,0.8961,1,1
CUST034769,0.1337,0,0
CUST040193,0.0675,0,0
CUST007076,0.1296,0,0
CUST008742,0.1342,0,0
CUST017093,0.0426,0,0
CUST033423,0.6676,1,0
CUST006441,0.3298,0,0
CUST012580,0.0515,0,0
CUST030436,0.0975,0,0
CUST046462,0.0569,0,0
CUST038531,0.092,0,0
CUST035191,0.0615,0,0
CUST009761,0.0575,0,0
CUST012057,0.5954,1,0
CUST015027,0.1005,0,0
CUST003500,0.214,0,0
CUST017034,0.504,1,0
CUST039117,0.0661,0,0
CUST025700,0.1741,0,0
CUST008621,0.6005,1,0
CUST019312,0.4669,0,0
CUST028720,0.596,1,0
CUST024894,0.6729,1,0
CUST020987,0.4611,0,0
CUST037614,0.094,0,0
CUST036339,0.0753,0,0
CUST041589,0.0729,0,0
CUST007920,0.2739,0,0
CUST033663,0.0756,0,0
CUST010835,0.8393,1,1
CUST032897,0.0665,0,0
CUST044623,0.0642,0,0
CUST047861,0.0748,0,0
CUST037773,0.5231,1,0
CUST037127,0.1741,0,0
CUST009353,0.7304,1,0
CUST033551,0.1593,0,0
CUST042764,0.0675,0,0
CUST008746,0.1049,0,0
CUST024409,0.8052,1,0
CUST041499,0.0675,0,0
CUST024050,0.3084,0,0
CUST010398,0.8717,1,0
CUST025229,0.0953,0,0
CUST041007,0.3659,0,0
CUST002909,0.094,0,0
CUST048456,0.8949,1,1
CUST013703,0.1299,0,0
CUST030281,0.3811,0,0
CUST048809,0.1719,0,0
CUST031024,0.0489,0,0
CUST020402,0.144,0,0
CUST046553,0.1825,0,0
CUST043653,0.5875,1,0
CUST049999,0.1066,0,0
CUST026190,0.0497,0,0
CUST006229,0.8186,1,0
CUST031254,0.1252,0,0
CUST043425,0.0557,0,0
CUST022792,0.7682,1,0
CUST029307,0.9319,1,1
CUST047891,0.0483,0,0
CUST004484,0.0843,0,0
CUST003104,0.6798,1,0
CUST026875,0.0593,0,0
CUST045147,0.0491,0,0
CUST044568,0.0652,0,0
CUST026396,0.0475,0,0
CUST016770,0.3703,0,0
CUST005908,0.1374,0,0
CUST024098,0.0668,0,0
CUST048025,0.7472,1,0
CUST036919,0.1662,0,0
CUST028849,0.1057,0,0
CUST002558,0.048,0,0
CUST037394,0.0437,0,0
CUST031617,0.1019,0,0
CUST040681,0.1593,0,0
CUST019834,0.1079,0,0
CUST003538,0.0483,0,0
CUST045175,0.4911,0,0
CUST004877,0.067,0,0
CUST018445,0.2123,0,0
CUST007995,0.1155,0,0
CUST043684,0.8707,1,0
CUST014833,0.0588,0,0
CUST026405,0.0395,0,0
CUST005996,0.5267,1,0
CUST021304,0.16,0,0
CUST027518,0.2414,0,0
CUST042125,0.123,0,0
CUST016194,0.0609,0,0
CUST024790,0.0747,0,0
CUST017437,0.3149,0,0
CUST032703,0.0675,0,0
CUST016155,0.1817,0,0
CUST049014,0.0536,0,0
CUST001384,0.1066,0,0
CUST015300,0.2314,0,0
CUST017151,0.0912,0,0
CUST040443,0.3272,0,0
CUST035710,0.0639,0,0
CUST043608,0.1455,0,0
CUST020391,0.7684,1,0
CUST015106,0.0644,0,0
CUST033030,0.5654,1,0
CUST012968,0.8478,1,0
CUST012478,0.0675,0,0
CUST013440,0.1801,0,0
CUST015368,0.1318,0,0
CUST027321,0.4227,0,0
CUST029460,0.0447,0,0
CUST012658,0.1521,0,0
CUST040663,0.0885,0,0
CUST031296,0.0425,0,0
CUST016346,0.2913,0,0
CUST007895,0.0514,0,0
CUST013132,0.5963,1,0
CUST042057,0.852,1,0
CUST007371,0.1618,0,0
CUST000148,0.1379,0,0
CUST034012,0.0675,0,0
CUST036507,0.7972,1,0
CUST009560,0.062,0,0
CUST016154,0.123,0,0
CUST032724,0.1589,0,0
CUST003258,0.8972,1,0
CUST042859,0.1399,0,0
CUST022591,0.2079,0,0
CUST045637,0.0573,0,0
CUST024137,0.0374,0,0
CUST017304,0.0901,0,0
CUST015421,0.8398,1,0
CUST034129,0.1768,0,0
CUST032758,0.0998,0,0
CUST017295,0.1058,0,0
CUST013246,0.2418,0,0
CUST040860,0.3622,0,0
CUST006139,0.0793,0,0
CUST026676,0.11,0,0
CUST024991,0.1161,0,0
CUST022679,0.0682,0,0
CUST039319,0.1309,0,0
CUST026040,0.86,1,0
CUST043085,0.0534,0,0
CUST008800,0.268,0,0
CUST022834,0.1226,0,0
CUST001370,0.394,0,0
CUST008723,0.1801,0,0
CUST014825,0.4868,0,0
CUST047450,0.434,0,0
CUST008986,0.377,0,0
CUST030169,0.1511,0,0
CUST000462,0.7077,1,1
CUST016959,0.0771,0,0
CUST031342,0.0543,0,0
CUST035944,0.0586,0,0
CUST026022,0.3161,0,0
CUST035275,0.7229,1,0
CUST042563,0.0914,0,0
CUST025490,0.1524,0,0
CUST025111,0.0559,0,0
CUST027263,0.079,0,0
CUST004818,0.0665,0,0
CUST006731,0.4945,0,0
CUST036129,0.06,0,0
CUST003307,0.2152,0,0
CUST028814,0.8478,1,0
CUST017838,0.6192,1,0
CUST007953,0.0653,0,0
CUST007559,0.0893,0,0
CUST032120,0.2204,0,0
CUST013619,0.0746,0,0
CUST037948,0.068,0,0
CUST048930,0.3426,0,0
CUST039363,0.8097,1,0
CUST009802,0.3438,0,0
CUST047638,0.1165,0,0
CUST002217,0.0716,0,0
CUST028155,0.0805,0,0
CUST019342,0.2018,0,0
CUST033172,0.0771,0,0
CUST007788,0.1236,0,0
CUST037463,0.0664,0,0
CUST044447,0.719,1,1
CUST025947,0.1872,0,0
CUST038736,0.3339,0,0
CUST034457,0.3619,0,0
CUST045596,0.1577,0,0
CUST039081,0.1028,0,0
CUST032254,0.3333,0,0
CUST019595,0.1103,0,0
CUST047970,0.2136,0,0
CUST025458,0.0856,0,0
CUST035921,0.1537,0,0
CUST026500,0.5408,1,0
CUST021813,0.039,0,0
CUST014124,0.0797,0,0
CUST039352,0.4914,0,0
CUST044688,0.5328,1,1
CUST034575,0.1202,0,0
CUST002324,0.1291,0,0
CUST019210,0.143,0,0
CUST044401,0.5585,1,0
CUST014534,0.8971,1,0
CUST004344,0.8997,1,0
CUST006008,0.0675,0,0
CUST039381,0.2073,0,0
CUST028333,0.5794,1,0
CUST001757,0.1633,0,0
CUST018154,0.1188,0,0
CUST038042,0.0903,0,0
CUST005609,0.6723,1,0
CUST010383,0.0635,0,0
CUST004678,0.0573,0,0
CUST035920,0.0675,0,0
CUST012868,0.5766,1,0
CUST039191,0.2546,0,0
CUST002882,0.1062,0,0
CUST025979,0.0846,0,0
CUST015233,0.1693,0,0
CUST043660,0.0927,0,0
CUST036044,0.127,0,0
CUST032446,0.355,0,0
CUST018974,0.1621,0,0
CUST007985,0.7992,1,0
CUST005320,0.4076,0,0
CUST036352,0.061,0,0
CUST035331,0.5863,1,0
CUST042382,0.7698,1,0
CUST020235,0.0556,0,0
CUST018391,0.255,0,0
CUST007586,0.0734,0,0
CUST015396,0.835,1,0
CUST037450,0.1622,0,0
CUST024978,0.1752,0,0
CUST013434,0.0926,0,0
CUST033790,0.0506,0,0
CUST039569,0.8557,1,1
CUST045370,0.0719,0,0
CUST036427,0.0753,0,0
CUST049795,0.0995,0,0
CUST024069,0.6479,1,0
CUST035082,0.0845,0,0
CUST033656,0.0618,0,0
CUST009141,0.3235,0,0
CUST038722,0.0542,0,0
CUST036446,0.2298,0,0
CUST005135,0.0683,0,0
CUST009004,0.0668,0,0
CUST003490,0.164,0,0
CUST027248,0.0874,0,0
CUST035576,0.0619,0,0
CUST008649,0.9294,1,1
CUST018643,0.3875,0,0
CUST000406,0.6856,1,0
CUST009687,0.1541,0,0
CUST013022,0.0656,0,0
CUST015116,0.0941,0,0
CUST023778,0.0505,0,0
CUST035113,0.6102,1,0
CUST033533,0.263,0,0
CUST024330,0.0967,0,0
CUST022481,0.0808,0,0
CUST000535,0.1587,0,0
CUST018383,0.0619,0,0
CUST020191,0.0925,0,0
CUST000527,0.1103,0,0
CUST019822,0.102,0,0
CUST011605,0.0593,0,0
CUST010592,0.3621,0,0
CUST034889,0.0456,0,0
CUST037834,0.0812,0,0
CUST010574,0.0862,0,0
CUST047820,0.1484,0,0
CUST010243,0.081,0,0
CUST021671,0.129,0,0
CUST017905,0.0753,0,0
CUST000141,0.1823,0,0
CUST030243,0.103,0,0
CUST033803,0.8898,1,0
CUST024917,0.0746,0,0
CUST027011,0.3432,0,0
CUST033368,0.5162,1,0
CUST045255,0.0862,0,0
CUST027551,0.0429,0,0
CUST027168,0.4132,0,0
CUST039509,0.0708,0,0
CUST049146,0.3254,0,0
CUST007199,0.3036,0,0
CUST004956,0.0637,0,0
CUST036910,0.0396,0,0
CUST006256,0.7489,1,0
CUST045623,0.0497,0,0
CUST040010,0.2365,0,0
CUST048818,0.0947,0,0
CUST042897,0.0981,0,0
CUST035393,0.9006,1,0
CUST014404,0.2234,0,0
CUST003738,0.4256,0,0
CUST015621,0.0557,0,0
CUST042769,0.3605,0,0
CUST047987,0.1484,0,0
CUST040883,0.0559,0,0
CUST000826,0.115,0,0
CUST008144,0.1055,0,0
CUST045268,0.2611,0,0
CUST046887,0.0394,0,0
CUST036909,0.2271,0,0
CUST024982,0.0963,0,0
CUST032619,0.1016,0,0
CUST001924,0.0796,0,0
CUST025643,0.045,0,0
CUST012764,0.1702,0,0
CUST014793,0.0753,0,0
CUST014902,0.105,0,0
CUST008567,0.8126,1,1
CUST043244,0.574,1,0
CUST041301,0.0401,0,0
CUST013389,0.0824,0,0
CUST020908,0.0857,0,0
CUST004680,0.2276,0,0
CUST013049,0.1184,0,0
CUST047669,0.4031,0,0
CUST013442,0.6005,1,0
CUST042629,0.0751,0,0
CUST013221,0.4822,0,0
CUST014626,0.8793,1,1
CUST033609,0.8295,1,0
CUST008604,0.132,0,0
CUST008333,0.8858,1,0
CUST009272,0.0833,0,0
CUST027816,0.1676,0,0
CUST017284,0.0675,0,0
CUST000520,0.1864,0,0
CUST036792,0.4669,0,0
CUST042356,0.0912,0,0
CUST031512,0.3384,0,0
CUST029262,0.0895,0,0
CUST035791,0.0626,0,0
CUST019700,0.7992,1,0
CUST011130,0.1657,0,0
CUST015234,0.0557,0,0
CUST027576,0.2267,0,0
CUST048007,0.0467,0,0
CUST020307,0.3295,0,0
CUST047849,0.0422,0,0
CUST049697,0.0809,0,0
CUST027047,0.862,1,0
CUST025821,0.0878,0,0
CUST007982,0.1108,0,0
CUST009162,0.0676,0,0
CUST008345,0.059,0,0
CUST009177,0.1618,0,0
CUST037371,0.0948,0,0
CUST016020,0.664,1,0
CUST032844,0.08,0,0
CUST035623,0.3361,0,0
CUST038395,0.0394,0,0
CUST021332,0.0586,0,0
CUST011733,0.7395,1,0
CUST020774,0.1138,0,0
CUST027753,0.0753,0,0
CUST002915,0.0674,0,0
CUST003495,0.0613,0,0
CUST010728,0.2854,0,0
CUST022017,0.1292,0,0
CUST048954,0.8095,1,0
CUST017149,0.1038,0,0
CUST030741,0.2558,0,0
CUST009831,0.115,0,0
CUST009952,0.0669,0,0
CUST012826,0.1726,0,0
CUST040771,0.2448,0,0
CUST033056,0.2754,0,0
CUST013995,0.0625,0,0
CUST046411,0.0963,0,0
CUST038901,0.1287,0,0
CUST041700,0.0448,0,0
CUST012857,0.1577,0,0
CUST018533,0.0741,0,0
CUST047761,0.4385,0,0
CUST041124,0.6103,1,0
CUST022429,0.2443,0,0
CUST019367,0.0416,0,0
CUST018923,0.0717,0,0
CUST002650,0.5274,1,0
CUST012931,0.0675,0,0
CUST046734,0.4893,0,0
CUST015883,0.7648,1,0
CUST021318,0.6333,1,0
CUST016654,0.8991,1,1
CUST005909,0.1494,0,0
CUST024374,0.2586,0,0
CUST001874,0.12,0,0
CUST039380,0.1002,0,0
CUST048031,0.7675,1,0
CUST049490,0.902,1,0
CUST031644,0.0455,0,0
CUST040327,0.1786,0,0
CUST046002,0.124,0,0
CUST042174,0.1268,0,0
CUST033807,0.08,0,0
CUST009691,0.1116,0,0
CUST014756,0.1567,0,0
CUST033160,0.0791,0,0
CUST033303,0.0903,0,0
CUST008028,0.1632,0,0
CUST036499,0.068,0,0
CUST016814,0.0681,0,0
CUST008465,0.0907,0,0
CUST024043,0.3533,0,0
CUST001097,0.2137,0,0
CUST004400,0.6008,1,0
CUST042058,0.2133,0,0
CUST015629,0.0939,0,0
CUST018163,0.1336,0,0
CUST004012,0.5327,1,0
CUST039926,0.0527,0,0
CUST005324,0.0528,0,0
CUST006083,0.0596,0,0
CUST034800,0.5585,1,0
CUST038558,0.0561,0,0
CUST038152,0.1141,0,0
CUST037348,0.0965,0,0
CUST004559,0.6569,1,0
CUST016087,0.0675,0,0
CUST035839,0.708,1,0
CUST045244,0.1541,0,0
CUST039943,0.1434,0,0
CUST025359,0.0558,0,0
CUST017192,0.114,0,0
CUST000496,0.9211,1,0
CUST036661,0.4479,0,0
CUST026916,0.1035,0,0
CUST031538,0.0551,0,0
CUST026345,0.8764,1,0
CUST031479,0.6625,1,0
CUST002017,0.2384,0,0
CUST033566,0.8561,1,0
CUST026951,0.0618,0,0
CUST045140,0.4678,0,0
CUST014757,0.7229,1,0
CUST046326,0.7275,1,0
CUST043977,0.5443,1,0
CUST008181,0.1083,0,0
CUST019511,0.0656,0,0
CUST049848,0.1483,0,0
CUST028490,0.6756,1,0
CUST030188,0.1726,0,0
CUST010761,0.1242,0,0
CUST002646,0.3095,0,0
CUST000341,0.0742,0,0
CUST046115,0.1051,0,0
CUST043943,0.0879,0,0
CUST015293,0.039,0,0
CUST007180,0.3791,0,0
CUST007667,0.0659,0,0
CUST012676,0.0455,0,0
CUST015727,0.852,1,0
CUST032587,0.4133,0,0
CUST028708,0.2765,0,0
CUST041725,0.0793,0,0
CUST016707,0.3232,0,0
CUST008771,0.0824,0,0
CUST020678,0.0961,0,0
CUST006796,0.0951,0,0
CUST012318,0.247,0,0
CUST030078,0.0549,0,0
CUST041244,0.2549,0,0
CUST011231,0.0785,0,0
CUST028264,0.064,0,0
CUST046780,0.7755,1,0
CUST033431,0.0609,0,0
CUST022296,0.1273,0,0
CUST002373,0.7336,1,0
CUST040125,0.0931,0,0
CUST031772,0.549,1,0
CUST020204,0.0947,0,0
CUST026995,0.3787,0,0
CUST001377,0.0975,0,0
CUST012058,0.8133,1,0
CUST010741,0.6679,1,0
CUST044858,0.0583,0,0
CUST008791,0.1337,0,0
CUST045685,0.0705,0,0
CUST045337,0.111,0,0
CUST006383,0.1322,0,0
CUST015459,0.3963,0,0
CUST011974,0.2267,0,0
CUST004942,0.0785,0,0
CUST034991,0.8991,1,0
CUST024831,0.1533,0,0
CUST029692,0.0749,0,0
CUST028768,0.0675,0,0
CUST049843,0.1144,0,0
CUST034396,0.0582,0,0
CUST024264,0.542,1,0
CUST027822,0.234,0,0
CUST002397,0.8991,1,0
CUST018952,0.1041,0,0
CUST029155,0.069,0,0
CUST046264,0.294,0,0
CUST021733,0.5794,1,0
CUST026287,0.0494,0,0
CUST010196,0.0624,0,0
CUST009288,0.3472,0,0
CUST000810,0.1148,0,0
CUST006932,0.0488,0,0
CUST043820,0.0551,0,0
CUST002923,0.0845,0,0
CUST030293,0.7839,1,0
CUST018772,0.1809,0,0
CUST032953,0.0482,0,0
CUST010025,0.4953,0,0
CUST046179,0.2803,0,0
CUST032764,0.0662,0,0
CUST030148,0.2907,0,0
CUST029946,0.1699,0,0
CUST034316,0.7572,1,1
CUST027360,0.099,0,0
CUST010831,0.0627,0,0
CUST027815,0.1896,0,0
CUST035732,0.6878,1,1
CUST020440,0.0919,0,0
CUST001723,0.5147,1,0
CUST006685,0.8287,1,0
CUST049672,0.1022,0,0
CUST005799,0.0702,0,0
CUST004473,0.1061,0,0
CUST007950,0.0785,0,0
CUST002594,0.5963,1,0
CUST048140,0.1061,0,0
CUST035311,0.0899,0,0
CUST012480,0.2571,0,0
CUST011800,0.0763,0,0
CUST028460,0.0569,0,0
CUST032719,0.3232,0,0
CUST022108,0.1084,0,0
CUST003465,0.6378,1,0
CUST021147,0.1839,0,0
CUST013746,0.8814,1,0
CUST039384,0.7458,1,0
CUST022485,0.1128,0,0
CUST009647,0.8725,1,1
CUST026331,0.0676,0,0
CUST007957,0.4618,0,0
CUST017439,0.0768,0,0
CUST029191,0.0649,0,0
CUST031749,0.2936,0,0
CUST047587,0.8131,1,0
CUST042419,0.8464,1,0
CUST044343,0.0959,0,0
CUST048197,0.8885,1,0
CUST043227,0.081,0,0
CUST049191,0.1194,0,0
CUST027872,0.1048,0,0
CUST033360,0.6521,1,0
CUST048916,0.0443,0,0
CUST009613,0.0421,0,0
CUST036867,0.8967,1,0
CUST034591,0.2388,0,0
CUST018944,0.139,0,0
CUST033448,0.1083,0,0
CUST006231,0.4939,0,0
CUST016726,0.3267,0,0
CUST012706,0.4576,0,0
CUST021674,0.1886,0,0
CUST010156,0.1196,0,0
CUST018483,0.8142,1,0
CUST008115,0.0692,0,0
CUST025720,0.0538,0,0
CUST028074,0.2289,0,0
CUST018580,0.1196,0,0
CUST035386,0.0878,0,0
CUST021900,0.0455,0,0
CUST013910,0.1689,0,0
CUST045634,0.2567,0,0
CUST027043,0.1836,0,0
CUST031747,0.1275,0,0
CUST000428,0.0929,0,0
CUST022955,0.1337,0,0
CUST034083,0.1194,0,0
CUST036184,0.0451,0,0
CUST006222,0.0742,0,0
CUST017403,0.0438,0,0
CUST016030,0.0852,0,0
CUST013784,0.691,1,0
CUST044331,0.1603,0,0
CUST009561,0.1768,0,0
CUST040198,0.8991,1,1
CUST000077,0.0592,0,0
CUST012817,0.0859,0,0
CUST021704,0.0838,0,0
CUST013947,0.0635,0,0
CUST033106,0.4067,0,0
CUST008632,0.5028,1,0
CUST036449,0.0675,0,0
CUST018714,0.0665,0,0
CUST049104,0.0675,0,0
CUST008761,0.3024,0,0
CUST040302,0.1511,0,0
CUST001996,0.0869,0,0
CUST028566,0.6005,1,0
CUST003771,0.0492,0,0
CUST008559,0.8974,1,0
CUST048196,0.5098,1,0
CUST048184,0.1461,0,0
CUST012929,0.8301,1,0
CUST042706,0.3353,0,0
CUST045965,0.065,0,0
CUST029523,0.8812,1,0
CUST013439,0.4067,0,0
CUST015859,0.1659,0,0
CUST026319,0.4203,0,0
CUST015340,0.0887,0,0
CUST000389,0.438,0,0
CUST001829,0.8131,1,0
CUST029275,0.1206,0,0
CUST046327,0.1396,0,0
CUST031539,0.1015,0,0
CUST028109,0.0532,0,0
CUST020687,0.073,0,0
CUST012677,0.2183,0,0
CUST041867,0.2219,0,0
CUST028898,0.4064,0,0
CUST004463,0.1293,0,0
CUST043993,0.0837,0,0
CUST008346,0.5725,1,0
CUST043648,0.1223,0,0
CUST024533,0.094,0,0
CUST028943,0.0902,0,0
CUST021750,0.1456,0,0
CUST043186,0.9185,1,0
CUST038526,0.8062,1,0
CUST034536,0.1034,0,0
CUST047816,0.0534,0,0
CUST015613,0.0756,0,0
CUST035248,0.2779,0,0
CUST008009,0.8392,1,0
CUST029089,0.0407,0,0
CUST040095,0.0574,0,0
CUST046339,0.1916,0,0
CUST018186,0.5046,1,0
CUST036157,0.0615,0,0
CUST041964,0.5073,1,0
CUST002413,0.1547,0,0
CUST048047,0.1084,0,0
CUST025950,0.3183,0,0
CUST009284,0.0608,0,0
CUST014147,0.1921,0,0
CUST005756,0.0803,0,0
CUST013123,0.398,0,1
CUST042873,0.1799,0,0
CUST015646,0.0807,0,0
CUST010981,0.155,0,0
CUST027956,0.0745,0,0
CUST021044,0.1398,0,0
CUST045651,0.4425,0,0
CUST020952,0.0537,0,0
CUST024370,0.3441,0,0
CUST019862,0.0626,0,0
CUST016302,0.0853,0,0
CUST010301,0.9294,1,0
CUST014078,0.2424,0,0
CUST031581,0.0845,0,0
CUST044485,0.1208,0,0
CUST043565,0.0967,0,0
CUST043670,0.0894,0,0
CUST002156,0.8991,1,1
CUST009817,0.1118,0,0
CUST032132,0.0524,0,0
CUST047351,0.1084,0,0
CUST040621,0.0753,0,0
CUST016229,0.0851,0,0
CUST032210,0.5028,1,0
CUST047487,0.0638,0,0
CUST029134,0.0599,0,0
CUST025916,0.1148,0,0
CUST004819,0.077,0,0
CUST000258,0.6005,1,0
CUST005399,0.0835,0,0
CUST007337,0.9282,1,0
CUST014297,0.0608,0,0
CUST036199,0.2079,0,0
CUST020924,0.1558,0,0
CUST016114,0.8935,1,0
CUST018282,0.0516,0,0
CUST001732,0.3602,0,0
CUST038798,0.1503,0,0
CUST001432,0.4097,0,0
CUST042109,0.0874,0,0
CUST049572,0.8077,1,0
CUST045174,0.3369,0,0
CUST025510,0.1181,0,0
CUST008010,0.3788,0,0
CUST017645,0.5929,1,0
CUST007239,0.0557,0,0
CUST009343,0.4177,0,0
CUST007755,0.0775,0,0
CUST040277,0.041,0,0
CUST027537,0.1739,0,0
CUST010721,0.1854,0,0
CUST035091,0.0893,0,0
CUST020599,0.1959,0,0
CUST027857,0.4233,0,0
CUST020302,0.0675,0,0
CUST000459,0.071,0,0
CUST047959,0.0982,0,0
CUST031577,0.0919,0,0
CUST027339,0.0675,0,0
CUST023508,0.3132,0,0
CUST006062,0.107,0,0
CUST032823,0.2721,0,0
CUST031300,0.1231,0,0
CUST007478,0.1457,0,0
CUST026259,0.0675,0,0
CUST042000,0.7039,1,0
CUST004876,0.1926,0,0
CUST027443,0.0377,0,0
CUST039529,0.5673,1,0
CUST035892,0.1875,0,0
CUST044818,0.0746,0,0
CUST045219,0.0592,0,0
CUST037867,0.0907,0,0
CUST046973,0.1142,0,0
CUST005827,0.0845,0,0
CUST015070,0.0501,0,0
CUST032534,0.5212,1,0
CUST033339,0.1722,0,0
CUST001614,0.0445,0,0
CUST003557,0.1764,0,0
CUST044138,0.0374,0,0
CUST043737,0.3615,0,0
CUST044170,0.1027,0,0
CUST039396,0.0637,0,0
CUST016383,0.1259,0,0
CUST002191,0.0309,0,0
CUST025505,0.0699,0,0
CUST030043,0.1195,0,0
CUST045185,0.8974,1,1
CUST009175,0.0572,0,0
CUST042708,0.1045,0,0
CUST038565,0.5963,1,0
CUST023792,0.3378,0,0
CUST046584,0.0715,0,0
CUST041703,0.0749,0,0
CUST000703,0.3748,0,0
CUST013116,0.8528,1,0
CUST013316,0.0686,0,0
CUST035131,0.5318,1,0
CUST028728,0.16,0,0
CUST043384,0.7523,1,0
CUST011891,0.6189,1,0
CUST015934,0.2825,0,0
CUST013846,0.4083,0,0
CUST021863,0.1009,0,0
CUST006097,0.5838,1,0
CUST003573,0.1088,0,0
CUST040134,0.0436,0,0
CUST042990,0.3607,0,0
CUST010936,0.7271,1,0
CUST048304,0.2981,0,0
CUST039107,0.2259,0,0
CUST002078,0.8379,1,0
CUST041835,0.0714,0,0
CUST021787,0.1632,0,0
CUST010585,0.0603,0,0
CUST004043,0.0553,0,0
CUST020277,0.4838,0,0
CUST040449,0.8543,1,0
CUST003053,0.4027,0,0
CUST016209,0.411,0,0
CUST007383,0.0942,0,0
CUST017246,0.0871,0,0
CUST000661,0.0779,0,0
CUST041166,0.0801,0,0
CUST034803,0.0928,0,0
CUST021839,0.0684,0,0
CUST010976,0.0835,0,0
CUST045011,0.0557,0,0
CUST042075,0.1263,0,0
CUST009858,0.1053,0,0
CUST006963,0.1878,0,0
CUST015853,0.6983,1,0
CUST034689,0.0978,0,0
CUST042840,0.7083,1,0
CUST046042,0.3065,0,0
CUST009225,0.0853,0,0
CUST018577,0.0655,0,0
CUST035021,0.2751,0,0
CUST003969,0.0612,0,0
CUST035688,0.0431,0,0
CUST012835,0.2133,0,0
CUST023879,0.045,0,0
CUST008962,0.1442,0,0
CUST010572,0.0951,0,0
CUST030327,0.8974,1,0
CUST046124,0.314,0,0
CUST011012,0.14,0,0
CUST035226,0.3672,0,0
CUST041042,0.5912,1,0
CUST014032,0.0915,0,0
CUST032902,0.8974,1,0
CUST018824,0.1262,0,0
CUST013494,0.1859,0,0
CUST028837,0.0463,0,0
CUST045773,0.4264,0,0
CUST008548,0.0913,0,0
CUST025546,0.3218,0,0
CUST023474,0.183,0,0
CUST010799,0.1987,0,0
CUST017546,0.6476,1,0
CUST000592,0.0675,0,0
CUST028620,0.1159,0,0
CUST018982,0.0427,0,0
CUST009949,0.8991,1,1
CUST007588,0.0471,0,0
CUST014523,0.8854,1,1
CUST042079,0.898,1,0
CUST009223,0.1018,0,0
CUST024055,0.0808,0,0
CUST020819,0.8997,1,0
CUST047757,0.8991,1,1
CUST035941,0.1031,0,0
CUST040307,0.664,1,0
CUST024342,0.6005,1,0
CUST010365,0.0399,0,0
CUST023965,0.0663,0,0
CUST043763,0.0662,0,0
CUST015906,0.4866,0,0
CUST023857,0.2043,0,0
CUST020605,0.308,0,0
CUST033369,0.0595,0,0
CUST026660,0.0774,0,0
CUST029659,0.0705,0,0
CUST047529,0.0861,0,0
CUST041072,0.1608,0,0
CUST028896,0.0506,0,0
CUST030942,0.6005,1,0
CUST010883,0.692,1,0
CUST036434,0.661,1,0
CUST010062,0.0725,0,0
CUST017009,0.1185,0,0
CUST034765,0.0683,0,0
CUST031798,0.1517,0,0
CUST014200,0.3561,0,0
CUST007658,0.1776,0,0
CUST017787,0.0477,0,0
CUST028626,0.0614,0,0
CUST044395,0.0924,0,0
CUST046429,0.048,0,0
CUST027567,0.1307,0,0
CUST017100,0.7709,1,0
CUST019612,0.0546,0,0
CUST028345,0.0906,0,0
CUST038499,0.1021,0,0
CUST031200,0.0675,0,0
CUST020778,0.6005,1,0
CUST039989,0.0618,0,0
CUST017311,0.0587,0,0
CUST016421,0.8504,1,0
CUST046365,0.1755,0,0
CUST015456,0.2605,0,0
CUST028114,0.0753,0,0
CUST042172,0.5763,1,0
CUST000476,0.6935,1,0
CUST049398,0.0939,0,0
CUST044806,0.0431,0,0
CUST023038,0.5794,1,0
CUST002162,0.2224,0,0
CUST043986,0.0803,0,0
CUST048160,0.1044,0,0
CUST021687,0.8861,1,1
CUST044050,0.057,0,0
CUST041891,0.2259,0,0
CUST020724,0.4552,0,0
CUST045485,0.0711,0,0
CUST033621,0.1267,0,0
CUST026200,0.0664,0,0
CUST020232,0.7602,1,0
CUST045092,0.7761,1,0
CUST003039,0.1854,0,0
CUST005001,0.3589,0,0
CUST004880,0.1576,0,0
CUST024875,0.884,1,0
CUST011359,0.1447,0,0
CUST043007,0.0781,0,0
CUST018630,0.1621,0,0
CUST001174,0.2049,0,0
CUST011420,0.0841,0,0
CUST005330,0.2489,0,0
CUST039570,0.3268,0,0
CUST033231,0.1374,0,0
CUST016590,0.0747,0,0
CUST018870,0.1012,0,0
CUST027529,0.4209,0,0
CUST030581,0.1016,0,0
CUST036655,0.0953,0,0
CUST036800,0.1127,0,0
CUST024762,0.8498,1,1
CUST036743,0.0505,0,0
CUST033586,0.0711,0,0
CUST044797,0.0546,0,0
CUST006807,0.04,0,0
CUST046627,0.0743,0,0
CUST036848,0.3403,0,0
CUST042163,0.3532,0,0
CUST020974,0.0885,0,0
CUST001839,0.2066,0,0
CUST003695,0.0561,0,0
CUST049833,0.1519,0,0
CUST043724,0.0935,0,0
CUST038427,0.7353,1,0
CUST042787,0.0576,0,0
CUST024636,0.0933,0,0
CUST030509,0.3596,0,0
CUST015981,0.0853,0,0
CUST038981,0.4519,0,1
CUST001082,0.5361,1,0
CUST015648,0.0857,0,0
CUST006327,0.0524,0,0
CUST038661,0.1352,0,0
CUST030726,0.1339,0,0
CUST038641,0.1105,0,0
CUST008773,0.0638,0,0
CUST035098,0.4992,0,0
CUST002711,0.8879,1,0
CUST028790,0.0404,0,0
CUST009859,0.5405,1,0
CUST047797,0.0858,0,0
CUST001163,0.2751,0,0
CUST018054,0.0696,0,0
CUST026096,0.0611,0,0
CUST037964,0.0665,0,0
CUST033067,0.5113,1,0
CUST041610,0.8363,1,0
CUST023103,0.156,0,0
CUST020860,0.2046,0,0
CUST027642,0.2033,0,0
CUST030334,0.7774,1,0
CUST006117,0.6432,1,0
CUST014581,0.4757,0,0
CUST031984,0.0814,0,0
CUST021829,0.1047,0,0
CUST009673,0.0862,0,0
CUST049722,0.0735,0,0
CUST005189,0.123,0,0
CUST017220,0.1176,0,0
CUST019818,0.7796,1,0
CUST013933,0.2462,0,0
CUST044104,0.0647,0,0
CUST023877,0.6101,1,0
CUST041977,0.0645,0,0
CUST023716,0.3617,0,0
CUST007033,0.223,0,0
CUST039774,0.0773,0,0
CUST040859,0.6192,1,0
CUST013205,0.5635,1,0
CUST039599,0.1041,0,0
CUST024198,0.7805,1,0
CUST009655,0.0795,0,0
CUST032725,0.0646,0,0
CUST017177,0.1764,0,0
CUST025875,0.8354,1,0
CUST005015,0.5766,1,0
CUST027102,0.0562,0,0
CUST001899,0.0833,0,0
CUST037705,0.8498,1,0
CUST003137,0.6005,1,0
CUST046700,0.4273,0,0
CUST013730,0.1661,0,0
CUST000349,0.093,0,0
CUST006765,0.0374,0,0
CUST027388,0.1071,0,0
CUST038759,0.4663,0,0
CUST021612,0.077,0,0
CUST017846,0.188,0,1
CUST046793,0.8018,1,0
CUST017496,0.1484,0,0
CUST032991,0.0776,0,0
CUST001258,0.0786,0,0
CUST025082,0.049,0,0
CUST046709,0.1367,0,0
CUST023999,0.4586,0,0
CUST022209,0.0546,0,0
CUST033863,0.0775,0,0
CUST028915,0.1571,0,0
CUST029983,0.9009,1,0
CUST002829,0.0839,0,0
CUST043309,0.0746,0,0
CUST010027,0.1659,0,0
CUST009173,0.228,0,0
CUST031860,0.1123,0,0
CUST000088,0.0513,0,0
CUST007653,0.0794,0,0
CUST030785,0.5809,1,0
CUST022310,0.0967,0,0
CUST006360,0.582,1,1
CUST026277,0.4725,0,0
CUST004036,0.0591,0,0
CUST046076,0.8991,1,0
CUST021880,0.1156,0,0
CUST033991,0.4061,0,0
CUST013227,0.0675,0,0
CUST003952,0.0976,0,0
CUST012303,0.697,1,1
CUST028563,0.0862,0,0
CUST022957,0.6608,1,0
CUST003615,0.2249,0,0
CUST006674,0.0787,0,0
CUST017993,0.7271,1,0
CUST030459,0.1421,0,0
CUST003471,0.076,0,0
CUST006660,0.1337,0,0
CUST008086,0.7756,1,0
CUST005565,0.1781,0,0
CUST039286,0.3874,0,0
CUST040956,0.0559,0,0
CUST018550,0.4871,0,0
CUST029771,0.9269,1,1
CUST015750,0.0557,0,0
CUST044199,0.0864,0,0
CUST024618,0.1266,0,0
CUST045252,0.7945,1,0
CUST009154,0.155,0,0
CUST032295,0.2936,0,0
CUST047593,0.0805,0,0
CUST036523,0.6005,1,1
CUST017600,0.7229,1,1
CUST001754,0.1479,0,0
CUST028691,0.0944,0,0
CUST011517,0.1137,0,0
CUST017569,0.1492,0,0
CUST048781,0.082,0,0
CUST017861,0.8156,1,0
CUST032668,0.4092,0,0
CUST043412,0.4912,0,0
CUST039217,0.8898,1,0
CUST005797,0.8018,1,0
CUST002830,0.1006,0,0
CUST006166,0.0667,0,0
CUST047061,0.8089,1,1
CUST027836,0.7994,1,0
CUST019639,0.2941,0,0
CUST031077,0.0659,0,0
CUST009230,0.0514,0,0
CUST023717,0.8199,1,0
CUST005509,0.6205,1,0
CUST026552,0.4701,0,0
CUST039889,0.0518,0,0
CUST012700,0.0781,0,0
CUST001681,0.0508,0,0
CUST019893,0.0509,0,0
CUST033998,0.1947,0,0
CUST047379,0.4539,0,0
CUST034528,0.0567,0,0
CUST028073,0.1835,0,0
CUST013773,0.208,0,0
CUST042922,0.0649,0,0
CUST030443,0.0838,0,0
CUST002171,0.1226,0,0
CUST049477,0.086,0,0
CUST044071,0.1701,0,0
CUST017334,0.1732,0,0
CUST041023,0.0795,0,0
CUST006450,0.1249,0,0
CUST015909,0.0994,0,0
CUST031343,0.1872,0,0
CUST025760,0.0997,0,0
CUST026735,0.6174,1,0
CUST024068,0.0541,0,0
CUST019324,0.3327,0,0
CUST045530,0.0454,0,0
CUST028537,0.0756,0,0
CUST032595,0.3179,0,0
CUST033771,0.149,0,0
CUST048453,0.0912,0,0
CUST039206,0.1384,0,0
CUST004188,0.1383,0,0
CUST000619,0.264,0,0
CUST041428,0.0737,0,0
CUST037002,0.132,0,0
CUST013936,0.0822,0,0
CUST034845,0.077,0,0
CUST013563,0.178,0,0
CUST024997,0.1598,0,0
CUST012419,0.2695,0,0
CUST021722,0.1987,0,0
CUST005076,0.2535,0,0
CUST039344,0.4176,0,0
CUST015145,0.1169,0,0
CUST049753,0.0979,0,0
CUST022733,0.0773,0,0
CUST022377,0.3589,0,0
CUST048887,0.0587,0,0
CUST036824,0.0753,0,0
CUST021206,0.1582,0,0
CUST034347,0.0767,0,0
CUST040414,0.3113,0,0
CUST041429,0.1287,0,0
CUST043755,0.1719,0,0
CUST000445,0.1173,0,0
CUST004992,0.0816,0,0
CUST010274,0.0834,0,0
CUST018888,0.1713,0,0
CUST027852,0.1139,0,0
CUST038938,0.0865,0,0
CUST016780,0.2277,0,0
CUST023979,0.2439,0,0
CUST033054,0.0675,0,0
CUST002686,0.0526,0,0
CUST033048,0.1098,0,0
CUST012487,0.0948,0,0
CUST034694,0.0613,0,0
CUST002336,0.7322,1,0
CUST031493,0.0681,0,0
CUST037189,0.1803,0,0
CUST037376,0.0823,0,0
CUST025281,0.1016,0,0
CUST025749,0.4174,0,0
CUST042491,0.0988,0,0
CUST026733,0.0835,0,0
CUST028633,0.6161,1,0
CUST000721,0.0586,0,0
CUST029935,0.0639,0,0
CUST043695,0.0674,0,0
CUST040014,0.1546,0,0
CUST026448,0.2133,0,0
CUST018353,0.1234,0,0
CUST013829,0.0491,0,0
CUST029201,0.2295,0,0
CUST006391,0.0592,0,0
CUST033133,0.2267,0,0
CUST007715,0.0633,0,0
CUST037730,0.0688,0,0
CUST001601,0.4552,0,0
CUST037988,0.0992,0,0
CUST037175,0.4573,0,0
CUST045739,0.2625,0,0
CUST041480,0.1156,0,0
CUST030332,0.0798,0,0
CUST013651,0.5616,1,0
CUST012491,0.0837,0,0
CUST026411,0.344,0,0
CUST024218,0.2131,0,0
CUST037487,0.0967,0,0
CUST036083,0.1543,0,0
CUST044527,0.1886,0,0
CUST003921,0.5457,1,0
CUST012713,0.1185,0,0
CUST045821,0.0675,0,0
CUST048637,0.0692,0,0
CUST010796,0.8717,1,1
CUST013499,0.0679,0,0
CUST002613,0.0464,0,0
CUST011178,0.8799,1,0
CUST017725,0.1008,0,0
CUST033530,0.1135,0,0
CUST016989,0.0729,0,0
CUST042078,0.1287,0,0
CUST001195,0.1659,0,0
CUST025440,0.1932,0,0
CUST026456,0.7843,1,0
CUST003630,0.1006,0,0
CUST033819,0.2862,0,0
CUST046985,0.0671,0,0
CUST029836,0.0675,0,0
CUST023411,0.0395,0,0
CUST002768,0.1819,0,0
CUST010872,0.0558,0,0
CUST029537,0.1732,0,0
CUST047501,0.0571,0,0
CUST029705,0.0544,0,0
CUST019650,0.1709,0,0
CUST039024,0.071,0,0
CUST007849,0.6138,1,0
CUST011029,0.0857,0,0
CUST000092,0.8168,1,0
CUST032304,0.1315,0,0
CUST028749,0.1102,0,0
CUST031642,0.1017,0,0
CUST019895,0.0503,0,0
CUST012287,0.0441,0,0
CUST004343,0.4735,0,0
CUST023686,0.078,0,0
CUST048042,0.4151,0,0
CUST015946,0.3227,0,0
CUST039836,0.0376,0,0
CUST012834,0.8043,1,0
CUST007885,0.1906,0,0
CUST042296,0.0724,0,0
CUST038285,0.1337,0,0
CUST020563,0.0539,0,0
CUST021292,0.2932,0,0
CUST025352,0.2528,0,0
CUST014014,0.0481,0,0
CUST021571,0.8915,1,0
CUST038299,0.0396,0,0
CUST011096,0.8366,1,0
CUST040939,0.5682,1,0
CUST021685,0.0962,0,0
CUST031896,0.2521,0,0
CUST034086,0.0675,0,0
CUST027465,0.191,0,0
CUST000540,0.1798,0,0
CUST043541,0.8415,1,0
CUST049980,0.9278,1,0
CUST024298,0.9006,1,1
CUST032665,0.1469,0,0
CUST043995,0.8414,1,0
CUST032043,0.1761,0,0
CUST043748,0.0603,0,0
CUST026206,0.3905,0,0
CUST021227,0.1139,0,0
CUST036057,0.0442,0,0
CUST010386,0.0835,0,0
CUST005377,0.3044,0,0
CUST044624,0.0703,0,0
CUST024116,0.1233,0,0
CUST010540,0.0983,0,0
CUST033491,0.05,0,0
CUST047667,0.0654,0,0
CUST015243,0.1289,0,0
CUST009332,0.0646,0,0
CUST010669,0.3064,0,0
CUST026908,0.8085,1,0
CUST033591,0.1797,0,0
CUST044380,0.0924,0,0
CUST009771,0.6005,1,0
CUST036040,0.0693,0,0
CUST013997,0.1688,0,0
CUST037824,0.0625,0,0
CUST035701,0.1043,0,0
CUST003469,0.1031,0,0
CUST025680,0.0667,0,0
CUST010552,0.403,0,0
CUST010541,0.1127,0,0
CUST032036,0.0898,0,0
CUST014698,0.4851,0,0
CUST011966,0.6813,1,0
CUST042750,0.6346,1,0
CUST046388,0.0675,0,0
CUST008376,0.1884,0,1
CUST031656,0.08,0,0
CUST015987,0.7839,1,0
CUST006929,0.1788,0,0
CUST012951,0.1337,0,0
CUST040609,0.3699,0,0
CUST008073,0.4067,0,0
CUST015395,0.0992,0,0
CUST041860,0.7796,1,0
CUST000100,0.5184,1,0
CUST020298,0.2069,0,0
CUST018098,0.1993,0,0
CUST015409,0.0568,0,0
CUST033851,0.0447,0,0
CUST007399,0.0675,0,0
CUST001896,0.0762,0,0
CUST003342,0.0662,0,0
CUST010137,0.717,1,0
CUST042702,0.2609,0,0
CUST040072,0.8972,1,0
CUST011257,0.7093,1,0
CUST018912,0.1517,0,0
CUST023283,0.1192,0,0
CUST015474,0.1077,0,0
CUST007482,0.3583,0,0
CUST036772,0.3161,0,0
CUST020758,0.7656,1,0
CUST043038,0.1249,0,0
CUST040596,0.0968,0,0
CUST000102,0.0575,0,0
CUST013610,0.1219,0,0
CUST004145,0.3286,0,0
CUST010863,0.7032,1,0
CUST006237,0.108,0,0
CUST027911,0.0481,0,0
CUST010953,0.8291,1,0
CUST044349,0.0571,0,0
CUST032884,0.0807,0,0
CUST032512,0.0559,0,0
CUST033949,0.0894,0,0
CUST023804,0.0687,0,0
CUST001316,0.402,0,0
CUST028079,0.677,1,0
CUST017558,0.3081,0,0
CUST004778,0.2069,0,0
CUST035828,0.0662,0,0
CUST044051,0.1178,0,0
CUST018076,0.6005,1,0
CUST012060,0.1242,0,0
CUST019288,0.1364,0,0
CUST027020,0.06,0,0
CUST012525,0.0569,0,0
CUST026991,0.7316,1,0
CUST039792,0.1139,0,0
CUST016830,0.1042,0,0
CUST043406,0.156,0,0
CUST035087,0.1023,0,0
CUST011936,0.3183,0,0
CUST034883,0.3007,0,0
CUST045375,0.0663,0,0
CUST010563,0.6702,1,0
CUST035708,0.098,0,0
CUST046091,0.1109,0,0
CUST048149,0.0879,0,0
CUST018935,0.1129,0,0
CUST033256,0.0613,0,0
CUST009987,0.3124,0,0
CUST039192,0.0675,0,0
CUST012343,0.8879,1,0
CUST019975,0.2059,0,0
CUST015077,0.1703,0,0
CUST043525,0.4781,0,0
CUST033628,0.8974,1,0
CUST023060,0.275,0,0
CUST042944,0.1713,0,0
CUST022460,0.1366,0,0
CUST041988,0.2,0,0
CUST031203,0.0784,0,0
CUST018438,0.0565,0,0
CUST002002,0.1031,0,0
CUST038364,0.0567,0,0
CUST022475,0.3858,0,0
CUST013328,0.0908,0,0
CUST034094,0.1124,0,0
CUST022835,0.0478,0,0
CUST028779,0.6943,1,0
CUST006843,0.0719,0,0
CUST024283,0.1065,0,0
CUST034421,0.7631,1,0
CUST035952,0.755,1,0
CUST030450,0.8873,1,1
CUST003679,0.6254,1,0
CUST016026,0.0538,0,0
CUST003637,0.1005,0,0
CUST032681,0.1133,0,0
CUST039846,0.0795,0,0
CUST029016,0.0675,0,0
CUST035438,0.0695,0,0
CUST027485,0.9229,1,0
CUST047585,0.1851,0,0
CUST043080,0.0809,0,0
CUST045578,0.075,0,0
CUST019933,0.1258,0,0
CUST022743,0.1087,0,0
CUST043857,0.0576,0,0
CUST014481,0.5546,1,0
CUST037203,0.0947,0,0
CUST034200,0.8641,1,0
CUST015947,0.2309,0,0
CUST029621,0.0771,0,0
CUST007589,0.0406,0,0
CUST010965,0.0675,0,0
CUST000774,0.4187,0,0
CUST024367,0.5963,1,0
CUST004765,0.3097,0,0
CUST004106,0.0416,0,0
CUST005965,0.3901,0,0
CUST015324,0.6074,1,0
CUST007978,0.5875,1,0
CUST020529,0.8173,1,0
CUST007036,0.1122,0,0
CUST012938,0.0967,0,0
CUST029426,0.8421,1,0
CUST005283,0.0666,0,0
CUST026018,0.09,0,0
CUST042866,0.1688,0,0
CUST028760,0.1253,0,0
CUST010768,0.0785,0,0
CUST000212,0.8991,1,0
CUST007990,0.1087,0,0
CUST040018,0.0981,0,0
CUST002771,0.0866,0,0
CUST016270,0.0972,0,0
CUST021346,0.0419,0,0
CUST021004,0.0945,0,0
CUST043582,0.063,0,0
CUST021818,0.148,0,0
CUST010967,0.0753,0,0
CUST009956,0.1538,0,0
CUST033088,0.2964,0,0
CUST029121,0.1337,0,0
CUST031246,0.409,0,0
CUST041378,0.1672,0,0
CUST035120,0.1192,0,0
CUST020040,0.0936,0,0
CUST035013,0.7752,1,0
CUST009428,0.6453,1,0
CUST044887,0.0567,0,0
CUST021379,0.0703,0,0
CUST037301,0.0667,0,0
CUST009714,0.7548,1,0
CUST015502,0.1348,0,0
CUST009644,0.0487,0,0
CUST047668,0.0804,0,0
CUST014235,0.1288,0,0
CUST039368,0.2038,0,0
CUST021290,0.1922,0,0
CUST025646,0.2766,0,0
CUST013550,0.1447,0,0
CUST012283,0.1169,0,0
CUST006084,0.7913,1,1
CUST040377,0.1864,0,0
CUST002415,0.7848,1,0
CUST009813,0.0604,0,0
CUST026286,0.363,0,0
CUST030104,0.8768,1,0
CUST027089,0.6823,1,0
CUST030400,0.0888,0,0
CUST006195,0.281,0,0
CUST038573,0.0913,0,0
CUST047405,0.0988,0,0
CUST043596,0.082,0,0
CUST038709,0.8365,1,0
CUST019780,0.1757,0,0
CUST013297,0.0706,0,0
CUST004151,0.0744,0,0
CUST048397,0.688,1,0
CUST016657,0.0497,0,0
CUST015964,0.2042,0,0
CUST005502,0.0703,0,0
CUST034715,0.8092,1,0
CUST035153,0.2883,0,1
CUST043351,0.2065,0,0
CUST012177,0.1934,0,0
CUST000622,0.6423,1,0
CUST033364,0.0857,0,0
CUST009090,0.0605,0,0
CUST042734,0.4592,0,0
CUST022697,0.0631,0,0
CUST033291,0.2776,0,0
CUST030810,0.1277,0,0
CUST015822,0.1432,0,0
CUST046278,0.6143,1,0
CUST014873,0.0776,0,0
CUST002997,0.4585,0,0
CUST035510,0.8362,1,0
CUST014122,0.2004,0,0
CUST002360,0.0836,0,0
CUST037997,0.0698,0,0
CUST012518,0.0995,0,0
CUST046440,0.1136,0,0
CUST013591,0.0534,0,0
CUST006481,0.2674,0,0
CUST036166,0.1917,0,0
CUST032879,0.706,1,0
CUST022142,0.0691,0,0
CUST044319,0.0836,0,0
CUST014429,0.0675,0,0
CUST011847,0.0712,0,0
CUST030621,0.5939,1,0
CUST028746,0.0546,0,0
CUST015008,0.6005,1,0
CUST045218,0.6133,1,0
CUST037144,0.3902,0,0
CUST040122,0.3381,0,0
CUST040969,0.1046,0,0
CUST024168,0.1065,0,0
CUST010719,0.232,0,0
CUST031519,0.1102,0,0
CUST026593,0.085,0,0
CUST032009,0.0793,0,0
CUST020585,0.0816,0,0
CUST007098,0.6359,1,0
CUST007805,0.1078,0,0
CUST016159,0.064,0,0
CUST020077,0.0658,0,0
CUST003521,0.0547,0,0
CUST042133,0.8018,1,0
CUST008618,0.0519,0,0
CUST047063,0.1023,0,0
CUST014624,0.0814,0,0
CUST002970,0.0936,0,0
CUST000516,0.192,0,0
CUST004408,0.1057,0,0
CUST015405,0.0565,0,0
CUST027001,0.4215,0,0
CUST006306,0.1911,0,0
CUST013154,0.7558,1,0
CUST028149,0.1147,0,0
CUST022874,0.8991,1,0
CUST004338,0.2083,0,0
CUST013577,0.2484,0,0
CUST011471,0.1035,0,0
CUST046248,0.0731,0,0
CUST030967,0.0412,0,0
CUST030167,0.6005,1,0
CUST007832,0.0958,0,0
CUST039745,0.1196,0,0
CUST029200,0.2923,0,0
CUST014449,0.0457,0,0
CUST023086,0.0615,0,0
CUST026986,0.083,0,0
CUST046390,0.1882,0,0
CUST045501,0.1406,0,0
CUST021608,0.0573,0,0
CUST034180,0.3381,0,1
CUST037196,0.062,0,0
CUST009281,0.1954,0,0
CUST008364,0.8991,1,1
CUST024227,0.0581,0,0
CUST002941,0.2907,0,0
CUST016244,0.0625,0,0
CUST025995,0.0932,0,0
CUST020319,0.2468,0,0
CUST048491,0.1176,0,0
CUST000872,0.0707,0,0
CUST042542,0.1513,0,0
CUST027604,0.817,1,0
CUST006561,0.1065,0,0
CUST047805,0.0604,0,0
CUST003607,0.1792,0,0
CUST017081,0.101,0,0
CUST035100,0.7342,1,0
CUST048487,0.0732,0,0
CUST025630,0.1432,0,0
CUST044507,0.1511,0,0
CUST043809,0.1019,0,0
CUST033874,0.0592,0,0
CUST002482,0.2955,0,0
CUST048394,0.0675,0,0
CUST015206,0.5604,1,0
CUST036288,0.1804,0,0
CUST013571,0.5026,1,0
CUST013891,0.2008,0,0
CUST040842,0.2283,0,0
CUST019618,0.7612,1,0
CUST004430,0.1771,0,0
CUST019500,0.0684,0,0
CUST048886,0.2106,0,0
CUST014379,0.6005,1,0
CUST034515,0.0411,0,0
CUST008422,0.0792,0,0
CUST019476,0.5535,1,0
CUST042305,0.4519,0,0
CUST028981,0.0822,0,0
CUST042848,0.0544,0,0
CUST039390,0.2189,0,0
CUST026052,0.2655,0,0
CUST040581,0.0708,0,0
CUST017422,0.0397,0,0
CUST010695,0.1189,0,0
CUST001656,0.0476,0,0
CUST014577,0.2489,0,0
CUST017823,0.0665,0,0
CUST032521,0.171,0,0
CUST017071,0.8155,1,0
CUST021278,0.0757,0,0
CUST034461,0.48,0,0
CUST030142,0.1713,0,0
CUST034881,0.0837,0,0
CUST035830,0.0977,0,0
CUST005152,0.0403,0,0
CUST044256,0.1654,0,0
CUST020441,0.4252,0,0
CUST023387,0.0675,0,0
CUST019905,0.0556,0,0
CUST037227,0.4157,0,0
CUST029666,0.481,0,0
CUST046836,0.5923,1,0
CUST025461,0.8488,1,0
CUST000939,0.3126,0,0
CUST029597,0.0816,0,0
CUST021472,0.7821,1,0
CUST013980,0.4085,0,0
CUST049176,0.0983,0,0
CUST016909,0.0519,0,0
CUST003768,0.2512,0,0
CUST018519,0.5524,1,0
CUST034259,0.3788,0,0
CUST028329,0.0694,0,0
CUST028261,0.1136,0,0
CUST048687,0.0622,0,0
CUST044194,0.0675,0,0
CUST015084,0.7762,1,0
CUST005653,0.1763,0,0
CUST047035,0.0424,0,0
CUST021252,0.0445,0,0
CUST028032,0.1712,0,0
CUST016322,0.2375,0,0
CUST009122,0.0711,0,0
CUST020312,0.1542,0,0
CUST004834,0.3962,0,0
CUST030843,0.0903,0,0
CUST032075,0.1584,0,1
CUST031557,0.0748,0,0
CUST042228,0.0711,0,0
CUST039503,0.7655,1,0
CUST041135,0.0679,0,0
CUST039739,0.4192,0,0
CUST018814,0.5963,1,0
CUST023784,0.135,0,0
CUST032453,0.1046,0,0
CUST000529,0.1029,0,0
CUST042729,0.0713,0,0
CUST023168,0.0783,0,0
CUST029147,0.0664,0,0
CUST000680,0.1543,0,0
CUST038793,0.0675,0,0
CUST005162,0.5845,1,0
CUST042179,0.0877,0,0
CUST020356,0.0419,0,0
CUST001454,0.457,0,0
CUST021769,0.4067,0,0
CUST035528,0.1101,0,0
CUST036594,0.3046,0,0
CUST021075,0.0884,0,0
CUST027683,0.0622,0,0
CUST049707,0.0862,0,0
CUST031832,0.1048,0,0
CUST048452,0.2248,0,0
CUST004052,0.0368,0,0
CUST003147,0.0555,0,0
CUST010457,0.3645,0,0
CUST032706,0.1506,0,0
CUST049579,0.1132,0,0
CUST042880,0.6161,1,0
CUST015397,0.041,0,0
CUST013085,0.135,0,0
CUST047222,0.0489,0,0
CUST022471,0.145,0,0
CUST022177,0.077,0,0
CUST041861,0.1139,0,0
CUST011657,0.0679,0,0
CUST005580,0.146,0,0
CUST027755,0.5585,1,0
CUST022049,0.0754,0,0
CUST044705,0.1303,0,0
CUST040406,0.8018,1,1
CUST046586,0.852,1,0
CUST049436,0.0545,0,0
CUST009285,0.1337,0,0
CUST029102,0.4945,0,0
CUST025040,0.1765,0,0
CUST044231,0.102,0,0
CUST033748,0.5482,1,0
CUST010454,0.8797,1,0
CUST010203,0.2779,0,0
CUST032664,0.0717,0,0
CUST013273,0.8091,1,0
CUST032939,0.824,1,1
CUST011670,0.2038,0,0
CUST044233,0.0998,0,0
CUST047347,0.2152,0,0
CUST048224,0.0406,0,0
CUST033831,0.2363,0,0
CUST013287,0.1015,0,0
CUST000111,0.0557,0,0
CUST000784,0.0502,0,0
CUST020416,0.2106,0,0
CUST043187,0.2849,0,0
CUST031918,0.23,0,0
CUST008896,0.0764,0,0
CUST039910,0.5712,1,0
CUST006576,0.0426,0,0
CUST029416,0.0637,0,0
CUST008943,0.8428,1,0
CUST000169,0.2443,0,0
CUST006080,0.7485,1,0
CUST039942,0.1969,0,0
CUST034673,0.0956,0,0
CUST003742,0.5963,1,0
CUST032415,0.1337,0,0
CUST045063,0.2809,0,0
CUST006687,0.1635,0,0
CUST032721,0.1692,0,0
CUST015913,0.5596,1,0
CUST003600,0.0474,0,0
CUST009575,0.1959,0,0
CUST014684,0.1277,0,0
CUST047114,0.0536,0,0
CUST022490,0.0969,0,0
CUST030721,0.081,0,0
CUST028762,0.0681,0,0
CUST021441,0.1601,0,0
CUST039250,0.7006,1,1
CUST016882,0.0763,0,0
CUST024365,0.4772,0,0
CUST029496,0.8794,1,0
CUST012884,0.1783,0,0
CUST046029,0.1854,0,0
CUST007248,0.6227,1,0
CUST043471,0.4652,0,0
CUST033045,0.8118,1,0
CUST042290,0.2635,0,0
CUST009592,0.0563,0,0
CUST032600,0.076,0,0
CUST002375,0.0765,0,0
CUST007089,0.0697,0,0
CUST009203,0.5409,1,0
CUST013114,0.0734,0,0
CUST047202,0.0747,0,0
CUST002011,0.0836,0,0
CUST040179,0.7543,1,0
CUST037665,0.1876,0,0
CUST022384,0.094,0,0
CUST010943,0.1139,0,0
CUST041340,0.1962,0,0
CUST046907,0.1122,0,0
CUST037154,0.0762,0,0
CUST021867,0.0883,0,0
CUST034453,0.1417,0,0
CUST045590,0.703,1,0
CUST018597,0.1527,0,0
CUST022527,0.0566,0,0
CUST011006,0.4624,0,0
CUST049551,0.3682,0,0
CUST017779,0.0616,0,0
CUST024249,0.1191,0,0
CUST033250,0.1587,0,0
CUST014368,0.1788,0,0
CUST042920,0.0806,0,0
CUST000114,0.1793,0,0
CUST041239,0.0998,0,0
CUST048325,0.2068,0,0
CUST020337,0.5007,1,0
CUST043122,0.5912,1,0
CUST001781,0.7832,1,0
CUST015052,0.0753,0,0
CUST000610,0.0788,0,0
CUST016123,0.0675,0,0
CUST019973,0.4236,0,0
CUST010934,0.0707,0,0
CUST012974,0.3717,0,0
CUST020805,0.8869,1,0
CUST029326,0.0749,0,0
CUST035357,0.7684,1,0
CUST026092,0.1007,0,0
CUST030761,0.079,0,0
CUST006315,0.0884,0,0
CUST031295,0.0696,0,0
CUST002107,0.0581,0,0
CUST011512,0.1182,0,0
CUST047388,0.0974,0,0
CUST044958,0.8974,1,1
CUST030207,0.1311,0,0
CUST034963,0.7885,1,1
CUST039971,0.6818,1,0
CUST008940,0.1151,0,0
CUST015051,0.1176,0,0
CUST010300,0.7831,1,0
CUST034279,0.0921,0,0
CUST011727,0.0615,0,0
CUST033752,0.1231,0,0
CUST011700,0.0912,0,0
CUST025369,0.0463,0,0
CUST032086,0.0681,0,0
CUST049038,0.1157,0,0
CUST003248,0.6777,1,0
CUST019965,0.6544,1,0
CUST015558,0.0421,0,0
CUST028352,0.0565,0,0
CUST026239,0.3061,0,0
CUST033690,0.1831,0,0
CUST033735,0.0906,0,0
CUST000848,0.1383,0,0
CUST029553,0.4376,0,0
CUST032093,0.8319,1,0
CUST017957,0.0697,0,0
CUST026611,0.1196,0,0
CUST002495,0.131,0,0
CUST018203,0.238,0,0
CUST030701,0.096,0,0
CUST032593,0.0416,0,0
CUST034918,0.4498,0,0
CUST020802,0.325,0,0
CUST002842,0.0674,0,0
CUST018706,0.1744,0,0
CUST017484,0.1778,0,0
CUST048458,0.0675,0,0
CUST046750,0.0663,0,0
CUST003318,0.1128,0,0
CUST013816,0.1112,0,0
CUST037169,0.5614,1,0
CUST045118,0.4418,0,0
CUST049166,0.1316,0,0
CUST023856,0.5054,1,0
CUST013226,0.1429,0,0
CUST016207,0.5766,1,0
CUST049040,0.2869,0,0
CUST012791,0.0867,0,0
CUST009051,0.2205,0,0
CUST012453,0.1041,0,0
CUST030033,0.1629,0,0
CUST048462,0.0823,0,0
CUST019287,0.0675,0,0
CUST038202,0.3845,0,0
CUST037465,0.4425,0,0
CUST017143,0.3297,0,0
CUST006150,0.1352,0,0
CUST007623,0.0786,0,0
CUST013641,0.1442,0,0
CUST011546,0.0635,0,0
CUST026819,0.118,0,0
CUST018615,0.4187,0,0
CUST017245,0.1024,0,0
CUST039730,0.0903,0,0
CUST009326,0.5457,1,0
CUST000728,0.7794,1,0
CUST004517,0.3793,0,0
CUST031567,0.2737,0,0
CUST021640,0.639,1,0
CUST028285,0.3978,0,0
CUST023712,0.0431,0,0
CUST014140,0.5117,1,0
CUST029325,0.8974,1,0
CUST006691,0.1108,0,0
CUST029397,0.126,0,0
CUST010266,0.3016,0,0
CUST010938,0.0949,0,0
CUST001863,0.0349,0,0
CUST036103,0.1356,0,0
CUST022911,0.1097,0,0
CUST012323,0.7428,1,0
CUST001914,0.1156,0,0
CUST019931,0.9162,1,1
CUST036984,0.7179,1,0
CUST026783,0.0964,0,0
CUST023093,0.7558,1,0
CUST011593,0.0483,0,0
CUST015992,0.8991,1,1
CUST027583,0.0511,0,0
CUST004787,0.1606,0,0
CUST039151,0.3911,0,0
CUST024441,0.4756,0,0
CUST002928,0.1489,0,0
CUST012000,0.5505,1,0
CUST041606,0.0745,0,0
CUST042433,0.0709,0,0
CUST031562,0.4931,0,0
CUST027796,0.7293,1,0
CUST018260,0.2429,0,0
CUST030777,0.5912,1,0
CUST047361,0.1816,0,0
CUST000696,0.0596,0,0
CUST037574,0.7809,1,0
CUST010503,0.175,0,0
CUST026636,0.1992,0,0
CUST013830,0.0589,0,0
CUST048415,0.4256,0,0
CUST007851,0.0675,0,0
CUST036096,0.0815,0,0
CUST044787,0.5878,1,0
CUST004623,0.1143,0,0
CUST007771,0.1122,0,0
CUST030432,0.1617,0,0
CUST046550,0.0601,0,0
CUST031443,0.1502,0,0
CUST018384,0.6425,1,0
CUST002725,0.1189,0,0
CUST041210,0.7715,1,0
CUST012205,0.2224,0,0
CUST032320,0.8006,1,0
CUST011154,0.7898,1,0
CUST020937,0.0656,0,0
CUST045768,0.0982,0,0
CUST012710,0.0807,0,0
CUST001466,0.2178,0,0
CUST015305,0.2694,0,0
CUST016071,0.0873,0,0
CUST045891,0.0659,0,0
CUST040592,0.3136,0,0
CUST010372,0.1073,0,0
CUST038559,0.4759,0,0
CUST008691,0.083,0,0
CUST040541,0.8997,1,0
CUST034097,0.852,1,0
CUST006834,0.0557,0,0
CUST032728,0.5838,1,0
CUST049954,0.0388,0,0
CUST045848,0.8674,1,0
CUST023170,0.0961,0,0
CUST031102,0.0675,0,0
CUST040139,0.1646,0,0
CUST019034,0.0365,0,0
CUST007574,0.0617,0,0
CUST014725,0.5853,1,0
CUST047077,0.5977,1,0
CUST005590,0.0596,0,0
CUST014269,0.1435,0,0
CUST010520,0.061,0,0
CUST031536,0.6833,1,0
CUST013035,0.294,0,0
CUST032239,0.3502,0,0
CUST025915,0.2472,0,0
CUST006732,0.0495,0,0
CUST032408,0.2043,0,0
CUST010644,0.5509,1,0
CUST010596,0.2735,0,0
CUST038161,0.1056,0,0
CUST040667,0.8429,1,0
CUST034093,0.2919,0,0
CUST017001,0.8126,1,0
CUST041909,0.3987,0,0
CUST017480,0.0569,0,0
CUST002877,0.0675,0,0
CUST032857,0.7326,1,0
CUST025575,0.0662,0,0
CUST049294,0.101,0,0
CUST041113,0.1433,0,0
CUST022060,0.1407,0,0
CUST049221,0.0868,0,0
CUST018531,0.1082,0,0
CUST007378,0.0787,0,0
CUST038052,0.0349,0,0
CUST028048,0.8974,1,0
CUST016572,0.0441,0,0
CUST044432,0.2045,0,0
CUST041190,0.4958,0,0
CUST011249,0.1444,0,0
CUST020696,0.2067,0,0
CUST037495,0.5454,1,0
CUST000433,0.0442,0,0
CUST020455,0.2439,0,0
CUST032260,0.0746,0,0
CUST021604,0.4109,0,0
CUST027786,0.2005,0,0
CUST015625,0.1708,0,0
CUST026830,0.069,0,0
CUST029144,0.0947,0,0
CUST045785,0.0709,0,0
CUST005780,0.0489,0,0
CUST028684,0.4425,0,0
CUST018917,0.0776,0,0
CUST003050,0.0803,0,0
CUST031308,0.0488,0,0
CUST028745,0.1511,0,0
CUST007516,0.0608,0,0
CUST023530,0.5963,1,0
CUST040009,0.3474,0,0
CUST015730,0.0829,0,0
CUST029182,0.0914,0,0
CUST016481,0.7165,1,0
CUST035083,0.0843,0,0
CUST032492,0.1196,0,0
CUST043696,0.13,0,0
CUST010147,0.0751,0,0
CUST039803,0.0748,0,0
CUST012458,0.195,0,0
CUST018197,0.6221,1,0
CUST031516,0.0613,0,0
CUST039070,0.1147,0,0
CUST006425,0.2651,0,0
CUST022502,0.1925,0,0
CUST046114,0.5278,1,0
CUST026263,0.2801,0,0
CUST042656,0.8991,1,0
CUST014960,0.1184,0,0
CUST031736,0.0723,0,0
CUST035028,0.0543,0,0
CUST004025,0.1393,0,0
CUST020159,0.1251,0,0
CUST041794,0.1484,0,0
CUST016230,0.271,0,0
CUST032177,0.0556,0,0
CUST013697,0.269,0,0
CUST013457,0.0431,0,0
CUST039520,0.1545,0,0
CUST024286,0.5945,1,0
CUST005899,0.8898,1,0
CUST006036,0.0551,0,0
CUST042601,0.0922,0,0
CUST046923,0.0568,0,0
CUST047148,0.0472,0,0
CUST030632,0.8951,1,1
CUST028702,0.0686,0,0
CUST049834,0.0975,0,0
CUST004613,0.0533,0,0
CUST026939,0.119,0,0
CUST020291,0.0698,0,0
CUST013206,0.3983,0,0
CUST009048,0.458,0,0
CUST033135,0.0532,0,0
CUST019984,0.2026,0,0
CUST011239,0.887,1,1
CUST014779,0.8991,1,0
CUST009621,0.1561,0,0
CUST010798,0.6394,1,1
CUST043181,0.494,0,0
CUST038385,0.2265,0,0
CUST022360,0.0356,0,0
CUST013928,0.0788,0,0
CUST026670,0.5154,1,0
CUST036361,0.5665,1,0
CUST002891,0.0614,0,0
CUST016861,0.3186,0,0
CUST030596,0.0623,0,0
CUST041403,0.8974,1,1
CUST034725,0.0754,0,0
CUST026781,0.0868,0,0
CUST043741,0.6167,1,0
CUST047533,0.085,0,0
CUST024989,0.5028,1,0
CUST034474,0.8974,1,0
CUST046890,0.1969,0,0
CUST034648,0.3548,0,0
CUST032026,0.1331,0,0
CUST049174,0.4883,0,0
CUST030940,0.4067,0,0
CUST029382,0.073,0,0
CUST038284,0.0551,0,0
CUST034992,0.8873,1,0
CUST025030,0.2205,0,0
CUST004792,0.0746,0,0
CUST044377,0.1183,0,0
CUST006544,0.1352,0,0
CUST012266,0.4506,0,0
CUST032362,0.0955,0,0
CUST037228,0.1757,0,0
CUST008551,0.1036,0,0
CUST014241,0.0638,0,0
CUST028381,0.1845,0,0
CUST002781,0.0753,0,0
CUST003084,0.0823,0,0
CUST030958,0.0537,0,0
CUST006631,0.1063,0,0
CUST024156,0.1002,0,0
CUST003523,0.1141,0,0
CUST034937,0.6857,1,0
CUST014137,0.0654,0,0
CUST027151,0.1311,0,0
CUST008952,0.1892,0,0
CUST016029,0.0557,0,0
CUST038048,0.1147,0,0
CUST004059,0.0753,0,0
CUST030312,0.103,0,0
CUST036782,0.3747,0,0
CUST009354,0.0456,0,0
CUST049160,0.7326,1,0
CUST003501,0.3148,0,0
CUST013942,0.1439,0,0
CUST034113,0.4251,0,0
CUST047943,0.5185,1,0
CUST000733,0.1139,0,0
CUST041665,0.1624,0,0
CUST004194,0.1887,0,0
CUST015937,0.0721,0,0
CUST034950,0.4107,0,0
CUST043805,0.1635,0,0
CUST020215,0.0545,0,0
CUST048556,0.1117,0,0
CUST028503,0.7839,1,0
CUST010466,0.3173,0,0
CUST033116,0.0406,0,0
CUST020044,0.0675,0,0
CUST020825,0.0563,0,0
CUST033613,0.0708,0,0
CUST048443,0.8951,1,0
CUST015995,0.2063,0,0
CUST036492,0.152,0,0
CUST033645,0.673,1,0
CUST043043,0.0821,0,0
CUST033919,0.0649,0,0
CUST017012,0.2267,0,0
CUST002911,0.0545,0,0
CUST026859,0.1633,0,0
CUST049317,0.0675,0,0
CUST013917,0.3248,0,0
CUST021958,0.33,0,0
CUST009239,0.1445,0,0
CUST031827,0.1344,0,0
CUST032685,0.152,0,0
CUST041996,0.1435,0,1
CUST009096,0.3258,0,0
CUST016659,0.0613,0,0
CUST020519,0.1495,0,0
CUST004294,0.2902,0,0
CUST011155,0.1337,0,0
CUST042159,0.0997,0,0
CUST030607,0.8821,1,0
CUST036036,0.0398,0,0
CUST030529,0.3215,0,0
CUST004763,0.6776,1,0
CUST045030,0.4897,0,0
CUST028769,0.8879,1,1
CUST039687,0.0737,0,0
CUST027740,0.1629,0,0
CUST000144,0.6005,1,0
CUST035260,0.8007,1,0
CUST045133,0.0613,0,0
CUST007705,0.0877,0,0
CUST020923,0.0738,0,0
CUST003906,0.2653,0,0
CUST014036,0.0936,0,0
CUST033449,0.0718,0,0
CUST014714,0.8659,1,0
CUST008184,0.1144,0,0
CUST009820,0.0584,0,0
CUST014887,0.2074,0,0
CUST004969,0.0756,0,0
CUST019254,0.0672,0,0
CUST009038,0.2267,0,0
CUST039443,0.3787,0,0
CUST015773,0.1045,0,0
CUST032713,0.1822,0,0
CUST006268,0.1857,0,0
CUST036088,0.1281,0,0
CUST045181,0.433,0,0
CUST038211,0.0677,0,0
CUST001362,0.2122,0,0
CUST005588,0.0924,0,0
CUST007619,0.073,0,0
CUST036880,0.2595,0,0
CUST010569,0.2134,0,0
CUST018220,0.1825,0,0
CUST038948,0.0951,0,0
CUST007606,0.1241,0,0
CUST026645,0.2057,0,0
CUST012357,0.2237,0,0
CUST007551,0.0679,0,0
CUST002762,0.2453,0,0
CUST034551,0.0701,0,0
CUST026846,0.627,1,0
CUST033313,0.5115,1,0
CUST016896,0.099,0,0
CUST027900,0.8472,1,0
CUST029332,0.7803,1,0
CUST020117,0.5579,1,0
CUST016013,0.2635,0,0
CUST029192,0.0929,0,0
CUST042224,0.1795,0,0
CUST004027,0.6005,1,0
CUST025624,0.2924,0,0
CUST048871,0.3248,0,0
CUST007883,0.3162,0,0
CUST006506,0.0618,0,0
CUST014504,0.6707,1,0
CUST024878,0.1206,0,0
CUST038643,0.0492,0,0
CUST011320,0.1822,0,0
CUST005732,0.0419,0,0
CUST037616,0.0462,0,0
CUST028405,0.2619,0,0
CUST033243,0.1315,0,0
CUST010239,0.1215,0,0
CUST048468,0.5673,1,0
CUST040098,0.0442,0,0
CUST009538,0.0765,0,0
CUST045920,0.8641,1,0
CUST025445,0.0497,0,0
CUST035383,0.0824,0,0
CUST030765,0.1759,0,0
CUST005238,0.0539,0,0
CUST010884,0.1649,0,0
CUST025289,0.1904,0,0
CUST031290,0.301,0,0
CUST020482,0.0781,0,0
CUST013869,0.0701,0,0
CUST043434,0.209,0,0
CUST012481,0.0601,0,0
CUST012662,0.0374,0,0
CUST025308,0.5028,1,0
CUST035756,0.6326,1,0
CUST028252,0.0596,0,0
CUST003326,0.3624,0,0
CUST002773,0.0863,0,0
CUST034972,0.08,0,0
CUST039205,0.0558,0,0
CUST000015,0.513,1,0
CUST014112,0.8991,1,0
CUST042246,0.8974,1,0
CUST014868,0.1409,0,0
CUST040644,0.4116,0,0
CUST041204,0.8509,1,0
CUST004457,0.1206,0,0
CUST036102,0.0433,0,0
CUST006407,0.2516,0,0
CUST005093,0.4292,0,0
CUST048359,0.6448,1,0
CUST049516,0.8156,1,1
CUST030835,0.4262,0,0
CUST043155,0.0678,0,0
CUST045329,0.0595,0,0
CUST027676,0.0844,0,0
CUST009467,0.1257,0,0
CUST022511,0.1436,0,0
CUST009396,0.2663,0,0
CUST021716,0.223,0,0
CUST029896,0.1053,0,0
CUST027552,0.2057,0,0
CUST019416,0.0771,0,0
CUST048579,0.904,1,0
CUST026850,0.354,0,0
CUST025211,0.1291,0,0
CUST042928,0.072,0,0
CUST037186,0.1534,0,0
CUST020533,0.5963,1,0
CUST038174,0.7782,1,0
CUST030082,0.0891,0,0
CUST043109,0.0785,0,0
CUST041504,0.3382,0,0
CUST030998,0.3016,0,0
CUST033726,0.1818,0,0
CUST039459,0.1244,0,0
CUST043501,0.0507,0,0
CUST047918,0.1378,0,0
CUST022064,0.063,0,0
CUST040253,0.6864,1,0
CUST035362,0.0599,0,0
CUST004388,0.0471,0,0
CUST041750,0.1694,0,0
CUST046758,0.0624,0,0
CUST027778,0.0582,0,0
CUST029755,0.1461,0,0
CUST014461,0.0661,0,0
CUST007743,0.3755,0,0
CUST003057,0.2982,0,0
CUST036214,0.3043,0,0
CUST001900,0.8991,1,0
CUST020306,0.4076,0,0
CUST014515,0.0831,0,0
CUST047854,0.1302,0,0
CUST001809,0.0783,0,0
CUST009951,0.8872,1,0
CUST015023,0.1375,0,0
CUST000214,0.0946,0,0
CUST011717,0.1222,0,0
CUST009263,0.7985,1,0
CUST014082,0.1286,0,0
CUST017548,0.8916,1,0
CUST045353,0.0476,0,0
CUST014430,0.0788,0,0
CUST001533,0.0506,0,0
CUST024059,0.2045,0,0
CUST047893,0.1036,0,0
CUST033215,0.0456,0,0
CUST028165,0.0668,0,0
CUST011312,0.0605,0,0
CUST014644,0.0998,0,0
CUST041362,0.0987,0,0
CUST027776,0.1277,0,0
CUST017822,0.3566,0,0
CUST024017,0.7247,1,0
CUST036091,0.0663,0,0
CUST040199,0.1291,0,0
CUST031387,0.037,0,0
CUST001738,0.0455,0,0
CUST031081,0.103,0,0
CUST018334,0.0484,0,0
CUST027933,0.0759,0,0
CUST042114,0.0884,0,0
CUST041288,0.0672,0,0
CUST018599,0.0889,0,0
CUST036971,0.6888,1,0
CUST002069,0.4088,0,0
CUST047537,0.159,0,0
CUST011438,0.1416,0,0
CUST044520,0.059,0,0
CUST016798,0.8893,1,0
CUST010539,0.0998,0,0
CUST017899,0.247,0,0
CUST026746,0.0801,0,0
CUST033750,0.0822,0,0
CUST006487,0.0896,0,0
CUST024056,0.156,0,0
CUST012411,0.5673,1,0
CUST043422,0.103,0,0
CUST001790,0.0688,0,0
CUST042186,0.0675,0,0
CUST033972,0.4929,0,0
CUST043614,0.0827,0,0
CUST012448,0.433,0,0
CUST026957,0.3347,0,0
CUST049648,0.2438,0,0
CUST035071,0.3929,0,0
CUST013489,0.66,1,0
CUST045283,0.0397,0,0
CUST046274,0.157,0,0
CUST042831,0.0924,0,0
CUST046068,0.5491,1,0
CUST006986,0.0874,0,0
CUST024631,0.1047,0,0
CUST029323,0.8737,1,0
CUST012188,0.3133,0,0
CUST033026,0.0715,0,0
CUST012860,0.4,0,0
CUST018558,0.1111,0,0
CUST048514,0.0515,0,0
CUST019987,0.1156,0,0
CUST048301,0.0872,0,0
CUST028422,0.0866,0,0
CUST033359,0.3979,0,0
CUST006835,0.0693,0,0
CUST027638,0.1,0,0
CUST019966,0.2866,0,0
CUST014623,0.4104,0,0
CUST004431,0.0807,0,0
CUST005931,0.8118,1,0
CUST035526,0.062,0,0
CUST033109,0.8991,1,1
CUST027154,0.074,0,0
CUST041467,0.0845,0,0
CUST034082,0.0676,0,0
CUST014159,0.1728,0,0
CUST018470,0.433,0,0
CUST035581,0.1171,0,0
CUST047512,0.8797,1,0
CUST008753,0.0883,0,0
CUST031205,0.101,0,0
CUST005596,0.3333,0,0
CUST007670,0.2861,0,0
CUST043967,0.2889,0,0
CUST039634,0.6788,1,0
CUST045525,0.5773,1,0
CUST005988,0.0675,0,0
CUST022930,0.0698,0,0
CUST044335,0.2589,0,0
CUST001890,0.049,0,0
CUST028685,0.0457,0,0
CUST033049,0.1285,0,0
CUST013250,0.1776,0,0
CUST020468,0.0795,0,0
CUST034819,0.1291,0,0
CUST027671,0.8991,1,1
CUST046896,0.2202,0,0
CUST048884,0.1088,0,0
CUST003975,0.0488,0,0
CUST009153,0.8656,1,1
CUST014570,0.2354,0,0
CUST040200,0.0525,0,0
CUST023466,0.8626,1,1
CUST041449,0.0754,0,0
CUST025739,0.2133,0,0
CUST004581,0.7549,1,0
CUST027053,0.0504,0,0
CUST032285,0.1851,0,0
CUST013883,0.0431,0,0
CUST045632,0.0941,0,0
CUST047399,0.103,0,0
CUST022350,0.2996,0,0
CUST033012,0.0722,0,0
CUST013394,0.0708,0,0
CUST029693,0.321,0,0
CUST013288,0.1926,0,0
CUST030006,0.0742,0,0
CUST021203,0.0757,0,0
CUST035278,0.5063,1,0
CUST014840,0.0661,0,0
CUST049789,0.3354,0,0
CUST038569,0.2133,0,0
CUST009650,0.3742,0,0
CUST027930,0.7132,1,0
CUST036765,0.8164,1,0
CUST022913,0.2415,0,0
CUST024966,0.1867,0,0
CUST039300,0.077,0,0
CUST011566,0.9294,1,1
CUST034843,0.0517,0,0
CUST018934,0.0689,0,0
CUST007970,0.0417,0,0
CUST011697,0.06,0,0
CUST024770,0.6002,1,0
CUST048710,0.7756,1,0
CUST045343,0.0444,0,0
CUST034345,0.0437,0,0
CUST003861,0.2113,0,0
CUST015752,0.1784,0,0
CUST015048,0.123,0,0
CUST000521,0.8044,1,0
CUST013551,0.1839,0,0
CUST002039,0.0758,0,0
CUST018015,0.0594,0,0
CUST023843,0.2224,0,0
CUST039619,0.1347,0,0
CUST023272,0.0675,0,0
CUST036086,0.1213,0,0
CUST027274,0.2653,0,0
CUST010073,0.6077,1,0
CUST004604,0.048,0,0
CUST018697,0.0549,0,0
CUST015955,0.0486,0,0
CUST002671,0.3718,0,0
CUST037412,0.0724,0,0
CUST002835,0.4585,0,0
CUST039951,0.062,0,0
CUST025449,0.1139,0,0
CUST005375,0.0836,0,0
CUST040829,0.1528,0,0
CUST040240,0.0597,0,0
CUST007741,0.069,0,0
CUST034336,0.2052,0,0
CUST039242,0.1411,0,0
CUST047649,0.1051,0,0
CUST002537,0.3463,0,0
CUST045215,0.5301,1,0
CUST008127,0.7657,1,0
CUST018176,0.6247,1,0
CUST004596,0.0753,0,0
CUST039292,0.0863,0,0
CUST032480,0.0667,0,0
CUST038646,0.6297,1,0
CUST027223,0.0425,0,0
CUST002782,0.7738,1,0
CUST015159,0.2116,0,0
CUST046333,0.756,1,0
CUST017392,0.2219,0,0
CUST037039,0.4092,0,0
CUST035410,0.0571,0,0
CUST048561,0.0398,0,0
CUST014956,0.1127,0,0
CUST006957,0.2833,0,0
CUST028154,0.3133,0,0
CUST003687,0.0641,0,0
CUST045424,0.925,1,0
CUST018173,0.1937,0,0
CUST031421,0.7043,1,0
CUST021220,0.8493,1,0
CUST013539,0.3277,0,0
CUST000014,0.0726,0,0
CUST002371,0.4076,0,0
CUST013965,0.1537,0,0
CUST034491,0.7077,1,0
CUST028115,0.0753,0,0
CUST042090,0.0552,0,0
CUST010467,0.2661,0,0
CUST041950,0.1415,0,0
CUST022522,0.0675,0,0
CUST000605,0.1628,0,0
CUST021464,0.2821,0,0
CUST011141,0.1001,0,0
CUST028222,0.092,0,0
CUST049554,0.8879,1,0
CUST026409,0.1668,0,0
CUST008665,0.0806,0,0
CUST001962,0.1061,0,0
CUST004030,0.4061,0,0
CUST035272,0.8717,1,0
CUST047710,0.1548,0,0
CUST027342,0.0759,0,0
CUST031424,0.0726,0,0
CUST011852,0.0585,0,0
CUST008580,0.0698,0,0
CUST022751,0.0738,0,0
CUST047726,0.0667,0,0
CUST013201,0.2262,0,0
CUST034563,0.2506,0,0
CUST027803,0.1029,0,0
CUST017271,0.055,0,0
CUST012040,0.0438,0,0
CUST041768,0.1957,0,0
CUST023949,0.4387,0,0
CUST003217,0.1298,0,0
CUST014909,0.244,0,0
CUST046178,0.0676,0,0
CUST034383,0.0583,0,0
CUST013134,0.1537,0,0
CUST020136,0.7253,1,0
CUST033804,0.2173,0,0
CUST033553,0.2465,0,0
CUST048383,0.3229,0,0
CUST004717,0.4425,0,0
CUST040589,0.5969,1,0
CUST032752,0.0622,0,0
CUST011548,0.3944,0,0
CUST033398,0.2676,0,0
CUST016489,0.2524,0,0
CUST011191,0.4471,0,0
CUST014970,0.0753,0,0
CUST006915,0.1212,0,0
CUST024504,0.9239,1,1
CUST045538,0.0675,0,0
CUST010561,0.0515,0,0
CUST028162,0.6051,1,1
CUST047497,0.0553,0,0
CUST005905,0.5963,1,0
CUST015808,0.2842,0,0
CUST006821,0.2685,0,0
CUST021031,0.3012,0,0
CUST002733,0.0507,0,0
CUST020760,0.3351,0,0
CUST010270,0.0578,0,0
CUST016285,0.2314,0,0
CUST048843,0.2065,0,0
CUST032771,0.1642,0,0
CUST029214,0.0632,0,0
CUST046813,0.1722,0,0
CUST002723,0.0467,0,0
CUST010039,0.1085,0,0
CUST027435,0.0674,0,0
CUST013040,0.1029,0,0
CUST045437,0.0672,0,0
CUST044590,0.2229,0,0
CUST015554,0.1395,0,0
CUST036056,0.1192,0,0
CUST033812,0.5422,1,0
CUST011089,0.753,1,0
CUST024049,0.0564,0,0
CUST046463,0.8986,1,0
CUST018107,0.2031,0,0
CUST036812,0.0675,0,0
CUST010817,0.0914,0,0
CUST021855,0.1124,0,0
CUST033255,0.5213,1,0
CUST007537,0.0742,0,0
CUST017576,0.8326,1,0
CUST041015,0.0478,0,0
CUST005583,0.1743,0,0
CUST049424,0.0483,0,0
CUST003623,0.0805,0,0
CUST043028,0.068,0,0
CUST021892,0.0771,0,0
CUST047780,0.0922,0,0
CUST044496,0.1456,0,0
CUST023218,0.7326,1,0
CUST002353,0.8278,1,0
CUST020822,0.0542,0,0
CUST011183,0.5104,1,0
CUST048393,0.0727,0,0
CUST046156,0.7789,1,0
CUST045251,0.0931,0,0
CUST040980,0.123,0,0
CUST027232,0.0585,0,0
CUST011509,0.8322,1,0
CUST045231,0.1801,0,0
CUST043103,0.0652,0,0
CUST018127,0.0983,0,0
CUST045505,0.0362,0,0
CUST004271,0.0989,0,0
CUST028502,0.1995,0,0
CUST026608,0.0549,0,0
CUST042817,0.0675,0,0
CUST019662,0.0915,0,0
CUST021172,0.8991,1,1
CUST045284,0.0496,0,0
CUST042837,0.155,0,0
CUST037383,0.0432,0,0
CUST002086,0.0349,0,0
CUST012208,0.1441,0,0
CUST045683,0.3075,0,0
CUST030474,0.1464,0,0
CUST015633,0.0734,0,0
CUST003966,0.1364,0,0
CUST017440,0.7701,1,0
CUST032434,0.6272,1,0
CUST006240,0.8124,1,1
CUST000243,0.091,0,0
CUST002859,0.1684,0,0
CUST004936,0.0531,0,0
CUST045445,0.1326,0,0
CUST001290,0.0675,0,0
CUST042590,0.1206,0,0
CUST008330,0.7283,1,0
CUST035409,0.0947,0,0
CUST038734,0.0844,0,0
CUST019699,0.1671,0,0
CUST031195,0.1176,0,0
CUST024423,0.1007,0,0
CUST015438,0.0532,0,0
CUST030693,0.6833,1,0
CUST026857,0.1782,0,0
CUST002787,0.2585,0,0
CUST010148,0.7345,1,0
CUST009228,0.306,0,0
CUST031570,0.2463,0,0
CUST032369,0.7786,1,0
CUST016717,0.1036,0,0
CUST001997,0.1274,0,0
CUST003583,0.2091,0,0
CUST049054,0.0788,0,0
CUST047909,0.3818,0,0
CUST020286,0.0495,0,0
CUST022924,0.1073,0,0
CUST008653,0.1717,0,0
CUST047155,0.0675,0,0
CUST008888,0.1498,0,0
CUST015262,0.121,0,0
CUST047801,0.2047,0,0
CUST023468,0.0459,0,0
CUST006234,0.6978,1,0
CUST005991,0.7916,1,0
CUST004001,0.0711,0,0
CUST028132,0.0869,0,0
CUST043264,0.0862,0,0
CUST033077,0.5593,1,0
CUST015271,0.0431,0,0
CUST045582,0.0675,0,0
CUST005384,0.7485,1,0
CUST011634,0.0889,0,0
CUST025303,0.1923,0,0
CUST031957,0.5202,1,0
CUST048166,0.066,0,0
CUST048529,0.4092,0,0
CUST016670,0.0436,0,0
CUST043675,0.0697,0,0
CUST026983,0.0677,0,0
CUST042580,0.4172,0,0
CUST046865,0.8567,1,1
CUST006844,0.5988,1,0
CUST008536,0.0675,0,0
CUST026854,0.1161,0,0
CUST010208,0.059,0,0
CUST002126,0.0675,0,0
CUST044064,0.0975,0,0
CUST027777,0.0762,0,0
CUST035011,0.3672,0,0
CUST025919,0.3278,0,0
CUST006392,0.0713,0,0
CUST006901,0.6414,1,0
CUST014197,0.0826,0,0
CUST000221,0.0411,0,0
CUST002620,0.1824,0,0
CUST019240,0.5593,1,0
CUST027525,0.0719,0,0
CUST035933,0.0752,0,0
CUST020325,0.1097,0,0
CUST048222,0.1136,0,0
CUST016737,0.0522,0,0
CUST007896,0.5555,1,0
CUST011335,0.058,0,0
CUST027132,0.0753,0,0
CUST045212,0.1439,0,0
CUST039695,0.7669,1,0
CUST008122,0.8824,1,1
CUST000453,0.0478,0,0
CUST004146,0.0412,0,0
CUST003799,0.1181,0,0
CUST042306,0.272,0,0
CUST009460,0.7523,1,0
CUST003987,0.2095,0,0
CUST020257,0.5813,1,0
CUST038045,0.1604,0,0
CUST017434,0.0753,0,0
CUST002864,0.4334,0,0
CUST016224,0.0715,0,0
CUST031267,0.1178,0,0
CUST006779,0.0998,0,0
CUST044510,0.4786,0,0
CUST045291,0.6369,1,0
CUST025781,0.0912,0,0
CUST039657,0.0978,0,0
CUST014468,0.4779,0,0
CUST034227,0.1299,0,0
CUST005981,0.1546,0,0
CUST044294,0.2587,0,0
CUST001238,0.5928,1,0
CUST005771,0.1333,0,0
CUST039743,0.9039,1,1
CUST022271,0.3192,0,0
CUST030665,0.0824,0,0
CUST043837,0.0665,0,0
CUST039980,0.0753,0,0
CUST012546,0.6471,1,0
CUST016024,0.1026,0,0
CUST015256,0.4092,0,0
CUST020419,0.8877,1,0
CUST044425,0.2899,0,0
CUST048118,0.072,0,0
CUST001648,0.2081,0,0
CUST049009,0.0838,0,0
CUST007203,0.0592,0,0
CUST001218,0.4248,0,0
CUST042444,0.1376,0,0
CUST046841,0.0748,0,0
CUST008299,0.2483,0,0
CUST047179,0.1757,0,0
CUST010608,0.1492,0,0
CUST043877,0.8561,1,0
CUST033666,0.0771,0,0
CUST032542,0.0946,0,0
CUST037999,0.1232,0,0
CUST049279,0.0374,0,0
CUST024953,0.8101,1,0
CUST043615,0.7196,1,1
CUST023392,0.1636,0,0
CUST009839,0.0412,0,0
CUST035439,0.2061,0,0
CUST003843,0.0504,0,0
CUST020453,0.1392,0,0
CUST042981,0.176,0,0
CUST015868,0.1613,0,0
CUST024511,0.137,0,0
CUST026304,0.2442,0,0
CUST023787,0.0799,0,0
CUST034233,0.0457,0,0
CUST015417,0.0504,0,0
CUST014749,0.3886,0,0
CUST002595,0.5836,1,0
CUST042788,0.0525,0,0
CUST018708,0.3302,0,0
CUST031508,0.1042,0,0
CUST016216,0.1047,0,0
CUST017587,0.6791,1,0
CUST033280,0.091,0,0
CUST035395,0.887,1,0
CUST046640,0.0623,0,0
CUST018191,0.4713,0,0
CUST016715,0.0656,0,0
CUST015555,0.4043,0,0
CUST045509,0.0802,0,0
CUST041031,0.6392,1,0
CUST024372,0.1759,0,0
CUST022844,0.0935,0,0
CUST001718,0.163,0,0
CUST047576,0.6388,1,0
CUST046864,0.0652,0,0
CUST048461,0.6986,1,0
CUST040901,0.1169,0,0
CUST048890,0.0483,0,0
CUST041143,0.6843,1,0
CUST004870,0.0604,0,0
CUST049903,0.0563,0,0
CUST006206,0.2055,0,0
CUST049862,0.1808,0,0
CUST018721,0.3003,0,0
CUST009529,0.119,0,0
CUST021438,0.102,0,0
CUST045732,0.1094,0,0
CUST030418,0.1409,0,0
CUST047457,0.0903,0,0
CUST003561,0.0414,0,0
CUST042576,0.317,0,0
CUST032393,0.1115,0,0
CUST046763,0.3687,0,0
CUST026176,0.1809,0,0
CUST001803,0.0571,0,0
CUST005796,0.3389,0,0
CUST033969,0.0898,0,0
CUST043947,0.8352,1,0
CUST010356,0.8084,1,0
CUST045027,0.0636,0,0
CUST002735,0.12,0,0
CUST008939,0.8991,1,0
CUST017063,0.0728,0,0
CUST012545,0.0524,0,0
CUST023807,0.0646,0,0
CUST032781,0.606,1,0
CUST018679,0.591,1,0
CUST031144,0.7428,1,0
CUST038083,0.6773,1,0
CUST007300,0.0613,0,0
CUST003991,0.0971,0,0
CUST032955,0.0654,0,0
CUST043136,0.4299,0,0
CUST021820,0.2265,0,0
CUST006435,0.0675,0,0
CUST024905,0.6431,1,0
CUST006965,0.3905,0,0
CUST028394,0.8991,1,0
CUST011724,0.1478,0,0
CUST015314,0.4684,0,0
CUST039321,0.426,0,0
CUST038895,0.852,1,0
CUST046325,0.0511,0,0
CUST016404,0.3706,0,0
CUST048554,0.0726,0,0
CUST026551,0.049,0,0
CUST041034,0.6587,1,0
CUST001434,0.2035,0,0
CUST008518,0.0576,0,0
CUST006299,0.0495,0,0
CUST025714,0.4622,0,0
CUST011479,0.0748,0,0
CUST024047,0.0716,0,0
CUST044390,0.0552,0,0
CUST010409,0.8656,1,0
CUST008495,0.1149,0,0
CUST037034,0.6788,1,0
CUST034230,0.0753,0,0
CUST041206,0.0488,0,0
CUST046190,0.068,0,0
CUST007905,0.1001,0,0
CUST036825,0.0663,0,0
CUST032232,0.1268,0,0
CUST008854,0.3744,0,0
CUST002209,0.852,1,1
CUST015172,0.1118,0,0
CUST004894,0.2584,0,0
CUST049585,0.2802,0,0
CUST042206,0.0421,0,0
CUST009480,0.0574,0,0
CUST017581,0.3628,0,0
CUST044930,0.1369,0,0
CUST029994,0.7338,1,0
CUST014409,0.8919,1,1
CUST008636,0.173,0,0
CUST039839,0.1031,0,0
CUST027384,0.0425,0,0
CUST008895,0.1813,0,0
CUST040487,0.5678,1,1
CUST023823,0.177,0,0
CUST035250,0.0894,0,0
CUST015764,0.1547,0,0
CUST025265,0.3605,0,0
CUST033909,0.1257,0,0
CUST021500,0.0703,0,0
CUST039717,0.093,0,0
CUST022554,0.13,0,0
CUST040628,0.0745,0,0
CUST010127,0.6967,1,0
CUST002176,0.0496,0,0
CUST045114,0.0635,0,0
CUST019599,0.1309,0,0
CUST010045,0.074,0,0
CUST030392,0.0619,0,0
CUST030211,0.8498,1,0
CUST027824,0.1518,0,0
CUST014954,0.0804,0,0
CUST041004,0.4763,0,0
CUST020746,0.6082,1,0
CUST039987,0.6717,1,1
CUST013346,0.4659,0,0
CUST034518,0.5665,1,0
CUST038473,0.1796,0,0
CUST035023,0.592,1,0
CUST047123,0.218,0,0
CUST019379,0.4461,0,0
CUST018845,0.8022,1,0
CUST033236,0.0668,0,0
CUST045565,0.4396,0,0
CUST032983,0.1438,0,0
CUST043008,0.0727,0,0
CUST044240,0.0848,0,0
CUST010958,0.3554,0,0
CUST004846,0.0784,0,0
CUST042919,0.099,0,0
CUST007744,0.4724,0,0
CUST019279,0.1412,0,0
CUST001847,0.1041,0,0
CUST012589,0.0452,0,0
CUST010847,0.6476,1,0
CUST002819,0.7363,1,0
CUST049532,0.1231,0,0
CUST007093,0.0474,0,0
CUST044258,0.0733,0,0
CUST001627,0.1,0,0
CUST018747,0.0572,0,0
CUST030933,0.6005,1,0
CUST025804,0.2562,0,0
CUST017756,0.5163,1,0
CUST038788,0.1212,0,0
CUST049481,0.1112,0,0
CUST039700,0.0448,0,0
CUST011441,0.0497,0,0
CUST046912,0.0854,0,0
CUST026344,0.0525,0,0
CUST045745,0.4995,0,0
CUST007523,0.1531,0,0
CUST011436,0.0391,0,0
CUST034973,0.0594,0,0
CUST042153,0.5159,1,0
CUST047589,0.1227,0,0
CUST032224,0.052,0,0
CUST015081,0.6258,1,0
CUST006335,0.3005,0,0
CUST002872,0.7886,1,1
CUST011354,0.4583,0,0
CUST034164,0.0639,0,0
CUST004169,0.0789,0,0
CUST029988,0.716,1,0
CUST008311,0.126,0,0
CUST033892,0.5114,1,0
CUST005045,0.075,0,0
CUST016417,0.5884,1,0
CUST018047,0.2773,0,0
CUST040885,0.1444,0,0
CUST002957,0.0604,0,0
CUST028550,0.0882,0,0
CUST036271,0.0834,0,0
CUST039554,0.8232,1,1
CUST009440,0.1255,0,0
CUST019632,0.0538,0,0
CUST029299,0.8029,1,0
CUST031023,0.4339,0,0
CUST016167,0.0935,0,0
CUST036209,0.3818,0,0
CUST035508,0.1491,0,0
CUST038157,0.1084,0,0
CUST041082,0.0603,0,0
CUST020301,0.5991,1,0
CUST042168,0.0396,0,0
CUST010093,0.0576,0,0
CUST005670,0.2761,0,0
CUST006999,0.0778,0,1
CUST037711,0.0616,0,0
CUST017771,0.0475,0,0
CUST005390,0.078,0,0
CUST038854,0.1954,0,0
CUST030673,0.4067,0,0
CUST043307,0.0546,0,0
CUST007241,0.5183,1,0
CUST001845,0.3248,0,0
CUST014989,0.043,0,0
CUST028603,0.061,0,0
CUST043812,0.0574,0,0
CUST036413,0.2504,0,0
CUST047736,0.2228,0,0
CUST046376,0.0673,0,0
CUST004825,0.5331,1,0
CUST000955,0.0578,0,0
CUST000846,0.195,0,0
CUST007415,0.0716,0,0
CUST043026,0.1267,0,0
CUST026580,0.6817,1,0
CUST019841,0.2484,0,0
CUST033548,0.1729,0,0
CUST037729,0.4329,0,0
CUST041965,0.0986,0,0
CUST032372,0.7978,1,0
CUST013598,0.3978,0,0
CUST022445,0.4417,0,0
CUST013235,0.2743,0,0
CUST004912,0.1967,0,0
CUST036259,0.5014,1,0
CUST021570,0.4005,0,0
CUST002370,0.0519,0,0
CUST044528,0.1491,0,0
CUST034239,0.4716,0,0
CUST014876,0.1764,0,0
CUST040290,0.6949,1,0
CUST005875,0.1184,0,0
CUST004239,0.3415,0,0
CUST031367,0.2793,0,0
CUST032909,0.2995,0,0
CUST039918,0.0789,0,0
CUST018872,0.2295,0,0
CUST020173,0.0771,0,0
CUST006154,0.0817,0,0
CUST029734,0.0708,0,0
CUST028037,0.1296,0,0
CUST019634,0.3204,0,0
CUST042973,0.3974,0,0
CUST004419,0.2091,0,0
CUST011959,0.1528,0,0
CUST048341,0.1649,0,0
CUST001003,0.3183,0,0
CUST035426,0.1863,0,0
CUST038233,0.1528,0,0
CUST026555,0.0787,0,0
CUST045083,0.1234,0,0
CUST002631,0.4562,0,0
CUST025066,0.0567,0,0
CUST001019,0.1406,0,0
CUST038543,0.1056,0,0
CUST033788,0.7945,1,0
CUST023120,0.2302,0,0
CUST047679,0.0753,0,0
CUST003435,0.152,0,0
CUST032432,0.855,1,0
CUST006815,0.5346,1,0
CUST043354,0.317,0,0
CUST011111,0.5963,1,0
CUST006466,0.1015,0,0
CUST014968,0.141,0,0
CUST028379,0.0838,0,0
CUST009482,0.4519,0,0
CUST022939,0.0829,0,0
CUST026713,0.0832,0,0
CUST049861,0.1085,0,0
CUST000304,0.0692,0,0
CUST024552,0.4626,0,0
CUST003908,0.1291,0,0
CUST038799,0.6005,1,0
CUST006702,0.0628,0,0
CUST027974,0.0951,0,0
CUST049656,0.0788,0,0
CUST019971,0.0478,0,0
CUST003169,0.1568,0,0
CUST048619,0.067,0,0
CUST009827,0.0479,0,0
CUST016501,0.614,1,0
CUST018072,0.0591,0,0
CUST045439,0.0431,0,0
CUST005371,0.8357,1,0
CUST042171,0.1146,0,0
CUST025701,0.0958,0,0
CUST044729,0.1626,0,0
CUST036023,0.0641,0,0
CUST036642,0.0675,0,0
CUST020894,0.5183,1,0
CUST044228,0.142,0,0
CUST003237,0.088,0,0
CUST028031,0.1697,0,0
CUST033184,0.702,1,0
CUST011311,0.8126,1,0
CUST020571,0.1313,0,0
CUST048650,0.0719,0,0
CUST005974,0.2506,0,0
CUST003974,0.4425,0,0
CUST046638,0.754,1,0
CUST038404,0.059,0,0
CUST022867,0.0419,0,0
CUST007362,0.0725,0,0
CUST012861,0.1171,0,0
CUST031365,0.0981,0,0
CUST019533,0.0869,0,0
CUST016940,0.8386,1,0
CUST031769,0.1146,0,0
CUST033869,0.3166,0,0
CUST046919,0.0884,0,0
CUST020403,0.0658,0,0
CUST025834,0.5912,1,0
CUST042292,0.1979,0,0
CUST029258,0.3056,0,0
CUST040558,0.1226,0,0
CUST046380,0.0581,0,0
CUST027183,0.2029,0,0
CUST009496,0.8915,1,0
CUST011284,0.8911,1,0
CUST023521,0.1702,0,0
CUST024259,0.1024,0,0
CUST015678,0.0964,0,0
CUST015632,0.2168,0,0
CUST041425,0.1222,0,0
CUST023347,0.0702,0,0
CUST046451,0.6434,1,0
CUST020982,0.8991,1,1
CUST030557,0.044,0,0
CUST029363,0.1597,0,0
CUST042470,0.0679,0,0
CUST042797,0.1253,0,0
CUST038936,0.8102,1,0
CUST040844,0.0611,0,0
CUST012449,0.0537,0,0
CUST024752,0.7124,1,0
CUST049552,0.0836,0,0
CUST032339,0.852,1,0
CUST041707,0.0408,0,0
CUST003025,0.0824,0,0
CUST024775,0.0879,0,0
CUST001352,0.423,0,0
CUST016010,0.8991,1,0
CUST006411,0.2779,0,0
CUST007669,0.1044,0,0
CUST006294,0.1282,0,0
CUST006225,0.3843,0,0
CUST006185,0.0716,0,0
CUST015105,0.1021,0,0
CUST024418,0.2763,0,0
CUST022803,0.3459,0,0
CUST018525,0.4044,0,0
CUST040814,0.3286,0,0
CUST000606,0.8881,1,0
CUST027841,0.0607,0,0
CUST033401,0.6975,1,1
CUST028400,0.3023,0,0
CUST016357,0.3475,0,0
CUST046657,0.0867,0,0
CUST028672,0.0526,0,0
CUST001209,0.0708,0,0
CUST049085,0.04,0,0
CUST026468,0.0741,0,0
CUST035612,0.5445,1,0
CUST026960,0.1392,0,0
CUST015055,0.1984,0,0
CUST002491,0.1975,0,0
CUST041202,0.4237,0,0
CUST010436,0.3346,0,0
CUST049008,0.0799,0,0
CUST003285,0.1046,0,0
CUST029233,0.071,0,0
CUST011300,0.0693,0,0
CUST025521,0.2387,0,0
CUST009880,0.0468,0,0
CUST042888,0.0675,0,0
CUST046298,0.2479,0,0
CUST006350,0.1328,0,0
CUST001182,0.4739,0,0
CUST003728,0.9009,1,0
CUST010031,0.0753,0,0
CUST028384,0.1322,0,0
CUST032083,0.5805,1,0
CUST027325,0.2133,0,0
CUST028232,0.0928,0,0
CUST044947,0.3518,0,0
CUST046247,0.8898,1,0
CUST041881,0.0958,0,0
CUST035902,0.1741,0,0
CUST016515,0.0857,0,0
CUST009240,0.1265,0,0
CUST042408,0.6949,1,0
CUST008331,0.0744,0,0
CUST042330,0.4043,0,0
CUST041994,0.079,0,0
CUST044280,0.082,0,0
CUST045234,0.1129,0,0
CUST032249,0.0767,0,0
CUST003997,0.1031,0,0
CUST013766,0.0673,0,0
CUST004882,0.0677,0,0
CUST013911,0.2123,0,0
CUST046008,0.0584,0,0
CUST020114,0.2005,0,0
CUST012610,0.0613,0,0
CUST019532,0.0722,0,0
CUST017716,0.2261,0,0
CUST040711,0.321,0,0
CUST032199,0.0741,0,0
CUST026129,0.0478,0,0
CUST020973,0.138,0,0
CUST048758,0.0653,0,0
CUST003770,0.0861,0,0
CUST015691,0.2971,0,0
CUST021493,0.0457,0,0
CUST003957,0.0685,0,0
CUST042261,0.515,1,0
CUST032486,0.064,0,0
CUST018536,0.0739,0,0
CUST049070,0.0483,0,0
CUST035735,0.1801,0,0
CUST034757,0.0537,0,0
CUST042483,0.0609,0,0
CUST002890,0.083,0,0
CUST011269,0.0724,0,0
CUST004806,0.0779,0,0
CUST038801,0.0568,0,0
CUST003204,0.0818,0,0
CUST033028,0.1175,0,0
CUST042311,0.1139,0,0
CUST029858,0.5026,1,0
CUST041524,0.1089,0,0
CUST040697,0.4966,0,0
CUST011785,0.5011,1,0
CUST025081,0.071,0,0
CUST017560,0.8081,1,0
CUST017585,0.1666,0,0
CUST021624,0.1327,0,0
CUST015434,0.051,0,0
CUST030838,0.1145,0,0
CUST005559,0.0679,0,0
CUST039211,0.8528,1,1
CUST019977,0.0648,0,0
CUST012029,0.2287,0,0
CUST006012,0.0895,0,0
CUST034633,0.0574,0,0
CUST032562,0.0675,0,0
CUST026418,0.4645,0,0
CUST017704,0.0596,0,0
CUST037370,0.5678,1,0
CUST032559,0.0981,0,0
CUST013215,0.1278,0,0
CUST045790,0.6095,1,0
CUST016487,0.1352,0,0
CUST005960,0.0492,0,0
CUST040662,0.6063,1,0
CUST012117,0.0582,0,0
CUST003727,0.2028,0,0
CUST049842,0.0734,0,0
CUST014539,0.1756,0,0
CUST034296,0.5794,1,0
CUST044814,0.0598,0,0
CUST042574,0.542,1,0
CUST027193,0.2807,0,0
CUST003598,0.1162,0,0
CUST003912,0.1164,0,0
CUST030193,0.6293,1,0
CUST001784,0.0728,0,0
CUST039793,0.1236,0,0
CUST049786,0.9005,1,0
CUST038688,0.2496,0,0
CUST044204,0.3595,0,0
CUST019256,0.6407,1,0
CUST037101,0.0585,0,0
CUST014305,0.3498,0,0
CUST039199,0.7046,1,0
CUST000756,0.0952,0,0
CUST015784,0.1261,0,0
CUST041222,0.0446,0,0
CUST036242,0.0753,0,0
CUST035861,0.2131,0,0
CUST016797,0.2009,0,0
CUST042315,0.1769,0,0
CUST037595,0.8869,1,0
CUST044198,0.0756,0,0
CUST049235,0.0587,0,0
CUST023361,0.064,0,0
CUST029656,0.7159,1,0
CUST018041,0.0633,0,0
CUST036644,0.0749,0,0
CUST016488,0.0689,0,0
CUST017820,0.0746,0,0
CUST031666,0.0398,0,0
CUST011853,0.181,0,0
CUST039877,0.1408,0,0
CUST015006,0.0715,0,0
CUST043411,0.2614,0,0
CUST024381,0.1763,0,0
CUST039451,0.8908,1,0
CUST004697,0.2152,0,0
CUST041680,0.8991,1,0
CUST031765,0.0735,0,0
CUST002623,0.058,0,0
CUST048470,0.1074,0,0
CUST021706,0.1351,0,0
CUST021663,0.2261,0,0
CUST019745,0.0716,0,0
CUST001985,0.1308,0,0
CUST040951,0.6739,1,0
CUST019845,0.0619,0,0
CUST022307,0.0887,0,0
CUST001327,0.0583,0,0
CUST040288,0.6192,1,0
CUST028586,0.1832,0,0
CUST024211,0.1665,0,0
CUST016924,0.8095,1,1
CUST039109,0.908,1,1
CUST031651,0.4638,0,0
CUST039840,0.1514,0,0
CUST007315,0.0685,0,0
CUST036367,0.0675,0,0
CUST044844,0.7299,1,0
CUST047738,0.6878,1,1
CUST000311,0.0663,0,0
CUST033158,0.2687,0,0
CUST002046,0.1892,0,0
CUST017647,0.4692,0,0
CUST020383,0.0784,0,0
CUST043473,0.0853,0,0
CUST000116,0.0436,0,0
CUST010440,0.6206,1,0
CUST046608,0.2963,0,0
CUST040943,0.4425,0,0
CUST019955,0.4406,0,0
CUST020660,0.3974,0,0
CUST025657,0.2911,0,0
CUST037684,0.3205,0,0
CUST022656,0.1006,0,0
CUST029419,0.4425,0,0
CUST036379,0.055,0,0
CUST024873,0.8919,1,0
CUST023372,0.4312,0,0
CUST042446,0.0891,0,0
CUST045396,0.3257,0,0
CUST029284,0.4596,0,0
CUST014229,0.596,1,1
CUST046186,0.0746,0,0
CUST009679,0.2477,0,0
CUST043321,0.0852,0,0
CUST023599,0.0795,0,0
CUST006948,0.1985,0,0
CUST029249,0.5794,1,0
CUST000738,0.1475,0,0
CUST028876,0.0539,0,0
CUST045191,0.4126,0,0
CUST045451,0.075,0,0
CUST009563,0.0483,0,0
CUST013403,0.1943,0,0
CUST025090,0.1095,0,0
CUST024135,0.1023,0,0
CUST047569,0.1106,0,0
CUST033637,0.0951,0,0
CUST035884,0.2589,0,0
CUST037953,0.0854,0,0
CUST006153,0.0981,0,0
CUST014604,0.0717,0,0
CUST041989,0.8712,1,0
CUST035182,0.1009,0,0
CUST045687,0.4313,0,0
CUST011981,0.2539,0,0
CUST018234,0.1036,0,0
CUST047672,0.0675,0,0
CUST028886,0.096,0,0
CUST038600,0.0647,0,0
CUST004364,0.0662,0,0
CUST003391,0.6372,1,0
CUST039806,0.8326,1,0
CUST000163,0.1699,0,0
CUST049163,0.0673,0,0
CUST007493,0.2852,0,0
CUST019147,0.0995,0,0
CUST042655,0.0668,0,0
CUST001590,0.2881,0,0
CUST038348,0.051,0,0
CUST012150,0.8231,1,0
CUST049847,0.0634,0,0
CUST046747,0.0742,0,0
CUST018242,0.0812,0,0
CUST012093,0.1102,0,0
CUST029532,0.5518,1,0
CUST010321,0.0429,0,0
CUST008243,0.0746,0,0
CUST049466,0.0673,0,0
CUST027049,0.1017,0,0
CUST037927,0.1419,0,0
CUST048084,0.6296,1,0
CUST040400,0.5928,1,0
CUST002946,0.0969,0,0
CUST022837,0.0714,0,0
CUST020150,0.0577,0,0
CUST008315,0.0934,0,0
CUST014421,0.4606,0,0
CUST012806,0.0561,0,0
CUST042229,0.5428,1,0
CUST048636,0.1178,0,0
CUST030587,0.709,1,0
CUST001753,0.1087,0,0
CUST011935,0.0877,0,0
CUST018435,0.0882,0,0
CUST045435,0.1188,0,0
CUST039810,0.0397,0,0
CUST030463,0.0836,0,0
CUST027273,0.0742,0,0
CUST028328,0.1505,0,0
CUST040210,0.693,1,0
CUST025843,0.0982,0,0
CUST032969,0.2553,0,0
CUST005037,0.1364,0,0
CUST028590,0.0675,0,0
CUST049671,0.6922,1,0
CUST004358,0.4154,0,0
CUST037560,0.2,0,0
CUST038340,0.7586,1,0
CUST026881,0.0832,0,0
CUST045978,0.3715,0,0
CUST048761,0.8473,1,0
CUST006700,0.0437,0,0
CUST021890,0.8705,1,1
CUST008801,0.1487,0,0
CUST037640,0.3016,0,0
CUST016971,0.1267,0,0
CUST008053,0.8437,1,0
CUST009867,0.704,1,0
CUST009971,0.1879,0,0
CUST027139,0.2007,0,0
CUST003112,0.0577,0,0
CUST019166,0.1255,0,0
CUST016990,0.128,0,0
CUST005714,0.0617,0,0
CUST022158,0.1085,0,0
CUST018578,0.2277,0,0
CUST018216,0.0693,0,0
CUST044460,0.8089,1,0
CUST000029,0.0489,0,0
CUST019349,0.1134,0,0
CUST044765,0.327,0,0
CUST014550,0.2547,0,0
CUST001828,0.0518,0,0
CUST037615,0.0593,0,0
CUST042486,0.3501,0,0
CUST011668,0.1981,0,0
CUST048832,0.5457,1,0
CUST011621,0.6024,1,0
CUST043212,0.0837,0,0
CUST009822,0.8206,1,1
CUST002721,0.077,0,0
CUST011131,0.055,0,0
CUST048803,0.4669,0,0
CUST030771,0.4694,0,0
CUST017892,0.0764,0,0
CUST021547,0.0473,0,0
CUST033678,0.0556,0,0
CUST008581,0.1816,0,0
CUST031969,0.0616,0,0
CUST026471,0.0832,0,0
CUST042094,0.433,0,0
CUST005048,0.6789,1,0
CUST029643,0.2921,0,0
CUST019776,0.4494,0,0
CUST041512,0.1108,0,0
CUST010166,0.0619,0,0
CUST043325,0.3032,0,0
CUST045482,0.1004,0,0
CUST001336,0.8103,1,1
CUST017824,0.0475,0,0
CUST006577,0.5963,1,0
CUST007603,0.2821,0,0
CUST022915,0.5213,1,0
CUST010654,0.0679,0,0
CUST014763,0.0753,0,0
CUST025312,0.2566,0,0
CUST031748,0.0876,0,0
CUST041217,0.4924,0,0
CUST028975,0.0854,0,0
CUST004439,0.1383,0,0
CUST025414,0.2557,0,0
CUST033516,0.0514,0,0
CUST038539,0.3903,0,0
CUST042423,0.0436,0,0
CUST034454,0.4004,0,0
CUST041077,0.0396,0,0
CUST002157,0.4676,0,0
CUST000018,0.405,0,0
CUST026675,0.4953,0,0
CUST000377,0.0434,0,0
CUST002363,0.0875,0,0
CUST038229,0.4136,0,0
CUST009503,0.1337,0,1
CUST028307,0.1264,0,0
CUST010809,0.1007,0,0
CUST022021,0.0955,0,0
CUST036100,0.064,0,0
CUST008056,0.1124,0,0
CUST041459,0.496,0,0
CUST042965,0.1132,0,0
CUST045179,0.0716,0,0
CUST022208,0.1154,0,0
CUST016171,0.3979,0,0
CUST015751,0.1614,0,0
CUST034605,0.7155,1,0
CUST038306,0.0759,0,0
CUST032040,0.0644,0,0
CUST035751,0.0675,0,0
CUST037386,0.1747,0,0
CUST016387,0.079,0,0
CUST005050,0.0535,0,0
CUST022395,0.7693,1,0
CUST009031,0.4421,0,0
CUST014727,0.8588,1,0
CUST045678,0.416,0,0
CUST028361,0.3289,0,0
CUST038588,0.0698,0,0
CUST009146,0.1102,0,0
CUST009151,0.0564,0,0
CUST033565,0.2848,0,0
CUST003831,0.0625,0,0
CUST044625,0.1328,0,0
CUST037689,0.1105,0,0
CUST012247,0.4732,0,0
CUST023482,0.4005,0,0
CUST016338,0.4342,0,0
CUST009184,0.6067,1,0
CUST006881,0.0581,0,0
CUST035768,0.0474,0,0
CUST034048,0.1215,0,0
CUST048297,0.0675,0,0
CUST030213,0.1696,0,0
CUST012846,0.8991,1,1
CUST042026,0.0727,0,0
CUST038843,0.075,0,0
CUST029415,0.8611,1,0
CUST034066,0.3608,0,0
CUST005828,0.0894,0,0
CUST028425,0.8096,1,0
CUST042046,0.1386,0,0
CUST009702,0.0585,0,0
CUST033503,0.0683,0,0
CUST031460,0.3292,0,0
CUST037816,0.8905,1,0
CUST016195,0.1353,0,0
CUST035746,0.1631,0,0
CUST010429,0.0753,0,0
CUST027634,0.7684,1,0
CUST038194,0.0833,0,0
CUST044536,0.7648,1,1
CUST021098,0.1039,0,0
CUST039817,0.5149,1,0
CUST020119,0.0748,0,0
CUST049450,0.1137,0,0
CUST006975,0.0649,0,0
CUST021320,0.7839,1,0
CUST001267,0.0674,0,0
CUST012767,0.5272,1,0
CUST009770,0.0398,0,0
CUST025042,0.5979,1,0
CUST024558,0.2045,0,0
CUST002307,0.0855,0,0
CUST008858,0.0564,0,0
CUST027761,0.041,0,0
CUST024388,0.1511,0,0
CUST047334,0.2232,0,0
CUST023954,0.1063,0,0
CUST002087,0.0776,0,0
CUST034604,0.417,0,0
CUST005352,0.5063,1,0
CUST021494,0.1464,0,0
CUST037419,0.7611,1,0
CUST006412,0.0866,0,0
CUST017538,0.5176,1,1
CUST025600,0.0607,0,0
CUST046285,0.3309,0,0
CUST032520,0.0576,0,0
CUST003428,0.5857,1,0
CUST041071,0.1173,0,0
CUST007924,0.0675,0,0
CUST013239,0.7924,1,0
CUST036886,0.0879,0,0
CUST047375,0.0781,0,0
CUST007130,0.4679,0,0
CUST027990,0.1133,0,0
CUST022921,0.1812,0,0
CUST027725,0.3097,0,0
CUST042952,0.2535,0,0
CUST018066,0.4787,0,0
CUST010140,0.0812,0,0
CUST009324,0.1518,0,0
CUST015416,0.1667,0,0
CUST011742,0.0578,0,0
CUST032867,0.0753,0,0
CUST039309,0.152,0,0
CUST013332,0.0665,0,0
CUST034762,0.0941,0,0
CUST000720,0.1146,0,0
CUST049028,0.0495,0,0
CUST031566,0.0485,0,0
CUST039637,0.1588,0,0
CUST017472,0.0609,0,0
CUST010374,0.6128,1,0
CUST033477,0.6574,1,0
CUST035622,0.0764,0,0
CUST022153,0.0908,0,0
CUST013455,0.1939,0,0
CUST043283,0.2166,0,0
CUST017209,0.3191,0,0
CUST003596,0.2585,0,0
CUST011255,0.0578,0,0
CUST048762,0.1351,0,0
CUST011522,0.1706,0,0
CUST038313,0.0942,0,0
CUST016157,0.1265,0,0
CUST015098,0.0913,0,0
CUST041468,0.135,0,0
CUST021520,0.2151,0,0
CUST009972,0.1131,0,0
CUST036043,0.1088,0,0
CUST041152,0.0777,0,0
CUST031014,0.2588,0,0
CUST001067,0.1493,0,0
CUST023612,0.0384,0,0
CUST021508,0.068,0,0
CUST020842,0.1337,0,0
CUST016335,0.0627,0,0
CUST006950,0.0829,0,0
CUST042097,0.1669,0,0
CUST001566,0.2631,0,0
CUST013111,0.0976,0,0
CUST029823,0.1829,0,0
CUST037375,0.0508,0,0
CUST030204,0.6647,1,0
CUST044060,0.1508,0,0
CUST001134,0.1628,0,0
CUST027574,0.1344,0,0
CUST012148,0.8799,1,0
CUST009601,0.1973,0,0
CUST005033,0.0997,0,0
CUST041840,0.0573,0,0
CUST032592,0.0473,0,0
CUST030802,0.5927,1,0
CUST018818,0.2047,0,0
CUST025882,0.0631,0,0
CUST047319,0.3271,0,0
CUST044296,0.0765,0,0
CUST047242,0.5752,1,0
CUST001480,0.8482,1,1
CUST020145,0.0786,0,0
CUST028316,0.0865,0,0
CUST028640,0.8219,1,0
CUST018663,0.6267,1,0
CUST034587,0.0541,0,0
CUST046009,0.0862,0,0
CUST026211,0.1288,0,0
CUST028196,0.0916,0,0
CUST023886,0.0553,0,0
CUST043848,0.6594,1,0
CUST010509,0.4573,0,0
CUST014315,0.2332,0,0
CUST024339,0.8107,1,0
CUST043973,0.3834,0,0
CUST022600,0.2466,0,0
CUST017082,0.3744,0,0
CUST029563,0.0569,0,0
CUST007283,0.6902,1,1
CUST003341,0.8861,1,0
CUST048459,0.0508,0,0
CUST042384,0.1816,0,0
CUST010812,0.1106,0,0
CUST041085,0.8159,1,1
CUST005779,0.1025,0,0
CUST033031,0.071,0,0
CUST012139,0.1346,0,0
CUST038106,0.6005,1,0
CUST023630,0.0385,0,0
CUST036231,0.0781,0,0
CUST027306,0.5515,1,0
CUST036809,0.6943,1,0
CUST041958,0.0654,0,0
CUST021964,0.2377,0,0
CUST046089,0.0815,0,0
CUST045176,0.0888,0,0
CUST026822,0.8131,1,0
CUST026179,0.6425,1,0
CUST033549,0.5459,1,0
CUST034134,0.1173,0,0
CUST000566,0.1762,0,0
CUST030446,0.0995,0,0
CUST028324,0.8112,1,1
CUST006792,0.7393,1,0
CUST001244,0.2791,0,0
CUST018978,0.0571,0,0
CUST005444,0.1562,0,0
CUST012084,0.0753,0,0
CUST016668,0.1196,0,0
CUST030511,0.0651,0,0
CUST013061,0.0848,0,0
CUST022409,0.1437,0,0
CUST008005,0.596,1,0
CUST037294,0.1345,0,0
CUST029913,0.1347,0,0
CUST046929,0.1455,0,0
CUST023504,0.0787,0,0
CUST014692,0.0425,0,0
CUST007406,0.1851,0,0
CUST024004,0.8519,1,0
CUST029564,0.8478,1,1
CUST015267,0.2527,0,0
CUST026583,0.8409,1,1
CUST011714,0.1979,0,0
CUST042241,0.121,0,0
CUST010857,0.2823,0,0
CUST010244,0.0522,0,0
CUST039347,0.2939,0,0
CUST024164,0.2151,0,0
CUST033407,0.7268,1,0
CUST026404,0.222,0,0
CUST008999,0.8324,1,0
CUST022100,0.433,0,0
CUST027855,0.0513,0,0
CUST000484,0.5689,1,0
CUST016578,0.8416,1,0
CUST030759,0.0692,0,0
CUST008019,0.1655,0,0
CUST030138,0.1224,0,0
CUST018760,0.0502,0,0
CUST027954,0.3174,0,0
CUST029435,0.1652,0,0
CUST049639,0.6338,1,1
CUST031592,0.2946,0,0
CUST002892,0.9201,1,0
CUST032233,0.0418,0,0
CUST047356,0.0794,0,0
CUST003681,0.0753,0,0
CUST000257,0.1791,0,0
CUST011836,0.1836,0,0
CUST015552,0.6907,1,0
CUST042514,0.7844,1,0
CUST002507,0.1064,0,0
CUST018590,0.2005,0,0
CUST048495,0.0874,0,0
CUST000119,0.1327,0,0
CUST049001,0.5089,1,0
CUST010019,0.1208,0,0
CUST016038,0.6837,1,0
CUST002619,0.2128,0,0
CUST046683,0.5585,1,0
CUST030874,0.0588,0,0
CUST043595,0.0973,0,0
CUST013398,0.0461,0,0
CUST024394,0.0753,0,0
CUST007010,0.0927,0,0
CUST013690,0.1165,0,0
CUST035667,0.1415,0,0
CUST035019,0.0402,0,0
CUST047640,0.0594,0,0
CUST043160,0.1985,0,0
CUST046745,0.0784,0,0
CUST005385,0.1326,0,0
CUST037962,0.1077,0,0
CUST031468,0.3248,0,0
CUST023027,0.602,1,0
CUST000402,0.4771,0,0
CUST015018,0.1053,0,0
CUST041111,0.0696,0,0
CUST009311,0.0526,0,0
CUST003138,0.2204,0,0
CUST004729,0.1019,0,0
CUST026289,0.0568,0,0
CUST002014,0.1576,0,0
CUST022430,0.7196,1,0
CUST007984,0.6594,1,0
CUST006174,0.0491,0,0
CUST040003,0.2587,0,0
CUST006377,0.0668,0,0
CUST039992,0.076,0,0
CUST044517,0.1273,0,0
CUST024862,0.5802,1,0
CUST023165,0.8907,1,0
CUST042476,0.063,0,0
CUST044290,0.0603,0,0
CUST018968,0.8087,1,0
CUST039457,0.0557,0,0
CUST035485,0.0548,0,0
CUST017032,0.7448,1,0
CUST011358,0.3296,0,0
CUST008964,0.0639,0,0
CUST039970,0.5794,1,0
CUST015905,0.5795,1,0
CUST044769,0.1112,0,0
CUST043635,0.4886,0,0
CUST011651,0.0647,0,0
CUST028521,0.1078,0,0
CUST020754,0.4864,0,0
CUST018821,0.0996,0,0
CUST013800,0.3807,0,0
CUST026350,0.0833,0,0
CUST043185,0.0674,0,0
CUST007454,0.1722,0,0
CUST001742,0.8893,1,0
CUST037403,0.0502,0,0
CUST001324,0.7527,1,0
CUST042826,0.1047,0,0
CUST020917,0.8991,1,0
CUST035045,0.5794,1,0
CUST004079,0.4933,0,0
CUST018801,0.0862,0,0
CUST025467,0.2938,0,0
CUST030863,0.7608,1,0
CUST003398,0.6109,1,0
CUST000669,0.0735,0,0
CUST017603,0.2555,0,0
CUST027728,0.8129,1,0
CUST044524,0.0675,0,0
CUST022236,0.097,0,0
CUST044715,0.226,0,0
CUST026108,0.064,0,0
CUST049120,0.6119,1,0
CUST037297,0.7569,1,0
CUST039003,0.0725,0,0
CUST026341,0.526,1,0
CUST047472,0.0385,0,0
CUST025065,0.0808,0,0
CUST044408,0.1187,0,0
CUST041240,0.1656,0,0
CUST028854,0.0921,0,0
CUST046609,0.5794,1,0
CUST045814,0.7009,1,0
CUST027883,0.1229,0,0
CUST038503,0.0601,0,0
CUST020624,0.2878,0,0
CUST017555,0.2058,0,0
CUST034570,0.0591,0,0
CUST018823,0.779,1,0
CUST012096,0.7439,1,1
CUST003884,0.0809,0,0
CUST022831,0.4425,0,0
CUST028342,0.1289,0,0
CUST047615,0.1326,0,0
CUST014874,0.0439,0,0
CUST018430,0.1862,0,0
CUST047145,0.8729,1,0
CUST025406,0.0395,0,0
CUST026827,0.4732,0,0
CUST031397,0.5389,1,0
CUST046064,0.1294,0,0
CUST045116,0.1967,0,0
CUST001976,0.0776,0,0
CUST022482,0.5825,1,0
CUST033742,0.1104,0,0
CUST048690,0.2464,0,0
CUST025802,0.0719,0,0
CUST007044,0.7705,1,0
CUST014524,0.8895,1,1
CUST041786,0.0475,0,0
CUST042371,0.1205,0,0
CUST043564,0.1656,0,0
CUST001203,0.1803,0,0
CUST041897,0.0664,0,0
CUST002212,0.8972,1,1
CUST037060,0.8631,1,0
CUST034539,0.2342,0,0
CUST015034,0.1636,0,0
CUST008037,0.627,1,0
CUST041791,0.2432,0,0
CUST043732,0.1274,0,0
CUST022525,0.1637,0,0
CUST040936,0.0612,0,0
CUST020670,0.8637,1,0
CUST034380,0.0557,0,0
CUST026398,0.1013,0,0
CUST035655,0.1044,0,0
CUST012528,0.4425,0,0
CUST007819,0.1368,0,0
CUST026810,0.4174,0,0
CUST018341,0.142,0,0
CUST020719,0.3226,0,0
CUST022170,0.0675,0,0
CUST025173,0.3974,0,0
CUST040704,0.3197,0,0
CUST037417,0.1064,0,0
CUST025862,0.6323,1,0
CUST003978,0.067,0,0
CUST039224,0.0933,0,0
CUST022340,0.0823,0,0
CUST038849,0.8495,1,1
CUST003628,0.1673,0,0
CUST010766,0.4536,0,0
CUST005829,0.7318,1,0
CUST013921,0.0553,0,0
CUST025807,0.1791,0,0
CUST023248,0.0891,0,0
CUST022291,0.1241,0,0
CUST021984,0.2136,0,0
CUST047521,0.2134,0,0
CUST019106,0.0592,0,0
CUST025565,0.0743,0,0
CUST018195,0.1139,0,0
CUST041081,0.1823,0,0
CUST016353,0.1073,0,0
CUST042678,0.7207,1,0
CUST032330,0.049,0,0
CUST035737,0.0554,0,0
CUST036943,0.1017,0,0
CUST008980,0.0904,0,0
CUST013293,0.1717,0,0
CUST034222,0.1472,0,0
CUST037064,0.3248,0,0
CUST022811,0.0675,0,0
CUST031787,0.2953,0,0
CUST044616,0.0973,0,0
CUST033032,0.1055,0,0
CUST034300,0.0363,0,0
CUST045432,0.4187,0,0
CUST000112,0.5523,1,0
CUST028382,0.3917,0,0
CUST039442,0.0791,0,0
CUST010862,0.0522,0,0
CUST043673,0.7136,1,0
CUST049734,0.0465,0,0
CUST021763,0.0614,0,0
CUST005519,0.0838,0,0
CUST023132,0.0898,0,0
CUST036510,0.0479,0,0
CUST016960,0.0471,0,0
CUST010489,0.0631,0,0
CUST022805,0.5673,1,0
CUST030485,0.0781,0,0
CUST042511,0.0559,0,0
CUST042069,0.46,0,0
CUST008673,0.21,0,0
CUST006048,0.8185,1,0
CUST000690,0.1442,0,0
CUST039029,0.0765,0,0
CUST045659,0.0517,0,0
CUST011259,0.0719,0,0
CUST002035,0.2492,0,0
CUST035745,0.0501,0,0
CUST002786,0.0578,0,0
CUST010485,0.0997,0,0
CUST010614,0.0404,0,0
CUST019706,0.6525,1,0
CUST024742,0.1048,0,0
CUST024161,0.1286,0,0
CUST010672,0.1892,0,0
CUST000347,0.2409,0,0
CUST040509,0.4127,0,0
CUST039652,0.1053,0,0
CUST006699,0.0449,0,0
CUST043301,0.041,0,0
CUST000821,0.0916,0,0
CUST048442,0.2,0,0
CUST028587,0.0618,0,0
CUST030333,0.3233,0,0
CUST032308,0.0913,0,0
CUST024410,0.1461,0,0
CUST015033,0.3036,0,0
CUST044605,0.315,0,0
CUST035645,0.0972,0,0
CUST031601,0.3272,0,0
CUST047277,0.0663,0,0
CUST029614,0.8166,1,0
CUST007448,0.1181,0,0
CUST046014,0.0798,0,0
CUST022943,0.3163,0,0
CUST043467,0.0727,0,0
CUST027369,0.266,0,0
CUST028463,0.0607,0,0
CUST040673,0.0618,0,0
CUST025931,0.1576,0,0
CUST042645,0.0957,0,0
CUST032483,0.4748,0,0
CUST032826,0.8117,1,0
CUST019603,0.254,0,0
CUST008342,0.6998,1,0
CUST024335,0.2026,0,0
CUST048726,0.0553,0,0
CUST046903,0.4311,0,0
CUST014721,0.8324,1,0
CUST044491,0.1109,0,0
CUST034144,0.0851,0,0
CUST033325,0.3339,0,0
CUST042012,0.2121,0,0
CUST049893,0.2205,0,0
CUST037480,0.1375,0,0
CUST007398,0.1069,0,0
CUST033371,0.0653,0,0
CUST047826,0.0821,0,0
CUST047709,0.1511,0,0
CUST039416,0.2234,0,0
CUST005535,0.6354,1,0
CUST031767,0.0491,0,0
CUST019097,0.0954,0,0
CUST026964,0.0955,0,0
CUST010559,0.4833,0,0
CUST044742,0.2611,0,0
CUST038466,0.5191,1,0
CUST016648,0.1087,0,0
CUST003413,0.2447,0,0
CUST032925,0.0863,0,0
CUST024694,0.0467,0,0
CUST002222,0.0864,0,0
CUST029399,0.1944,0,0
CUST022515,0.1522,0,0
CUST043708,0.702,1,0
CUST049246,0.0792,0,0
CUST047135,0.2492,0,0
CUST016263,0.1175,0,0
CUST006912,0.0675,0,0
CUST014852,0.0862,0,0
CUST023873,0.1323,0,0
CUST020379,0.1167,0,0
CUST047208,0.1348,0,0
CUST012335,0.0675,0,0
CUST026320,0.063,0,0
CUST046742,0.4349,0,0
CUST045091,0.2497,0,0
CUST049824,0.0935,0,0
CUST023571,0.0418,0,0
CUST023081,0.4425,0,0
CUST019823,0.0884,0,0
CUST037628,0.051,0,0
CUST033768,0.0716,0,0
CUST004279,0.1813,0,0
CUST006328,0.0548,0,0
CUST022086,0.6943,1,0
CUST019819,0.0616,0,0
CUST010375,0.473,0,0
CUST010605,0.3918,0,0
CUST002667,0.1108,0,0
CUST043380,0.3231,0,0
CUST005347,0.1279,0,0
CUST021273,0.0927,0,0
CUST018950,0.4618,0,0
CUST021363,0.7153,1,0
CUST048094,0.0675,0,0
CUST017475,0.1327,0,0
CUST008205,0.1353,0,0
CUST040295,0.2789,0,0
CUST025523,0.0937,0,0
CUST042165,0.1618,0,0
CUST039330,0.0933,0,0
CUST030352,0.2326,0,0
CUST008961,0.0548,0,0
CUST044226,0.2154,0,0
CUST036836,0.1369,0,0
CUST000931,0.0603,0,0
CUST043294,0.1038,0,0
CUST002352,0.1021,0,0
CUST003863,0.098,0,0
CUST039612,0.1559,0,0
CUST007213,0.0831,0,0
CUST017410,0.2606,0,0
CUST046452,0.0498,0,0
CUST041201,0.1346,0,0
CUST025574,0.0599,0,0
CUST009339,0.8332,1,0
CUST040852,0.1149,0,0
CUST035864,0.2115,0,0
CUST029864,0.0601,0,0
CUST008809,0.0682,0,0
CUST041269,0.7207,1,0
CUST026440,0.8971,1,0
CUST014080,0.2726,0,0
CUST019310,0.4769,0,0
CUST025903,0.2062,0,1
CUST010219,0.4764,0,0
CUST011873,0.0786,0,0
CUST017595,0.1678,0,0
CUST043199,0.1894,0,0
CUST032052,0.1511,0,0
CUST040490,0.1161,0,0
CUST014182,0.3124,0,0
CUST046110,0.1023,0,0
CUST016738,0.0599,0,0
CUST014576,0.4165,0,0
CUST028237,0.2397,0,1
CUST038037,0.1034,0,0
CUST005476,0.1795,0,0
CUST008327,0.0753,0,0
CUST026043,0.8133,1,0
CUST044005,0.0747,0,0
CUST033100,0.5018,1,0
CUST021158,0.0513,0,0
CUST049442,0.4825,0,0
CUST049539,0.1536,0,0
CUST039103,0.0772,0,0
CUST034145,0.1882,0,0
CUST036363,0.1747,0,0
CUST039196,0.8131,1,1
CUST003885,0.076,0,0
CUST023356,0.4755,0,0
CUST017202,0.079,0,0
CUST048759,0.1174,0,0
CUST001950,0.0751,0,0
CUST025742,0.1945,0,0
CUST028178,0.0739,0,0
CUST022154,0.0786,0,0
CUST019268,0.0885,0,0
CUST039263,0.3218,0,0
CUST006504,0.1124,0,0
CUST015872,0.4197,0,0
CUST005392,0.3066,0,0
CUST019334,0.1305,0,0
CUST001583,0.0687,0,0
CUST041366,0.1436,0,0
CUST015216,0.138,0,0
CUST008101,0.284,0,0
CUST024380,0.0862,0,0
CUST036139,0.2141,0,0
CUST026356,0.1315,0,0
CUST009838,0.0937,0,0
CUST041812,0.2389,0,0
CUST027208,0.0463,0,0
CUST016977,0.5297,1,0
CUST024612,0.3966,0,0
CUST001184,0.0679,0,0
CUST030067,0.46,0,0
CUST029589,0.1132,0,0
CUST026012,0.1011,0,0
CUST044751,0.0866,0,0
CUST009620,0.1222,0,0
CUST041264,0.1139,0,0
CUST047717,0.0632,0,0
CUST018777,0.2451,0,0
CUST022161,0.7668,1,0
CUST035194,0.543,1,0
CUST024891,0.057,0,0
CUST024965,0.6832,1,1
CUST045691,0.0504,0,0
CUST033483,0.0761,0,0
CUST040576,0.0656,0,0
CUST035797,0.0493,0,0
CUST041991,0.3116,0,0
CUST035878,0.0869,0,0
CUST023783,0.1143,0,0
CUST007579,0.08,0,0
CUST018957,0.1252,0,0
CUST049764,0.1375,0,0
CUST036686,0.1218,0,0
CUST033781,0.1118,0,0
CUST045422,0.2813,0,0
CUST008578,0.1256,0,0
CUST003611,0.1209,0,0
CUST036515,0.1338,0,0
CUST034455,0.0572,0,0
CUST003788,0.135,0,0
CUST033956,0.5275,1,0
CUST001605,0.0554,0,0
CUST028295,0.1367,0,0
CUST023964,0.0849,0,0
CUST027562,0.4092,0,0
CUST027625,0.1194,0,0
CUST045743,0.0664,0,0
CUST035198,0.0814,0,0
CUST043500,0.792,1,0
CUST041673,0.887,1,0
CUST049474,0.0436,0,0
CUST046834,0.0425,0,0
CUST022884,0.1135,0,0
CUST033928,0.1055,0,0
CUST015400,0.4854,0,0
CUST035671,0.3005,0,0
CUST011909,0.0597,0,0
CUST031930,0.1265,0,0
CUST024563,0.1687,0,0
CUST032959,0.0669,0,0
CUST016933,0.0727,0,0
CUST045423,0.0887,0,0
CUST023154,0.2088,0,0
CUST024669,0.0725,0,0
CUST021450,0.0635,0,0
CUST045214,0.4774,0,0
CUST020270,0.057,0,0
CUST047362,0.0675,0,0
CUST037475,0.1337,0,0
CUST013485,0.0777,0,0
CUST032917,0.1011,0,0
CUST011418,0.1992,0,0
CUST019039,0.1353,0,0
CUST012656,0.0675,0,0
CUST046569,0.0775,0,0
CUST004370,0.1522,0,0
CUST024439,0.1549,0,0
CUST013064,0.0816,0,0
CUST017236,0.1152,0,0
CUST029582,0.3129,0,0
CUST024816,0.0748,0,0
CUST004161,0.1678,0,0
CUST041134,0.0502,0,0
CUST037262,0.8991,1,1
CUST007298,0.1462,0,0
CUST042796,0.1355,0,0
CUST034176,0.1312,0,0
CUST024553,0.1574,0,0
CUST046661,0.4732,0,0
CUST046191,0.9006,1,0
CUST006589,0.1554,0,0
CUST033786,0.1508,0,0
CUST024492,0.167,0,0
CUST049813,0.0548,0,0
CUST009217,0.5765,1,0
CUST025107,0.3457,0,0
CUST028796,0.0593,0,0
CUST027442,0.1662,0,0
CUST019698,0.3081,0,0
CUST021396,0.8577,1,1
CUST037199,0.1578,0,0
CUST005806,0.0793,0,0
CUST018461,0.0682,0,0
CUST007324,0.0457,0,0
CUST034463,0.1698,0,0
CUST038028,0.1826,0,0
CUST048522,0.0962,0,0
CUST016568,0.0562,0,0
CUST014555,0.1114,0,0
CUST033824,0.067,0,0
CUST045096,0.1453,0,0
CUST031475,0.3877,0,0
CUST043577,0.13,0,0
CUST031783,0.0817,0,0
CUST004614,0.1301,0,0
CUST022900,0.1119,0,0
CUST042914,0.0886,0,0
CUST049453,0.0622,0,0
CUST002174,0.134,0,0
CUST030448,0.1937,0,0
CUST046281,0.1339,0,0
CUST007027,0.296,0,0
CUST042155,0.2031,0,0
CUST012211,0.6042,1,0
CUST003688,0.0486,0,0
CUST025984,0.0852,0,0
CUST025637,0.1317,0,0
CUST014206,0.9009,1,1
CUST037122,0.08,0,0
CUST016804,0.0644,0,0
CUST018315,0.0557,0,0
CUST033546,0.9025,1,0
CUST016414,0.1975,0,0
CUST030031,0.0771,0,0
CUST016744,0.1436,0,0
CUST035221,0.7036,1,1
CUST018990,0.0761,0,0
CUST030183,0.2157,0,0
CUST027343,0.8659,1,1
CUST026545,0.8536,1,0
CUST004983,0.5947,1,0
CUST001697,0.575,1,0
CUST036714,0.0821,0,0
CUST000255,0.7709,1,0
CUST003315,0.0666,0,0
CUST037283,0.1133,0,0
CUST033428,0.1124,0,0
CUST012181,0.0675,0,0
CUST004515,0.1292,0,0
CUST045071,0.1266,0,0
CUST026999,0.0582,0,0
CUST032545,0.0799,0,0
CUST016835,0.0875,0,0
CUST020686,0.1044,0,0
CUST036316,0.38,0,0
CUST045223,0.0736,0,0
CUST041407,0.0711,0,0
CUST020777,0.1061,0,0
CUST044152,0.4184,0,0
CUST048618,0.0759,0,0
CUST036317,0.0725,0,0
CUST015392,0.1026,0,0
CUST006546,0.1599,0,0
CUST047443,0.0511,0,0
CUST001756,0.8971,1,1
CUST045125,0.8991,1,1
CUST023584,0.3022,0,0
CUST036194,0.1552,0,0
CUST012799,0.8991,1,0
CUST020780,0.4902,0,0
CUST021369,0.1068,0,0
CUST022871,0.0483,0,0
CUST042906,0.1603,0,0
CUST007672,0.1399,0,0
CUST011404,0.0585,0,0
CUST045551,0.1004,0,0
CUST038529,0.0391,0,0
CUST013254,0.0922,0,0
CUST022157,0.3325,0,0
CUST041243,0.1428,0,0
CUST011105,0.0675,0,0
CUST029145,0.0594,0,0
CUST035837,0.7839,1,0
CUST049897,0.0708,0,0
CUST045352,0.0545,0,0
CUST022062,0.647,1,0
CUST040471,0.5505,1,0
CUST026749,0.6446,1,0
CUST032466,0.8849,1,1
CUST035356,0.1182,0,0
CUST041106,0.4549,0,0
CUST019904,0.2023,0,0
CUST042911,0.2288,0,0
CUST044529,0.052,0,0
CUST010867,0.7617,1,0
CUST037554,0.6237,1,1
CUST036689,0.8626,1,0
CUST043679,0.0483,0,0
CUST029005,0.0807,0,0
CUST002583,0.0836,0,0
CUST009256,0.3874,0,0
CUST001876,0.4904,0,0
CUST046165,0.8255,1,0
CUST026364,0.0766,0,0
CUST015839,0.1009,0,0
CUST011851,0.0382,0,0
CUST009636,0.8971,1,0
CUST008384,0.7557,1,0
CUST033293,0.1967,0,0
CUST013541,0.113,0,0
CUST021665,0.3986,0,0
CUST031423,0.0934,0,0
CUST002129,0.0675,0,0
CUST048406,0.0692,0,0
CUST033639,0.5912,1,0
CUST043291,0.7756,1,0
CUST033010,0.0737,0,0
CUST036384,0.0657,0,0
CUST048360,0.1926,0,0
CUST032447,0.9129,1,1
CUST005869,0.7224,1,0
CUST029475,0.1823,0,0
CUST036786,0.1403,0,0
CUST021492,0.0649,0,0
CUST027860,0.0787,0,0
CUST039069,0.0871,0,0
CUST009934,0.553,1,0
CUST005414,0.0504,0,0
CUST029812,0.35,0,0
CUST036790,0.1754,0,0
CUST024929,0.0565,0,0
CUST010130,0.0445,0,0
CUST034500,0.1819,0,0
CUST031214,0.1561,0,0
CUST046418,0.7678,1,0
CUST031388,0.0952,0,0
CUST015295,0.0568,0,0
CUST010449,0.8991,1,0
CUST027901,0.5645,1,0
CUST025863,0.0647,0,0
CUST037135,0.085,0,0
CUST021968,0.1236,0,0
CUST043915,0.0712,0,0
CUST018564,0.848,1,0
CUST044739,0.3119,0,0
CUST047235,0.0675,0,0
CUST022826,0.1964,0,0
CUST026126,0.1903,0,0
CUST039721,0.0823,0,0
CUST014646,0.0785,0,0
CUST036178,0.1169,0,0
CUST023745,0.0955,0,0
CUST032532,0.0454,0,0
CUST010201,0.1498,0,0
CUST034052,0.7441,1,1
CUST004811,0.055,0,0
CUST040921,0.122,0,0
CUST005049,0.1879,0,0
CUST019478,0.0501,0,0
CUST028340,0.1004,0,0
CUST038779,0.082,0,0
CUST013971,0.5555,1,0
CUST032457,0.1467,0,0
CUST034907,0.0748,0,0
CUST049745,0.8852,1,0
CUST007580,0.1073,0,0
CUST047760,0.1854,0,0
CUST015004,0.0952,0,0
CUST047674,0.0873,0,0
CUST027957,0.0451,0,0
CUST027473,0.0652,0,0
CUST041412,0.7474,1,0
CUST008711,0.1087,0,0
CUST048804,0.6079,1,0
CUST006829,0.0753,0,0
CUST048717,0.0526,0,0
CUST034112,0.077,0,0
CUST017618,0.2395,0,0
CUST013721,0.6026,1,0
CUST022305,0.0904,0,0
CUST029789,0.4092,0,0
CUST004583,0.065,0,0
CUST039315,0.1188,0,0
CUST011321,0.6178,1,0
CUST018792,0.3887,0,0
CUST038572,0.8551,1,0
CUST042391,0.5979,1,0
CUST014176,0.0586,0,0
CUST049321,0.6194,1,0
CUST009535,0.1193,0,0
CUST031393,0.7408,1,0
CUST030902,0.1325,0,0
CUST046148,0.7736,1,0
CUST013535,0.6227,1,0
CUST018810,0.8991,1,1
CUST022013,0.1228,0,0
CUST046041,0.8679,1,0
CUST043864,0.8422,1,1
CUST025100,0.1073,0,0
CUST024282,0.1072,0,0
CUST035905,0.0408,0,0
CUST039201,0.1826,0,0
CUST035554,0.0735,0,0
CUST047064,0.0802,0,0
CUST038456,0.1686,0,0
CUST031167,0.2848,0,0
CUST021266,0.0744,0,0
CUST000748,0.2473,0,0
CUST030286,0.2267,0,0
CUST019901,0.8787,1,0
CUST010494,0.3075,0,1
CUST028018,0.1506,0,0
CUST023875,0.9052,1,1
CUST043806,0.1901,0,0
CUST006679,0.0485,0,0
CUST032269,0.1293,0,0
CUST043297,0.0584,0,0
CUST005874,0.1336,0,0
CUST008976,0.92,1,1
CUST014855,0.0949,0,0
CUST047514,0.0636,0,0
CUST040373,0.0893,0,0
CUST010178,0.5527,1,0
CUST011208,0.0729,0,0
CUST046605,0.2706,0,0
CUST013802,0.1986,0,0
CUST031883,0.088,0,0
CUST019767,0.057,0,0
CUST028343,0.1275,0,0
CUST019025,0.2622,0,0
CUST035762,0.1754,0,0
CUST049913,0.0983,0,0
CUST047706,0.587,1,0
CUST024141,0.1767,0,0
CUST004028,0.0798,0,0
CUST028971,0.4818,0,0
CUST027117,0.1152,0,0
CUST014801,0.3725,0,0
CUST034909,0.763,1,0
CUST023760,0.0502,0,0
CUST036142,0.1945,0,0
CUST034941,0.0967,0,0
CUST048502,0.737,1,0
CUST014388,0.3351,0,0
CUST036595,0.0977,0,0
CUST022896,0.0779,0,0
CUST001901,0.1767,0,0
CUST040063,0.645,1,0
CUST036421,0.122,0,0
CUST011345,0.0805,0,0
CUST032214,0.0554,0,0
CUST024287,0.0828,0,0
CUST047962,0.0464,0,0
CUST033793,0.0591,0,0
CUST012138,0.2192,0,0
CUST016756,0.1232,0,0
CUST023098,0.0595,0,0
CUST048944,0.1913,0,0
CUST017127,0.1424,0,0
CUST024131,0.7702,1,0
CUST014652,0.199,0,0
CUST043528,0.0611,0,0
CUST040224,0.3155,0,0
CUST029069,0.8303,1,0
CUST029658,0.585,1,0
CUST023019,0.1007,0,0
CUST017520,0.1629,0,0
CUST000200,0.0524,0,0
CUST035060,0.0472,0,0
CUST028800,0.1646,0,0
CUST017411,0.1436,0,0
CUST001577,0.8991,1,0
CUST049780,0.0518,0,0
CUST040902,0.3283,0,0
CUST016189,0.1382,0,0
CUST033272,0.0374,0,0
CUST037362,0.0707,0,0
CUST017516,0.1069,0,0
CUST031796,0.0778,0,0
CUST020673,0.048,0,0
CUST041324,0.0936,0,0
CUST013156,0.0576,0,0
CUST018077,0.1167,0,0
CUST032202,0.6206,1,1
CUST014754,0.0837,0,0
CUST008656,0.8416,1,0
CUST029962,0.8951,1,0
CUST035504,0.6649,1,0
CUST022646,0.0771,0,0
CUST015301,0.8991,1,0
CUST008557,0.1201,0,0
CUST006056,0.0522,0,0
CUST045631,0.0567,0,0
CUST029393,0.1672,0,0
CUST000727,0.0933,0,0
CUST021073,0.0861,0,0
CUST009050,0.3672,0,0
CUST021799,0.2596,0,0
CUST032768,0.1407,0,0
CUST012588,0.1296,0,0
CUST021271,0.8991,1,0
CUST022858,0.0621,0,0
CUST042878,0.1386,0,0
CUST033710,0.8873,1,0
CUST033888,0.0675,0,0
CUST002149,0.1219,0,0
CUST005958,0.0699,0,0
CUST034333,0.1071,0,0
CUST024595,0.0611,0,0
CUST012816,0.4863,0,0
CUST031415,0.0618,0,0
CUST042326,0.3637,0,0
CUST016703,0.0548,0,0
CUST002236,0.5705,1,0
CUST009111,0.098,0,0
CUST040914,0.1056,0,0
CUST039628,0.8498,1,0
CUST041450,0.0766,0,0
CUST000235,0.0951,0,0
CUST044370,0.067,0,0
CUST023003,0.4319,0,0
CUST048231,0.2622,0,0
CUST023588,0.1422,0,0
CUST029046,0.3173,0,0
CUST000980,0.8364,1,0
CUST038751,0.0788,0,0
CUST006465,0.0497,0,0
CUST015876,0.0675,0,0
CUST024648,0.8861,1,0
CUST016586,0.0557,0,0
CUST004206,0.2363,0,0
CUST040269,0.101,0,0
CUST024172,0.2575,0,0
CUST004803,0.1126,0,0
CUST049533,0.0991,0,0
CUST028934,0.5278,1,1
CUST015060,0.2057,0,0
CUST041831,0.1053,0,0
CUST007769,0.1061,0,0
CUST026985,0.0526,0,0
CUST005417,0.0628,0,0
CUST023766,0.1337,0,0
CUST035798,0.0549,0,0
CUST009320,0.4721,0,0
CUST006105,0.0687,0,0
CUST008590,0.0832,0,0
CUST022768,0.2197,0,0
CUST021566,0.2392,0,0
CUST040397,0.2,0,0
CUST044873,0.6354,1,0
CUST005599,0.0951,0,0
CUST028874,0.1624,0,0
CUST022875,0.1736,0,0
CUST044326,0.2639,0,0
CUST020352,0.1466,0,0
CUST017281,0.8519,1,0
CUST030079,0.072,0,0
CUST021425,0.0467,0,0
CUST047494,0.1504,0,0
CUST013861,0.0432,0,0
CUST040702,0.2138,0,0
CUST003177,0.0639,0,0
CUST040077,0.0435,0,0
CUST042754,0.126,0,0
CUST015581,0.127,0,0
CUST038817,0.097,0,0
CUST042208,0.0778,0,0
CUST002536,0.5581,1,0
CUST048060,0.0557,0,0
CUST012801,0.1527,0,0
CUST028469,0.0698,0,0
CUST045009,0.045,0,0
CUST002844,0.0515,0,0
CUST013658,0.6914,1,0
CUST003759,0.0886,0,0
CUST010794,0.4725,0,0
CUST002186,0.0617,0,0
CUST046877,0.0712,0,0
CUST011019,0.3146,0,0
CUST026414,0.0683,0,0
CUST016306,0.105,0,0
CUST041792,0.0778,0,0
CUST020234,0.6103,1,0
CUST017049,0.1528,0,0
CUST045046,0.6422,1,0
CUST015617,0.0737,0,0
CUST022807,0.0557,0,0
CUST040091,0.118,0,0
CUST028999,0.0574,0,0
CUST031060,0.1582,0,0
CUST039241,0.092,0,0
CUST001344,0.0867,0,0
CUST036834,0.1742,0,0
CUST030227,0.0733,0,0
CUST008060,0.0443,0,0
CUST029687,0.0632,0,0
CUST042034,0.0845,0,0
CUST036773,0.0715,0,0
CUST035594,0.2267,0,0
CUST022977,0.1904,0,0
CUST033660,0.1213,0,0
CUST021064,0.0389,0,0
CUST022251,0.7992,1,0
CUST029673,0.0838,0,0
CUST012686,0.0648,0,0
CUST031326,0.339,0,0
CUST033378,0.0504,0,0
CUST011318,0.0969,0,0
CUST025168,0.3944,0,0
CUST047139,0.861,1,0
CUST044677,0.1795,0,0
CUST036122,0.0957,0,0
CUST012599,0.4045,0,1
CUST049627,0.0675,0,0
CUST004092,0.2759,0,0
CUST004522,0.1493,0,0
CUST047471,0.21,0,0
CUST029655,0.0887,0,0
CUST012684,0.0778,0,0
CUST021063,0.0675,0,0
CUST033244,0.0781,0,0
CUST035967,0.2579,0,0
CUST042986,0.222,0,0
CUST009213,0.0379,0,0
CUST023178,0.097,0,0
CUST006528,0.099,0,0
CUST015774,0.1201,0,0
CUST037045,0.2648,0,0
CUST035853,0.0924,0,0
CUST019294,0.1881,0,0
CUST016301,0.735,1,0
CUST029749,0.0826,0,0
CUST034118,0.1305,0,0
CUST049547,0.1145,0,0
CUST040344,0.2028,0,0
CUST039719,0.083,0,0
CUST025121,0.2545,0,0
CUST020631,0.7498,1,0
CUST001984,0.0974,0,0
CUST025676,0.0543,0,0
CUST030578,0.0483,0,0
CUST001433,0.1967,0,0
CUST004006,0.8567,1,0
CUST002284,0.4789,0,0
CUST012159,0.0461,0,0
CUST036585,0.7422,1,0
CUST035923,0.5259,1,0
CUST011709,0.2559,0,0
CUST026247,0.272,0,0
CUST017118,0.1284,0,0
CUST021169,0.0613,0,0
CUST003747,0.7158,1,0
CUST035429,0.1786,0,0
CUST005348,0.7801,1,1
CUST016364,0.1127,0,0
CUST040502,0.0919,0,0
CUST044614,0.4413,0,0
CUST042250,0.08,0,0
CUST045940,0.1053,0,0
CUST002917,0.0599,0,0
CUST043890,0.0889,0,0
CUST008198,0.1236,0,0
CUST016559,0.0635,0,0
CUST002206,0.8626,1,0
CUST041316,0.6116,1,0
CUST022281,0.1741,0,0
CUST024292,0.0723,0,0
CUST013071,0.0735,0,0
CUST016443,0.1556,0,0
CUST033238,0.0766,0,0
CUST035506,0.0502,0,0
CUST011536,0.0633,0,0
CUST041203,0.8338,1,0
CUST017010,0.0456,0,0
CUST023813,0.0792,0,0
CUST043786,0.1345,0,0
CUST004392,0.7796,1,0
CUST031805,0.5409,1,0
CUST036573,0.5098,1,0
CUST014290,0.0876,0,0
CUST022138,0.0615,0,0
CUST037331,0.09,0,0
CUST028835,0.852,1,0
CUST019404,0.2553,0,0
CUST026723,0.1238,0,0
CUST043299,0.1645,0,0
CUST015978,0.0388,0,0
CUST048911,0.0609,0,0
CUST036067,0.0931,0,0
CUST012152,0.2173,0,0
CUST003227,0.7744,1,1
CUST027016,0.0778,0,0
CUST010589,0.1412,0,0
CUST015184,0.4092,0,0
CUST032467,0.1047,0,0
CUST041949,0.0543,0,0
CUST048647,0.1713,0,0
CUST003779,0.1589,0,0
CUST043721,0.1312,0,0
CUST042469,0.6551,1,0
CUST043729,0.1314,0,0
CUST016761,0.2179,0,0
CUST031949,0.0832,0,0
CUST043449,0.9282,1,0
CUST034851,0.1616,0,0
CUST023887,0.0857,0,0
CUST016053,0.163,0,0
CUST022082,0.8231,1,0
CUST010763,0.5281,1,0
CUST035077,0.2215,0,0
CUST011421,0.2413,0,0
CUST020549,0.1928,0,0
CUST019095,0.1347,0,0
CUST006255,0.0533,0,0
CUST023424,0.0481,0,0
CUST010480,0.3086,0,0
CUST048080,0.2893,0,0
CUST025244,0.0738,0,0
CUST028777,0.1161,0,0
CUST047758,0.2153,0,0
CUST021134,0.3466,0,0
CUST007066,0.1922,0,0
CUST045665,0.0784,0,0
CUST027788,0.1844,0,0
CUST005612,0.6594,1,0
CUST042385,0.4067,0,0
CUST031121,0.3154,0,0
CUST038336,0.0579,0,0
CUST020753,0.0489,0,0
CUST014897,0.7718,1,0
CUST014264,0.13,0,0
CUST028527,0.0594,0,0
CUST000967,0.2828,0,0
CUST004215,0.8026,1,0
CUST017980,0.3147,0,0
CUST003657,0.8248,1,0
CUST003609,0.0573,0,0
CUST031624,0.6045,1,0
CUST003347,0.0921,0,0
CUST038856,0.0689,0,0
CUST044285,0.1855,0,0
CUST031818,0.0631,0,0
CUST046118,0.0628,0,0
CUST027742,0.1337,0,0
CUST012996,0.0497,0,0
CUST026696,0.0439,0,0
CUST047685,0.0873,0,0
CUST015069,0.1024,0,0
CUST000357,0.8919,1,0
CUST031357,0.0746,0,0
CUST007149,0.4556,0,0
CUST047125,0.6909,1,0
CUST014777,0.077,0,0
CUST012438,0.1553,0,0
CUST036005,0.0503,0,0
CUST024579,0.0863,0,0
CUST044456,0.3552,0,0
CUST049560,0.0568,0,0
CUST039728,0.1476,0,0
CUST049812,0.1523,0,0
CUST002968,0.0943,0,0
CUST009103,0.2448,0,0
CUST004202,0.152,0,0
CUST021056,0.1877,0,0
CUST019942,0.1087,0,0
CUST010910,0.0706,0,0
CUST002539,0.0731,0,0
CUST019690,0.1752,0,0
CUST046659,0.3545,0,0
CUST003629,0.0601,0,0
CUST002565,0.8322,1,0
CUST030662,0.0842,0,0
CUST036987,0.0551,0,0
CUST004494,0.1913,0,0
CUST028657,0.1833,0,0
CUST020936,0.3641,0,0
CUST006520,0.1639,0,0
CUST011927,0.1803,0,0
CUST007011,0.0865,0,0
CUST012815,0.0616,0,0
CUST040616,0.1901,0,0
CUST038317,0.0855,0,0
CUST026141,0.0419,0,0
CUST022829,0.2588,0,0
CUST045759,0.0931,0,0
CUST028292,0.1742,0,0
CUST029248,0.2518,0,0
CUST049158,0.1312,0,0
CUST036712,0.2103,0,0
CUST026321,0.2037,0,0
CUST034704,0.0675,0,0
CUST041825,0.139,0,0
CUST029444,0.904,1,1
CUST013275,0.0675,0,0
CUST001719,0.0714,0,0
CUST016103,0.1489,0,0
CUST034277,0.0586,0,0
CUST031489,0.9025,1,0
CUST049904,0.0793,0,0
CUST023206,0.122,0,0
CUST004654,0.5733,1,0
CUST043061,0.8717,1,1
CUST041733,0.0885,0,0
CUST019951,0.0985,0,0
CUST030893,0.6101,1,0
CUST010511,0.1776,0,0
CUST004332,0.3077,0,0
CUST012643,0.0526,0,0
CUST011124,0.1962,0,0
CUST020180,0.2359,0,0
CUST026738,0.0691,0,0
CUST034267,0.0837,0,0
CUST037197,0.8338,1,0
CUST009082,0.0756,0,0
CUST047744,0.0739,0,0
CUST041756,0.2234,0,0
CUST030527,0.2238,0,0
CUST009013,0.1022,0,0
CUST024908,0.4997,0,0
CUST001348,0.3779,0,0
CUST015014,0.0792,0,0
CUST049264,0.0523,0,0
CUST013711,0.0682,0,0
CUST005432,0.122,0,0
CUST046931,0.071,0,0
CUST046074,0.0909,0,0
CUST000769,0.0854,0,0
CUST024415,0.0721,0,0
CUST043424,0.1249,0,0
CUST038224,0.1545,0,0
CUST013023,0.0649,0,0
CUST030458,0.087,0,0
CUST003093,0.1146,0,0
CUST026651,0.7516,1,0
CUST012472,0.0784,0,0
CUST025744,0.1361,0,0
CUST016006,0.1119,0,0
CUST023385,0.0675,0,0
CUST033421,0.2403,0,0
CUST002597,0.0959,0,0
CUST029662,0.3682,0,0
CUST023092,0.7746,1,0
CUST042586,0.0862,0,0
CUST027038,0.3914,0,0
CUST016314,0.8879,1,1
CUST034095,0.0752,0,0
CUST048035,0.146,0,0
CUST004774,0.0641,0,0
CUST042193,0.0912,0,0
CUST004421,0.083,0,0
CUST024799,0.1015,0,0
CUST005542,0.152,0,0
CUST035015,0.188,0,0
CUST030597,0.0685,0,0
CUST009918,0.4119,0,0
CUST019491,0.0498,0,0
CUST006603,0.05,0,0
CUST005284,0.2047,0,0
CUST029403,0.0618,0,0
CUST001249,0.2327,0,0
CUST003950,0.0729,0,0
CUST011652,0.1165,0,0
CUST037160,0.7992,1,0
CUST023041,0.2133,0,0
CUST049661,0.6005,1,0
CUST018622,0.0991,0,0
CUST026390,0.059,0,0
CUST034687,0.0887,0,0
CUST015755,0.0613,0,0
CUST034530,0.1148,0,0
CUST031689,0.8991,1,0
CUST001980,0.0857,0,0
CUST032774,0.0579,0,0
CUST048638,0.3672,0,0
CUST046882,0.066,0,0
CUST019556,0.1176,0,0
CUST006373,0.8322,1,0
CUST014813,0.0592,0,0
CUST044254,0.0858,0,0
CUST009577,0.443,0,0
CUST003916,0.4092,0,0
CUST018969,0.5468,1,0
CUST024481,0.5026,1,0
CUST017399,0.8713,1,0
CUST023445,0.1908,0,0
CUST037004,0.075,0,0
CUST031941,0.0869,0,0
CUST029417,0.8955,1,0
CUST010992,0.0475,0,0
CUST011973,0.0592,0,0
CUST010229,0.0717,0,0
CUST006722,0.1142,0,0
CUST010898,0.0851,0,0
CUST021831,0.8991,1,1
CUST013625,0.1199,0,0
CUST024479,0.8077,1,0
CUST048256,0.1232,0,0
CUST047134,0.5664,1,0
CUST003257,0.3975,0,0
CUST036320,0.1447,0,0
CUST014809,0.2079,0,0
CUST042683,0.1924,0,0
CUST025504,0.1724,0,0
CUST014035,0.0467,0,0
CUST048727,0.0582,0,0
CUST017739,0.2298,0,0
CUST000909,0.0545,0,0
CUST043051,0.1411,0,0
CUST013582,0.073,0,0
CUST022182,0.1027,0,0
CUST019053,0.1059,0,0
CUST045927,0.0409,0,0
CUST008876,0.1239,0,0
CUST047116,0.2413,0,0
CUST001301,0.0933,0,0
CUST021305,0.5796,1,0
CUST016736,0.776,1,0
CUST008379,0.0564,0,0
CUST008647,0.1138,0,0
CUST022675,0.2069,0,0
CUST002895,0.8916,1,1
CUST036380,0.1014,0,0
CUST038570,0.0483,0,0
CUST049242,0.0581,0,0
CUST029041,0.0481,0,0
CUST006405,0.3654,0,0
CUST020836,0.2005,0,0
CUST044584,0.1184,0,0
CUST026195,0.0374,0,0
CUST026595,0.1242,0,0
CUST003662,0.1427,0,0
CUST046406,0.0544,0,0
CUST031066,0.6767,1,0
CUST045908,0.2489,0,0
CUST048260,0.0823,0,0
CUST011984,0.0534,0,0
CUST043431,0.1437,0,0
CUST034612,0.8991,1,0
CUST022206,0.5447,1,0
CUST047072,0.1009,0,0
CUST015754,0.2982,0,0
CUST006785,0.0662,0,0
CUST022789,0.1332,0,0
CUST045384,0.4344,0,0
CUST046582,0.0675,0,0
CUST011268,0.1761,0,0
CUST015245,0.0871,0,0
CUST049106,0.3793,0,0
CUST043575,0.171,0,0
CUST034209,0.2913,0,0
CUST048685,0.109,0,0
CUST030561,0.3988,0,0
CUST033751,0.1007,0,0
CUST013991,0.2201,0,0
CUST035975,0.0635,0,0
CUST010874,0.1085,0,0
CUST035335,0.059,0,0
CUST044139,0.0907,0,0
CUST004011,0.3201,0,0
CUST048878,0.0675,0,0
CUST045774,0.1391,0,0
CUST005720,0.0451,0,0
CUST031095,0.4494,0,0
CUST039572,0.7775,1,0
CUST031075,0.1555,0,0
CUST020198,0.1196,0,0
CUST003638,0.1947,0,0
CUST005601,0.1211,0,0
CUST024534,0.0715,0,0
CUST023267,0.0756,0,0
CUST026744,0.1295,0,0
CUST001626,0.0843,0,0
CUST039132,0.2244,0,0
CUST012346,0.6572,1,0
CUST021347,0.0796,0,0
CUST003626,0.095,0,0
CUST018135,0.0762,0,0
CUST038128,0.0836,0,0
CUST025336,0.0736,0,0
CUST026548,0.9009,1,0
CUST020981,0.0564,0,0
CUST029339,0.0786,0,0
CUST035520,0.3318,0,0
CUST044497,0.1754,0,0
CUST024002,0.0577,0,0
CUST026666,0.5994,1,0
CUST000719,0.0752,0,0
CUST016085,0.2139,0,0
CUST024123,0.2308,0,0
CUST009014,0.068,0,0
CUST026084,0.0547,0,0
CUST035593,0.0611,0,0
CUST033418,0.109,0,0
CUST001260,0.1336,0,0
CUST043518,0.8203,1,0
CUST049918,0.0602,0,0
CUST042360,0.0645,0,0
CUST037161,0.0743,0,0
CUST039491,0.1113,0,0
CUST047184,0.4659,0,0
CUST021522,0.7319,1,0
CUST046040,0.1676,0,0
CUST021355,0.4482,0,0
CUST048970,0.1536,0,0
CUST016294,0.852,1,0
CUST039557,0.0369,0,0
CUST018682,0.1605,0,0
CUST022984,0.8498,1,0
CUST021111,0.3588,0,0
CUST023658,0.8231,1,0
CUST018985,0.0904,0,0
CUST006933,0.1649,0,0
CUST027472,0.0805,0,0
CUST031409,0.0572,0,0
CUST006748,0.2146,0,0
CUST030979,0.1029,0,0
CUST008843,0.0781,0,0
CUST011516,0.1281,0,0
CUST019132,0.5036,1,0
CUST009905,0.722,1,0
CUST004808,0.0727,0,0
CUST012535,0.0978,0,0
CUST037356,0.0655,0,0
CUST040754,0.0898,0,0
CUST027373,0.5251,1,0
CUST036871,0.0474,0,0
CUST043009,0.254,0,0
CUST023636,0.0741,0,0
CUST022148,0.6005,1,0
CUST031413,0.1149,0,0
CUST028420,0.198,0,0
CUST015355,0.3611,0,0
CUST036673,0.8375,1,1
CUST005016,0.0813,0,0
CUST021960,0.5573,1,0
CUST042407,0.0557,0,0
CUST019148,0.1186,0,0
CUST018939,0.0895,0,0
CUST049713,0.4276,0,0
CUST029524,0.8991,1,0
CUST021851,0.0865,0,0
CUST041420,0.6565,1,0
CUST004291,0.46,0,0
CUST021944,0.7992,1,0
CUST037687,0.7207,1,0
CUST032150,0.1398,0,0
CUST008081,0.0972,0,0
CUST003335,0.6825,1,0
CUST039734,0.2647,0,0
CUST022484,0.0888,0,0
CUST032733,0.3969,0,0
CUST032155,0.143,0,0
CUST025858,0.7923,1,1
CUST001150,0.0902,0,0
CUST046924,0.8591,1,0
CUST039574,0.1157,0,0
CUST038547,0.6739,1,0
CUST041156,0.465,0,0
CUST010586,0.1673,0,0
CUST036817,0.2717,0,0
CUST007119,0.0557,0,0
CUST003599,0.0668,0,0
CUST015058,0.0792,0,0
CUST024483,0.4176,0,0
CUST006634,0.2345,0,0
CUST015169,0.0741,0,0
CUST024153,0.3443,0,0
CUST021957,0.8426,1,0
CUST003702,0.5698,1,0
CUST043075,0.1287,0,0
CUST040497,0.1394,0,0
CUST017263,0.0695,0,0
CUST008167,0.7354,1,0
CUST026457,0.094,0,0
CUST024207,0.3753,0,0
CUST000352,0.4281,0,0
CUST007593,0.0555,0,0
CUST017101,0.0837,0,0
CUST043035,0.4702,0,0
CUST047458,0.4425,0,0
CUST008835,0.2002,0,0
CUST005300,0.099,0,0
CUST028438,0.8725,1,0
CUST023683,0.0649,0,0
CUST014400,0.3343,0,0
CUST009258,0.1578,0,0
CUST023469,0.0796,0,0
CUST034072,0.549,1,0
CUST000146,0.3696,0,0
CUST034138,0.0496,0,0
CUST028665,0.632,1,1
CUST042804,0.1155,0,0
CUST000855,0.2068,0,0
CUST026210,0.098,0,0
CUST029301,0.1159,0,0
CUST029883,0.1675,0,0
CUST008132,0.1182,0,0
CUST004858,0.1132,0,0
CUST034905,0.5275,1,0
CUST034385,0.6252,1,0
CUST008612,0.1232,0,0
CUST028565,0.2267,0,0
CUST020953,0.0596,0,0
CUST003678,0.113,0,0
CUST033066,0.0675,0,0
CUST001612,0.2994,0,0
CUST002869,0.0729,0,0
CUST007222,0.614,1,0
CUST034860,0.5457,1,0
CUST030951,0.2998,0,0
CUST009891,0.887,1,1
CUST046152,0.0436,0,0
CUST011463,0.1406,0,0
CUST044329,0.0917,0,0
CUST013207,0.073,0,0
CUST049835,0.9294,1,1
CUST032898,0.1084,0,0
CUST019220,0.098,0,0
CUST020755,0.1522,0,0
CUST002473,0.4187,0,0
CUST009846,0.1282,0,0
CUST046401,0.1661,0,0
CUST032122,0.0979,0,0
CUST023428,0.0814,0,0
CUST037635,0.0673,0,0
CUST005721,0.0691,0,0
CUST038818,0.3215,0,0
CUST000681,0.0449,0,0
CUST042649,0.0375,0,0
CUST031271,0.3854,0,0
CUST047009,0.1109,0,0
CUST015611,0.3732,0,0
CUST021647,0.0607,0,0
CUST026787,0.0716,0,0
CUST014390,0.2565,0,0
CUST035704,0.8484,1,0
CUST039009,0.5404,1,0
CUST025673,0.4733,0,0
CUST042112,0.852,1,0
CUST040738,0.1199,0,0
CUST012253,0.0675,0,0
CUST000073,0.1394,0,0
CUST019831,0.0614,0,0
CUST049877,0.4914,0,0
CUST039830,0.4389,0,0
CUST047542,0.0875,0,0
CUST044974,0.9006,1,0
CUST028535,0.1393,0,0
CUST034759,0.0524,0,0
CUST033841,0.6956,1,0
CUST016486,0.2118,0,0
CUST011308,0.054,0,0
CUST038639,0.3147,0,0
CUST049563,0.0623,0,0
CUST006013,0.5581,1,0
CUST046960,0.1893,0,0
CUST033149,0.6554,1,0
CUST033318,0.0842,0,0
CUST049865,0.1069,0,0
CUST038753,0.0757,0,0
CUST011409,0.8971,1,1
CUST042774,0.0732,0,0
CUST001588,0.0662,0,0
CUST039440,0.0753,0,0
CUST023558,0.0792,0,0
CUST047607,0.2378,0,0
CUST023607,0.0631,0,0
CUST045470,0.0939,0,0
CUST018955,0.6858,1,0
CUST044910,0.0967,0,0
CUST021511,0.0572,0,0
CUST018343,0.1671,0,0
CUST043603,0.1422,0,0
CUST004121,0.0716,0,0
CUST001159,0.0702,0,0
CUST047639,0.1505,0,0
CUST048898,0.0497,0,0
CUST015776,0.1109,0,0
CUST041245,0.1337,0,0
CUST013162,0.8991,1,0
CUST036260,0.0571,0,0
CUST030377,0.0861,0,0
CUST016354,0.0713,0,0
CUST014879,0.0509,0,0
CUST006740,0.0952,0,0
CUST011010,0.083,0,0
CUST042127,0.0695,0,0
CUST016877,0.104,0,0
CUST006177,0.1506,0,0
CUST005610,0.07,0,0
CUST002878,0.0685,0,0
CUST026638,0.0728,0,0
CUST009471,0.8473,1,0
CUST043560,0.0813,0,0
CUST014062,0.0496,0,0
CUST031161,0.8991,1,0
CUST036572,0.1848,0,0
CUST002691,0.1759,0,0
CUST034104,0.0802,0,0
CUST039834,0.0508,0,0
CUST042907,0.2234,0,0
CUST043015,0.0387,0,0
CUST049254,0.0452,0,0
CUST032642,0.8968,1,1
CUST000575,0.2104,0,0
CUST044895,0.2062,0,0
CUST040211,0.108,0,0
CUST030528,0.0687,0,0
CUST004005,0.8614,1,1
CUST039395,0.8991,1,0
CUST031876,0.0501,0,0
CUST031862,0.0675,0,0
CUST028957,0.6351,1,0
CUST018567,0.6134,1,0
CUST016984,0.0642,0,0
CUST021284,0.189,0,0
CUST017415,0.0772,0,0
CUST012351,0.3854,0,0
CUST014531,0.0626,0,0
CUST033778,0.7918,1,0
CUST015253,0.0546,0,0
CUST013927,0.2119,0,0
CUST004732,0.7811,1,0
CUST033984,0.0889,0,0
CUST025197,0.1114,0,0
CUST036702,0.4409,0,0
CUST003968,0.0725,0,0
CUST031503,0.0568,0,0
CUST024807,0.3749,0,0
CUST036337,0.0866,0,0
CUST038636,0.4281,0,0
CUST021673,0.1002,0,0
CUST024574,0.0592,0,0
CUST011047,0.2436,0,0
CUST009706,0.5403,1,0
CUST020323,0.0854,0,0
CUST039049,0.0593,0,0
CUST019120,0.1001,0,0
CUST009367,0.0695,0,0
CUST027414,0.3197,0,0
CUST002387,0.1828,0,0
CUST031370,0.0437,0,0
CUST013359,0.6005,1,0
CUST022024,0.0831,0,0
CUST011365,0.2197,0,0
CUST028888,0.1954,0,0
CUST027238,0.2598,0,0
CUST031967,0.0966,0,0
CUST040806,0.3302,0,0
CUST017743,0.0746,0,0
CUST029059,0.8155,1,0
CUST031940,0.898,1,1
CUST040817,0.7859,1,1
CUST033241,0.2921,0,0
CUST043054,0.1937,0,0
CUST000117,0.1018,0,0
CUST018083,0.0565,0,0
CUST020672,0.1288,0,0
CUST037017,0.1317,0,0
CUST003878,0.0743,0,0
CUST012407,0.0942,0,0
CUST030887,0.0911,0,0
CUST002204,0.3197,0,0
CUST039915,0.2074,0,0
CUST043216,0.0506,0,0
CUST021400,0.0828,0,0
CUST014639,0.7082,1,0
CUST045431,0.1015,0,0
CUST041933,0.8334,1,0
CUST005453,0.0459,0,0
CUST046228,0.165,0,0
CUST049046,0.0558,0,0
CUST013726,0.4578,0,0
CUST004616,0.1072,0,0
CUST041424,0.0842,0,0
CUST009767,0.8498,1,0
CUST015561,0.0567,0,0
CUST009302,0.7205,1,1
CUST032032,0.4818,0,0
CUST001161,0.0675,0,0
CUST048934,0.0572,0,0
CUST022557,0.0687,0,0
CUST001959,0.0668,0,0
CUST021012,0.0789,0,0
CUST033039,0.0498,0,0
CUST036930,0.5396,1,0
CUST034740,0.0525,0,0
CUST030279,0.0576,0,0
CUST032967,0.0969,0,0
CUST049486,0.0557,0,0
CUST003692,0.0887,0,0
CUST017860,0.1156,0,0
CUST033889,0.0871,0,1
CUST003514,0.1402,0,0
CUST039526,0.0575,0,0
CUST017983,0.2695,0,0
CUST005196,0.0753,0,0
CUST023853,0.1435,0,0
CUST006142,0.1292,0,0
CUST044566,0.0496,0,0
CUST032839,0.0495,0,0
CUST037538,0.0715,0,0
CUST040598,0.587,1,0
CUST016223,0.2102,0,0
CUST022244,0.6416,1,1
CUST028773,0.2383,0,0
CUST019784,0.4947,0,0
CUST020638,0.4081,0,0
CUST021257,0.75,1,0
CUST035889,0.7586,1,1
CUST024472,0.0997,0,0
CUST003460,0.7825,1,1
CUST002446,0.4025,0,0
CUST008934,0.0801,0,0
CUST025236,0.1186,0,0
CUST003105,0.2944,0,0
CUST046619,0.1687,0,0
CUST002858,0.0767,0,0
CUST026429,0.852,1,0
CUST023049,0.3489,0,0
CUST049716,0.0713,0,0
CUST033687,0.0923,0,0
CUST040994,0.3054,0,0
CUST042477,0.1997,0,0
CUST036687,0.2,0,0
CUST004629,0.1862,0,0
CUST018537,0.3068,0,0
CUST021873,0.0532,0,0
CUST005343,0.2041,0,0
CUST048540,0.176,0,0
CUST030661,0.06,0,0
CUST007021,0.7164,1,0
CUST021116,0.1177,0,0
CUST015358,0.5867,1,0
CUST034357,0.776,1,0
CUST045526,0.1098,0,0
CUST016552,0.0776,0,0
CUST042251,0.1712,0,0
CUST026063,0.0477,0,0
CUST010679,0.0647,0,0
CUST005503,0.1379,0,0
CUST002148,0.8407,1,0
CUST008554,0.0618,0,0
CUST001347,0.795,1,0
CUST010758,0.0553,0,0
CUST003784,0.1159,0,0
CUST007376,0.1337,0,0
CUST001523,0.0548,0,0
CUST013572,0.1578,0,0
CUST038964,0.6871,1,0
CUST004842,0.0885,0,0
CUST032575,0.3523,0,0
CUST043547,0.4308,0,0
CUST004727,0.1985,0,0
CUST027141,0.7262,1,0
CUST047559,0.2263,0,0
CUST000367,0.1108,0,0
CUST014456,0.5867,1,0
CUST038556,0.1673,0,0
CUST027514,0.3823,0,0
CUST028729,0.0658,0,0
CUST049363,0.8166,1,0
CUST010032,0.0423,0,0
CUST015591,0.3197,0,0
CUST003171,0.2724,0,0
CUST028158,0.1064,0,0
CUST044173,0.0585,0,0
CUST011726,0.1215,0,0
CUST008600,0.0417,0,0
CUST016200,0.1204,0,0
CUST003254,0.1566,0,0
CUST011938,0.054,0,0
CUST020580,0.047,0,0
CUST040797,0.0786,0,0
CUST007663,0.0842,0,0
CUST016478,0.0475,0,0
CUST003207,0.1023,0,0
CUST046455,0.0767,0,0
CUST049468,0.0531,0,0
CUST012843,0.2464,0,0
CUST048573,0.2116,0,0
CUST044711,0.434,0,0
CUST002124,0.1221,0,0
CUST009388,0.0458,0,0
CUST009506,0.3204,0,0
CUST026262,0.0439,0,0
CUST029086,0.6858,1,0
CUST013258,0.0718,0,0
CUST023395,0.1161,0,0
CUST008935,0.1123,0,0
CUST007325,0.1795,0,0
CUST003998,0.1759,0,0
CUST020514,0.1721,0,0
CUST025767,0.1926,0,0
CUST037745,0.0907,0,0
CUST004075,0.0997,0,0
CUST014222,0.1412,0,0
CUST002981,0.1395,0,0
CUST014554,0.0793,0,0
CUST008781,0.0635,0,0
CUST005458,0.1607,0,0
CUST023452,0.0997,0,0
CUST005778,0.0578,0,0
CUST004345,0.1573,0,0
CUST019247,0.0753,0,0
CUST028051,0.1508,0,0
CUST015277,0.0615,0,0
CUST048712,0.0407,0,0
CUST012023,0.1866,0,0
CUST044971,0.1573,0,0
CUST018874,0.0904,0,0
CUST016766,0.0433,0,0
CUST023128,0.0448,0,0
CUST016499,0.0663,0,0
CUST006075,0.0408,0,0
CUST003365,0.0477,0,0
CUST040127,0.8338,1,0
CUST038047,0.075,0,0
CUST001002,0.8002,1,0
CUST025132,0.0515,0,0
CUST045749,0.622,1,0
CUST043144,0.574,1,0
CUST037409,0.077,0,0
CUST035414,0.0557,0,0
CUST025672,0.1437,0,0
CUST011901,0.1636,0,0
CUST005703,0.111,0,0
CUST001366,0.0513,0,0
CUST021922,0.0696,0,0
CUST045222,0.0668,0,0
CUST033341,0.0609,0,0
CUST032187,0.1063,0,0
CUST031828,0.6035,1,0
CUST048046,0.8856,1,0
CUST012465,0.8991,1,1
CUST014179,0.7672,1,0
CUST001256,0.0642,0,0
CUST004227,0.1406,0,0
CUST000312,0.1069,0,0
CUST000993,0.0862,0,0
CUST009399,0.321,0,0
CUST019497,0.0675,0,0
CUST038379,0.2196,0,0
CUST044125,0.3165,0,0
CUST043282,0.086,0,0
CUST022659,0.2685,0,0
CUST002338,0.0757,0,0
CUST014415,0.0503,0,0
CUST003010,0.4005,0,0
CUST022038,0.3845,0,0
CUST004849,0.1258,0,0
CUST039261,0.3559,0,0
CUST017572,0.109,0,0
CUST005918,0.04,0,0
CUST004125,0.0509,0,0
CUST001649,0.1827,0,0
CUST013583,0.5806,1,0
CUST033195,0.051,0,0
CUST000082,0.2141,0,0
CUST031982,0.198,0,0
CUST034270,0.8393,1,0
CUST048547,0.4832,0,1
CUST025161,0.1192,0,0
CUST023736,0.0975,0,0
CUST018091,0.4388,0,0
CUST002408,0.0477,0,0
CUST014506,0.092,0,0
CUST038090,0.2438,0,0
CUST040620,0.8147,1,0
CUST034414,0.0532,0,0
CUST048090,0.0826,0,0
CUST001180,0.2005,0,0
CUST036334,0.5706,1,0
CUST005178,0.1393,0,0
CUST020857,0.5457,1,0
CUST001169,0.8991,1,0
CUST021339,0.6758,1,0
CUST016003,0.3079,0,0
CUST048097,0.1645,0,0
CUST021905,0.1212,0,0
CUST004684,0.6192,1,0
CUST008921,0.0522,0,0
CUST025835,0.0895,0,0
CUST033891,0.0637,0,0
CUST021727,0.8342,1,0
CUST029972,0.1187,0,0
CUST018167,0.173,0,0
CUST039912,0.0822,0,0
CUST022879,0.3945,0,0
CUST017836,0.7772,1,0
CUST042916,0.1575,0,0
CUST033481,0.2267,0,0
CUST045163,0.1723,0,0
CUST038170,0.1494,0,0
CUST019443,0.0706,0,0
CUST026742,0.0675,0,0
CUST040624,0.0655,0,0
CUST024797,0.1377,0,0
CUST023653,0.6285,1,0
CUST036649,0.1004,0,0
CUST035883,0.8712,1,0
CUST041929,0.5525,1,1
CUST029603,0.0468,0,0
CUST043701,0.1559,0,0
CUST022393,0.0678,0,0
CUST011454,0.095,0,0
CUST029371,0.3212,0,0
CUST042776,0.0936,0,0
CUST009944,0.1124,0,0
CUST034572,0.3527,0,0
CUST031383,0.1346,0,0
CUST025031,0.852,1,0
CUST020980,0.0907,0,0
CUST009773,0.05,0,0
CUST017842,0.1172,0,0
CUST007550,0.0995,0,0
CUST014133,0.1149,0,0
CUST008855,0.0958,0,0
CUST027285,0.1048,0,0
CUST019564,0.1456,0,0
CUST001499,0.6005,1,0
CUST017953,0.1194,0,0
CUST009276,0.1035,0,0
CUST043502,0.3296,0,0
CUST006155,0.0672,0,0
CUST025243,0.1557,0,0
CUST010788,0.0891,0,0
CUST015389,0.132,0,0
CUST042041,0.6854,1,0
CUST036541,0.8416,1,0
CUST006456,0.1051,0,0
CUST019027,0.117,0,0
CUST019828,0.4467,0,0
CUST006007,0.0649,0,0
CUST036287,0.2404,0,0
CUST024295,0.1168,0,0
CUST047307,0.4483,0,0
CUST024470,0.0757,0,0
CUST029763,0.1828,0,0
CUST006402,0.0918,0,0
CUST021214,0.1916,0,0
CUST006677,0.1519,0,0
CUST001800,0.3913,0,0
CUST036608,0.1161,0,0
CUST018136,0.1952,0,0
CUST000517,0.5435,1,0
CUST002776,0.0726,0,0
CUST034586,0.0923,0,0
CUST025059,0.0673,0,0
CUST045887,0.0648,0,0
CUST027533,0.624,1,0
CUST007900,0.0379,0,0
CUST014436,0.2465,0,0
CUST001452,0.0575,0,0
CUST018914,0.0566,0,0
CUST031141,0.1452,0,0
CUST047018,0.3807,0,0
CUST012671,0.117,0,0
CUST025439,0.139,0,0
CUST045213,0.7589,1,0
CUST034869,0.0529,0,0
CUST027799,0.0846,0,0
CUST025431,0.1153,0,0
CUST041605,0.0803,0,0
CUST005579,0.0837,0,0
CUST045762,0.6126,1,0
CUST010629,0.1413,0,0
CUST001090,0.0839,0,0
CUST028516,0.0468,0,0
CUST048612,0.6102,1,0
CUST009686,0.7275,1,1
CUST024824,0.2998,0,0
CUST033445,0.0375,0,0
CUST021372,0.1343,0,0
CUST021072,0.0388,0,0
CUST024880,0.0922,0,0
CUST045562,0.0378,0,0
CUST038296,0.1843,0,0
CUST005098,0.0962,0,0
CUST044077,0.3407,0,0
CUST007304,0.449,0,0
CUST002023,0.4573,0,0
CUST036935,0.5779,1,0
CUST043110,0.105,0,0
CUST013757,0.8898,1,0
CUST003527,0.0545,0,0
CUST012446,0.1878,0,0
CUST033797,0.7517,1,1
CUST008595,0.0666,0,0
CUST031856,0.0712,0,0
CUST037469,0.0843,0,0
CUST036462,0.0824,0,0
CUST010463,0.0628,0,0
CUST005287,0.0885,0,0
CUST004393,0.0691,0,0
CUST004116,0.1124,0,0
CUST023591,0.395,0,0
CUST000989,0.0675,0,0
CUST026397,0.0613,0,0
CUST013720,0.1159,0,0
CUST030857,0.8974,1,0
CUST033805,0.0927,0,0
CUST018304,0.1557,0,0
CUST036131,0.1047,0,0
CUST000308,0.5478,1,0
CUST044130,0.6577,1,0
CUST031349,0.0462,0,0
CUST012707,0.1192,0,0
CUST049810,0.8749,1,0
CUST018856,0.1231,0,0
CUST028471,0.1289,0,0
CUST045169,0.0447,0,0
CUST026801,0.3757,0,0
CUST031359,0.0538,0,0
CUST049538,0.1189,0,0
CUST049127,0.0456,0,0
CUST022655,0.0616,0,0
CUST026140,0.0675,0,0
CUST034651,0.0449,0,0
CUST049332,0.0522,0,0
CUST040334,0.0858,0,0
CUST043558,0.0903,0,0
CUST039516,0.1159,0,0
CUST016156,0.8991,1,1
CUST037878,0.628,1,0
CUST032382,0.065,0,0
CUST047853,0.856,1,0
CUST046990,0.0633,0,0
CUST049528,0.0815,0,0
CUST030094,0.0411,0,0
CUST047419,0.8626,1,0
CUST031722,0.2293,0,0
CUST025866,0.2312,0,0
CUST037012,0.6624,1,0
CUST018847,0.0638,0,0
CUST034599,0.1763,0,0
CUST018259,0.1032,0,0
CUST033171,0.1694,0,0
CUST024245,0.1094,0,0
CUST039073,0.0988,0,0
CUST035235,0.0641,0,0
CUST023673,0.4259,0,0
CUST049348,0.1217,0,0
CUST028831,0.1095,0,0
CUST010163,0.1035,0,0
CUST042569,0.5454,1,0
CUST024240,0.8947,1,0
CUST013633,0.8203,1,0
CUST003459,0.0976,0,0
CUST010184,0.0967,0,0
CUST005122,0.0957,0,0
CUST011095,0.0675,0,0
CUST043395,0.904,1,1
CUST014955,0.4979,0,0
CUST009375,0.8617,1,0
CUST008395,0.0931,0,0
CUST019629,0.1813,0,0
CUST014324,0.1298,0,0
CUST045420,0.4372,0,0
CUST029414,0.0663,0,0
CUST045986,0.5907,1,1
CUST034011,0.0813,0,0
CUST015898,0.3457,0,0
CUST039317,0.4698,0,0
CUST021961,0.1066,0,0
CUST041074,0.1768,0,0
CUST009803,0.1465,0,0
CUST000633,0.5506,1,0
CUST042453,0.381,0,0
CUST021216,0.1609,0,0
CUST032663,0.0649,0,0
CUST047374,0.0819,0,0
CUST028009,0.1068,0,0
CUST041363,0.5688,1,0
CUST048466,0.0624,0,0
CUST009220,0.5867,1,0
CUST040155,0.7441,1,0
CUST002611,0.1674,0,0
CUST001269,0.0681,0,0
CUST038302,0.127,0,0
CUST003802,0.6434,1,0
CUST031170,0.1118,0,0
CUST011000,0.3186,0,0
CUST024673,0.0872,0,0
CUST013781,0.0548,0,0
CUST035300,0.7447,1,0
CUST003792,0.1554,0,0
CUST031483,0.064,0,0
CUST004062,0.2769,0,0
CUST019909,0.1055,0,0
CUST018120,0.4425,0,0
CUST035444,0.073,0,0
CUST018386,0.0903,0,0
CUST018038,0.101,0,0
CUST019689,0.5803,1,0
CUST025577,0.2849,0,0
CUST037912,0.433,0,0
CUST012782,0.0957,0,0
CUST017188,0.1109,0,0
CUST013173,0.8422,1,0
CUST008154,0.5198,1,0
CUST027722,0.1034,0,0
CUST013534,0.0759,0,0
CUST001084,0.0875,0,0
CUST000384,0.075,0,0
CUST021731,0.0444,0,0
CUST032889,0.1283,0,0
CUST040257,0.0598,0,0
CUST038514,0.7383,1,1
CUST037075,0.9109,1,1
CUST004636,0.2555,0,0
CUST048686,0.0672,0,0
CUST030075,0.1253,0,0
CUST045594,0.1366,0,0
CUST004495,0.8232,1,0
CUST028006,0.852,1,0
CUST009926,0.5794,1,0
CUST006652,0.0675,0,0
CUST037137,0.0597,0,0
CUST047941,0.8974,1,0
CUST003816,0.8588,1,0
CUST019267,0.0535,0,0
CUST041844,0.105,0,0
CUST035709,0.2131,0,0
CUST038519,0.1202,0,0
CUST046599,0.054,0,0
CUST008666,0.1216,0,0
CUST035877,0.9247,1,0
CUST043703,0.5794,1,0
CUST044284,0.1097,0,0
CUST002249,0.1008,0,0
CUST044838,0.0556,0,0
CUST019697,0.0606,0,0
CUST019501,0.6835,1,0
CUST028195,0.6291,1,1
CUST042611,0.0997,0,0
CUST028643,0.0884,0,0
CUST012989,0.1668,0,0
CUST033480,0.0524,0,0
CUST018213,0.7644,1,1
CUST046267,0.0513,0,0
CUST016035,0.7392,1,1
CUST000648,0.7231,1,0
CUST019691,0.1607,0,0
CUST013295,0.8498,1,0
CUST009003,0.1034,0,0
CUST009888,0.3183,0,0
CUST048048,0.0977,0,0
CUST034078,0.5544,1,0
CUST031240,0.3276,0,0
CUST025641,0.7077,1,0
CUST045636,0.0823,0,0
CUST007291,0.0758,0,0
CUST019484,0.0767,0,0
CUST005376,0.3557,0,0
CUST008415,0.3499,0,1
CUST011357,0.0992,0,0
CUST048531,0.1,0,0
CUST011825,0.227,0,0
CUST016170,0.0453,0,0
CUST036393,0.0444,0,0
CUST028753,0.5559,1,0
CUST021853,0.5036,1,0
CUST016083,0.0773,0,0
CUST046753,0.1131,0,0
CUST022213,0.1359,0,0
CUST017775,0.1192,0,0
CUST026081,0.0654,0,0
CUST049749,0.4005,0,0
CUST039607,0.7234,1,1
CUST033806,0.1073,0,0
CUST049237,0.0557,0,0
CUST037532,0.2957,0,0
CUST030867,0.0422,0,0
CUST003984,0.1445,0,0
CUST011772,0.0632,0,0
CUST043707,0.8367,1,0
CUST038402,0.1419,0,0
CUST001513,0.2252,0,0
CUST007598,0.852,1,1
CUST011122,0.1133,0,0
CUST009588,0.0582,0,0
CUST040068,0.0932,0,0
CUST012694,0.8422,1,0
CUST003636,0.3668,0,0
CUST047091,0.1011,0,0
CUST006586,0.184,0,0
CUST026544,0.2097,0,0
CUST014440,0.0903,0,0
CUST018606,0.0732,0,0
CUST011007,0.0709,0,0
CUST014980,0.8153,1,0
CUST014864,0.0486,0,0
CUST033165,0.0505,0,0
CUST024736,0.0785,0,0
CUST022547,0.0941,0,0
CUST008861,0.4425,0,1
CUST004368,0.4935,0,0
CUST045963,0.117,0,0
CUST034196,0.0689,0,0
CUST022256,0.0966,0,0
CUST007777,0.1418,0,0
CUST002659,0.6141,1,0
CUST008988,0.3611,0,0
CUST039640,0.2973,0,0
CUST013576,0.8869,1,0
CUST002698,0.1924,0,0
CUST016636,0.2681,0,0
CUST044253,0.0506,0,0
CUST041548,0.1014,0,0
CUST035256,0.5972,1,0
CUST008616,0.1487,0,0
CUST002920,0.1098,0,0
CUST029681,0.8471,1,0
CUST031573,0.0515,0,0
CUST029271,0.2047,0,0
CUST005896,0.5356,1,0
CUST042485,0.7124,1,0
CUST047627,0.0596,0,0
CUST011971,0.0548,0,0
CUST000456,0.3834,0,0
CUST010022,0.0805,0,0
CUST047812,0.106,0,0
CUST041848,0.2624,0,0
CUST036967,0.3894,0,0
CUST019994,0.8972,1,0
CUST021317,0.8717,1,0
CUST018782,0.119,0,0
CUST031672,0.0753,0,0
CUST006457,0.0855,0,0
CUST045206,0.1992,0,0
CUST038695,0.0811,0,0
CUST001413,0.8245,1,0
CUST047038,0.1294,0,0
CUST004615,0.1064,0,0
CUST023480,0.0814,0,0
CUST025447,0.0458,0,0
CUST005945,0.1586,0,0
CUST001072,0.2468,0,0
CUST041350,0.1352,0,0
CUST010337,0.0622,0,0
CUST008635,0.8231,1,0
CUST017536,0.2851,0,0
CUST041951,0.3233,0,0
CUST000098,0.7244,1,0
CUST006385,0.0675,0,0
CUST001937,0.3803,0,0
CUST047574,0.4474,0,0
CUST035253,0.0578,0,0
CUST048212,0.5319,1,0
CUST045737,0.1635,0,0
CUST033823,0.8322,1,0
CUST013819,0.1733,0,0
CUST027194,0.4315,0,0
CUST047716,0.6315,1,0
CUST047590,0.0721,0,0
CUST011528,0.0904,0,0
CUST045153,0.0601,0,0
CUST049252,0.3672,0,0
CUST037694,0.0735,0,0
CUST032760,0.1769,0,0
CUST026121,0.9006,1,0
CUST047581,0.0569,0,0
CUST002519,0.3175,0,0
CUST004299,0.1467,0,0
CUST003070,0.6023,1,0
CUST043881,0.1205,0,0
CUST006175,0.6995,1,0
CUST047228,0.0675,0,0
CUST019418,0.0697,0,0
CUST000224,0.0646,0,0
CUST048131,0.3053,0,0
CUST002857,0.115,0,0
CUST044648,0.899,1,0
CUST037573,0.0753,0,0
CUST010351,0.6979,1,0
CUST023190,0.7403,1,0
CUST033322,0.1246,0,0
CUST025323,0.145,0,0
CUST049064,0.0866,0,0
CUST043257,0.0912,0,0
CUST020127,0.2267,0,0
CUST034015,0.8139,1,0
CUST001807,0.2284,0,0
CUST003092,0.1517,0,0
CUST032903,0.129,0,0
CUST009781,0.7935,1,0
CUST020246,0.1511,0,0
CUST002953,0.0963,0,0
CUST015298,0.0423,0,0
CUST029708,0.1169,0,0
CUST030048,0.2287,0,0
CUST025134,0.7427,1,0
CUST013282,0.0675,0,0
CUST035886,0.8527,1,0
CUST015039,0.8287,1,0
CUST007022,0.0634,0,0
CUST045102,0.5505,1,0
CUST043168,0.6143,1,0
CUST036215,0.0651,0,0
CUST046254,0.0886,0,0
CUST021357,0.0538,0,0
CUST049935,0.8991,1,0
CUST035715,0.0941,0,0
CUST048259,0.3554,0,0
CUST030819,0.0428,0,0
CUST039438,0.2569,0,0
CUST005724,0.1118,0,0
CUST041566,0.0622,0,0
CUST049253,0.5578,1,0
CUST021480,0.186,0,0
CUST018274,0.4387,0,0
CUST026422,0.3154,0,0
CUST005445,0.0845,0,0
CUST007440,0.0786,0,0
CUST034140,0.5718,1,0
CUST044369,0.048,0,0
CUST029998,0.6329,1,0
CUST029004,0.0456,0,0
CUST015419,0.1114,0,0
CUST010536,0.0815,0,0
CUST039282,0.5625,1,0
CUST033610,0.51,1,0
CUST035216,0.0732,0,0
CUST018745,0.5192,1,0
CUST026747,0.0741,0,0
CUST024808,0.1139,0,0
CUST027128,0.0675,0,0
CUST000668,0.1503,0,0
CUST037350,0.184,0,0
CUST013106,0.0919,0,0
CUST044344,0.0721,0,0
CUST004422,0.2959,0,0
CUST020542,0.3566,0,0
CUST016464,0.1702,0,0
CUST019938,0.1268,0,0
CUST010004,0.1597,0,0
CUST005648,0.2007,0,0
CUST016524,0.0862,0,0
CUST043246,0.2314,0,0
CUST037787,0.1324,0,0
CUST005290,0.5457,1,0
CUST025851,0.8961,1,0
CUST032802,0.194,0,0
CUST046916,0.8252,1,0
CUST047833,0.0567,0,0
CUST030331,0.3652,0,0
CUST001844,0.13,0,0
CUST009811,0.4199,0,0
CUST025755,0.1759,0,0
CUST010819,0.1787,0,0
CUST015453,0.0733,0,0
CUST045955,0.3007,0,0
CUST003379,0.3861,0,0
CUST039531,0.5348,1,0
CUST018190,0.0608,0,0
CUST033844,0.3793,0,0
CUST036761,0.0433,0,0
CUST016492,0.8498,1,0
CUST034940,0.5122,1,0
CUST005481,0.3099,0,0
CUST016966,0.0767,0,0
CUST032013,0.0999,0,0
CUST017519,0.0731,0,0
CUST005361,0.1139,0,0
CUST028289,0.2851,0,0
CUST037021,0.127,0,0
CUST011346,0.115,0,0
CUST043245,0.3545,0,0
CUST004908,0.4067,0,0
CUST002612,0.1793,0,0
CUST006536,0.0675,0,0
CUST026994,0.7799,1,0
CUST043254,0.082,0,0
CUST007882,0.0595,0,0
CUST017792,0.0675,0,0
CUST007935,0.0731,0,0
CUST021876,0.7319,1,0
CUST023627,0.2371,0,0
CUST022258,0.658,1,0
CUST024787,0.5967,1,0
CUST037780,0.5633,1,0
CUST020471,0.1493,0,0
CUST011594,0.8991,1,0
CUST008622,0.3545,0,0
CUST022222,0.065,0,0
CUST017863,0.0553,0,0
CUST014026,0.119,0,0
CUST017495,0.1158,0,0
CUST034477,0.0575,0,0
CUST021878,0.7557,1,0
CUST038583,0.1337,0,0
CUST027541,0.6458,1,0
CUST037718,0.1087,0,0
CUST027031,0.8431,1,0
CUST006931,0.2179,0,0
CUST038467,0.8118,1,0
CUST038051,0.0975,0,0
CUST035141,0.055,0,0
CUST049651,0.0951,0,0
CUST016375,0.0431,0,0
CUST041928,0.0561,0,0
CUST007047,0.0579,0,0
CUST013322,0.0486,0,0
CUST039690,0.1673,0,0
CUST021681,0.4525,0,0
CUST003994,0.3776,0,0
CUST007651,0.0494,0,0
CUST029044,0.8519,1,0
CUST025886,0.1161,0,0
CUST040544,0.3081,0,0
CUST018219,0.1667,0,0
CUST026363,0.0616,0,0
CUST047249,0.0887,0,0
CUST045461,0.0582,0,0
CUST029217,0.4833,0,0
CUST001140,0.077,0,0
CUST042449,0.0799,0,0
CUST026549,0.0866,0,0
CUST004426,0.1587,0,0
CUST014677,0.8884,1,0
CUST031030,0.0461,0,0
CUST041543,0.0881,0,0
CUST047097,0.0675,0,0
CUST041421,0.2252,0,0
CUST035289,0.1441,0,0
CUST020859,0.0833,0,0
CUST016685,0.2267,0,0
CUST019414,0.0516,0,0
CUST035293,0.1709,0,0
CUST023728,0.0582,0,0
CUST042600,0.8208,1,0
CUST035020,0.0706,0,0
CUST047403,0.1487,0,0
CUST048657,0.1983,0,0
CUST003575,0.0725,0,0
CUST015717,0.0525,0,0
CUST026845,0.1433,0,0
CUST036550,0.7084,1,1
CUST018524,0.1338,0,0
CUST026316,0.0837,0,0
CUST044450,0.0844,0,0
CUST043650,0.1847,0,0
CUST001461,0.0954,0,0
CUST013803,0.0617,0,0
CUST006409,0.1062,0,0
CUST046529,0.6183,1,0
CUST009215,0.0813,0,0
CUST025261,0.0701,0,0
CUST004200,0.759,1,0
CUST027995,0.0566,0,0
CUST002956,0.0847,0,0
CUST027236,0.0559,0,0
CUST031336,0.072,0,0
CUST037673,0.0557,0,0
CUST023971,0.0512,0,0
CUST034299,0.0904,0,0
CUST020929,0.7946,1,1
CUST049915,0.0802,0,0
CUST033885,0.1253,0,0
CUST041911,0.2297,0,0
CUST034920,0.1552,0,0
CUST018060,0.1393,0,0
CUST031636,0.1027,0,0
CUST035285,0.0743,0,0
CUST026772,0.096,0,0
CUST047591,0.6253,1,0
CUST032546,0.0471,0,0
CUST009515,0.0765,0,0
CUST033034,0.1287,0,0
CUST000444,0.0567,0,0
CUST005466,0.8734,1,0
CUST022439,0.0802,0,0
CUST019646,0.7024,1,0
CUST034592,0.1717,0,0
CUST046578,0.2852,0,0
CUST019678,0.0884,0,0
CUST036048,0.1169,0,0
CUST039594,0.0675,0,0
CUST023034,0.1956,0,0
CUST040763,0.0958,0,0
CUST003555,0.5877,1,0
CUST007059,0.0884,0,0
CUST033665,0.0695,0,0
CUST038505,0.2576,0,0
CUST041455,0.4815,0,0
CUST014371,0.0856,0,0
CUST032644,0.5673,1,0
CUST017696,0.1951,0,0
CUST014322,0.1921,0,0
CUST016448,0.152,0,0
CUST046520,0.5913,1,0
CUST035058,0.5505,1,0
CUST017341,0.1253,0,0
CUST010974,0.1094,0,0
CUST038905,0.3132,0,0
CUST040167,0.638,1,0
CUST030699,0.1179,0,0
CUST022853,0.0545,0,0
CUST045797,0.1131,0,0
CUST038507,0.0835,0,0
CUST047466,0.0702,0,0
CUST002043,0.1951,0,0
CUST005370,0.7021,1,0
CUST019074,0.4381,0,0
CUST013409,0.1084,0,0
CUST004246,0.1121,0,0
CUST003755,0.0627,0,0
CUST040391,0.139,0,0
CUST049955,0.7952,1,0
CUST048251,0.0816,0,0
CUST019551,0.2721,0,0
CUST036701,0.1073,0,0
CUST005941,0.2799,0,0
CUST010839,0.0698,0,0
CUST018002,0.1145,0,0
CUST046921,0.3935,0,0
CUST012898,0.2011,0,0
CUST049406,0.0396,0,0
CUST036403,0.1197,0,0
CUST048069,0.7087,1,0
CUST036219,0.0741,0,0
CUST044049,0.644,1,0
CUST015797,0.0702,0,0
CUST038209,0.1158,0,0
CUST022995,0.1124,0,0
CUST045032,0.1039,0,0
CUST031100,0.4977,0,0
CUST017318,0.2381,0,0
CUST041804,0.3222,0,0
CUST008894,0.0683,0,0
CUST005150,0.1335,0,0
CUST013454,0.111,0,0
CUST012705,0.2131,0,0
CUST018252,0.1445,0,0
CUST037379,0.1702,0,0
CUST042396,0.135,0,0
CUST026470,0.0521,0,0
CUST035325,0.0895,0,0
CUST010058,0.197,0,0
CUST043904,0.0724,0,0
CUST041596,0.5398,1,0
CUST036505,0.1845,0,0
CUST024665,0.5865,1,0
CUST024450,0.7877,1,0
CUST003973,0.0939,0,0
CUST015250,0.0374,0,0
CUST037201,0.2358,0,0
CUST009855,0.041,0,0
CUST023057,0.0609,0,0
CUST015452,0.1146,0,0
CUST000410,0.1066,0,0
CUST004323,0.2364,0,0
CUST047265,0.5214,1,0
CUST030314,0.2674,0,0
CUST021323,0.8991,1,0
CUST020147,0.6264,1,0
CUST003418,0.607,1,0
CUST007163,0.0969,0,0
CUST012722,0.5963,1,0
CUST041704,0.2709,0,0
CUST023117,0.0916,0,0
CUST024169,0.2459,0,0
CUST028845,0.0977,0,0
CUST029867,0.0995,0,0
CUST009350,0.8898,1,1
CUST025108,0.1006,0,0
CUST041333,0.4926,0,0
CUST004589,0.5673,1,0
CUST032654,0.7796,1,0
CUST033474,0.0707,0,0
CUST007582,0.0675,0,0
CUST010471,0.0751,0,0
CUST008968,0.1048,0,0
CUST018281,0.8395,1,0
CUST026520,0.1645,0,0
CUST027335,0.0647,0,0
CUST006729,0.1451,0,0
CUST011811,0.0949,0,0
CUST029549,0.7623,1,0
CUST021042,0.1697,0,0
CUST037902,0.093,0,0
CUST042494,0.0793,0,0
CUST008640,0.0969,0,0
CUST028539,0.0505,0,0
CUST030291,0.189,0,0
CUST034877,0.1179,0,0
CUST040023,0.9006,1,0
CUST022374,0.6862,1,0
CUST002329,0.1168,0,0
CUST020653,0.6429,1,0
CUST035875,0.105,0,0
CUST020920,0.1941,0,0
CUST048575,0.0515,0,0
CUST040464,0.1064,0,0
CUST023406,0.6005,1,0
CUST017433,0.1952,0,0
CUST041030,0.1306,0,0
CUST026754,0.0557,0,0
CUST038057,0.5925,1,0
CUST021812,0.07,0,0
CUST047931,0.6883,1,0
CUST040571,0.0533,0,0
CUST000625,0.0425,0,0
CUST020889,0.0535,0,0
CUST000882,0.0444,0,0
CUST030363,0.3756,0,0
CUST048782,0.1365,0,0
CUST024772,0.1136,0,0
CUST044953,0.0396,0,0
CUST033701,0.1308,0,0
CUST000036,0.0705,0,0
CUST021345,0.0802,0,0
CUST046479,0.0488,0,0
CUST022117,0.105,0,0
CUST023184,0.1159,0,0
CUST025399,0.0481,0,0
CUST048369,0.2201,0,0
CUST009937,0.4379,0,0
CUST016152,0.1245,0,0
CUST031472,0.0751,0,0
CUST037740,0.1218,0,0
CUST044073,0.0932,0,0
CUST017674,0.0427,0,0
CUST045941,0.2896,0,0
CUST038448,0.1841,0,0
CUST029670,0.4624,0,0
CUST021925,0.1483,0,0
CUST037089,0.1306,0,0
CUST049421,0.6981,1,0
CUST025982,0.5169,1,0
CUST042677,0.0578,0,0
CUST038909,0.7292,1,0
CUST031047,0.1765,0,0
CUST040723,0.0659,0,0
CUST029845,0.0545,0,0
CUST047389,0.7187,1,0
CUST037957,0.4243,0,0
CUST035727,0.1645,0,0
CUST045644,0.8416,1,0
CUST004284,0.1862,0,0
CUST009780,0.9025,1,1
CUST022536,0.5321,1,0
CUST002207,0.1634,0,0
CUST039702,0.0608,0,0
CUST004228,0.0504,0,0
CUST011446,0.5585,1,0
CUST011062,0.1421,0,0
CUST004822,0.0649,0,0
CUST024622,0.0731,0,0
CUST046576,0.8082,1,0
CUST022450,0.8787,1,0
CUST017604,0.059,0,0
CUST023162,0.1196,0,0
CUST019671,0.0703,0,0
CUST044741,0.0414,0,0
CUST015381,0.0607,0,0
CUST049364,0.2011,0,0
CUST029177,0.0695,0,0
CUST022042,0.3831,0,0
CUST023024,0.0764,0,0
CUST004590,0.1985,0,0
CUST033737,0.0618,0,0
CUST000239,0.0802,0,0
CUST005475,0.8928,1,0
CUST024236,0.0616,0,0
CUST025640,0.0742,0,0
CUST039253,0.0746,0,0
CUST009025,0.1213,0,0
CUST043878,0.783,1,0
CUST018751,0.0951,0,0
CUST023380,0.1159,0,0
CUST037306,0.105,0,0
CUST028599,0.0753,0,0
CUST047747,0.6789,1,0
CUST001287,0.0552,0,0
CUST024788,0.1127,0,0
CUST021781,0.0867,0,0
CUST005413,0.6883,1,1
CUST023914,0.0969,0,0
CUST015687,0.8322,1,0
CUST011207,0.0695,0,0
CUST021791,0.5594,1,0
CUST048861,0.8647,1,0
CUST033675,0.8861,1,1
CUST019873,0.1632,0,0
CUST037647,0.301,0,0
CUST007266,0.8231,1,0
CUST040580,0.0615,0,0
CUST041260,0.1767,0,0
CUST012499,0.4999,0,0
CUST015638,0.5962,1,0
CUST033653,0.0935,0,0
CUST029071,0.0488,0,0
CUST036220,0.0646,0,0
CUST003215,0.0675,0,0
CUST036976,0.1636,0,0
CUST018744,0.1177,0,0
CUST011460,0.0716,0,0
CUST028465,0.0455,0,0
CUST027839,0.8821,1,0
CUST013682,0.9269,1,1
CUST003155,0.0784,0,0
CUST049289,0.0532,0,0
CUST018838,0.1701,0,0
CUST034257,0.1364,0,0
CUST036385,0.0662,0,0
CUST046616,0.1344,0,0
CUST026499,0.038,0,0
CUST027693,0.8305,1,0
CUST042336,0.4503,0,0
CUST039478,0.1606,0,0
CUST020888,0.3081,0,0
CUST008806,0.3236,0,0
CUST022987,0.1871,0,0
CUST037806,0.3074,0,0
CUST030192,0.1745,0,0
CUST007110,0.0675,0,0
CUST026672,0.7809,1,0
CUST047675,0.0406,0,0
CUST021071,0.0675,0,0
CUST025095,0.1413,0,0
CUST026100,0.4702,0,0
CUST012234,0.0817,0,0
CUST037769,0.1767,0,0
CUST046893,0.5716,1,0
CUST000659,0.1321,0,0
CUST038349,0.089,0,0
CUST021264,0.0806,0,0
CUST043923,0.6143,1,0
CUST048150,0.6305,1,0
CUST027692,0.8815,1,0
CUST000065,0.1741,0,0
CUST048800,0.0525,0,0
CUST017282,0.8359,1,0
CUST013795,0.6007,1,0
CUST036685,0.7177,1,0
CUST017478,0.102,0,0
CUST009594,0.0467,0,0
CUST021307,0.1101,0,0
CUST038417,0.5134,1,0
CUST045649,0.1406,0,0
CUST023900,0.693,1,0
CUST036589,0.1263,0,0
CUST026019,0.0831,0,0
CUST017639,0.1161,0,0
CUST001111,0.7657,1,0
CUST023084,0.1039,0,0
CUST048103,0.3996,0,0
CUST013907,0.1072,0,0
CUST011558,0.8156,1,1
CUST037888,0.143,0,0
CUST021274,0.045,0,0
CUST028671,0.2511,0,0
CUST033192,0.753,1,0
CUST034754,0.1953,0,0
CUST008583,0.8498,1,0
CUST007472,0.7442,1,0
CUST014847,0.1239,0,0
CUST021312,0.0676,0,0
CUST042018,0.2658,0,0
CUST019272,0.1688,0,0
CUST019033,0.1899,0,0
CUST002677,0.1173,0,0
CUST031371,0.4525,0,0
CUST042497,0.0616,0,0
CUST027383,0.2469,0,0
CUST029099,0.0675,0,0
CUST026261,0.1202,0,0
CUST040777,0.4338,0,1
CUST007944,0.0465,0,0
CUST012991,0.0572,0,0
CUST000901,0.0675,0,0
CUST021789,0.0526,0,0
CUST005365,0.204,0,0
CUST025707,0.3558,0,0
CUST006304,0.0446,0,0
CUST019042,0.0449,0,0
CUST027315,0.0988,0,0
CUST035618,0.1312,0,0
CUST009946,0.1424,0,0
CUST043355,0.2036,0,0
CUST014369,0.0823,0,0
CUST028040,0.399,0,0
CUST032652,0.0578,0,0
CUST020075,0.0675,0,0
CUST034263,0.6071,1,0
CUST030930,0.0349,0,0
CUST004733,0.4424,0,0
CUST004320,0.7774,1,1
CUST025037,0.6356,1,0
CUST003466,0.4884,0,0
CUST038814,0.4625,0,0
CUST049083,0.86,1,0
CUST011250,0.2308,0,0
CUST013027,0.1058,0,0
CUST027868,0.1825,0,0
CUST036130,0.3681,0,0
CUST035981,0.1872,0,0
CUST021118,0.1668,0,0
CUST042487,0.6798,1,0
CUST020712,0.1004,0,0
CUST000861,0.0387,0,0
CUST030964,0.0557,0,0
CUST031097,0.1009,0,0
CUST044121,0.5361,1,0
CUST008767,0.0778,0,0
CUST033668,0.0776,0,0
CUST018601,0.0483,0,0
CUST041878,0.5958,1,0
CUST047421,0.0883,0,0
CUST036338,0.0736,0,0
CUST011126,0.1356,0,0
CUST021212,0.0555,0,0
CUST041570,0.1942,0,0
CUST012891,0.0878,0,0
CUST024783,0.0888,0,0
CUST030676,0.2404,0,0
CUST017214,0.1241,0,0
CUST048411,0.4189,0,0
CUST048308,0.1148,0,0
CUST030824,0.7084,1,0
CUST032440,0.099,0,0
CUST048313,0.037,0,0
CUST030681,0.0378,0,0
CUST033467,0.0557,0,0
CUST011930,0.1741,0,0
CUST036333,0.5857,1,0
CUST028148,0.089,0,0
CUST025718,0.0413,0,0
CUST028062,0.1178,0,0
CUST049556,0.075,0,0
CUST012934,0.1003,0,0
CUST032570,0.1108,0,0
CUST027812,0.1033,0,0
CUST035516,0.8472,1,0
CUST021192,0.7416,1,0
CUST030598,0.4405,0,0
CUST042536,0.1274,0,0
CUST041599,0.052,0,0
CUST014392,0.2,0,0
CUST000640,0.6286,1,0
CUST044021,0.7099,1,0
CUST004401,0.0764,0,0
CUST017843,0.1079,0,0
CUST009986,0.1738,0,0
CUST045591,0.0933,0,0
CUST018062,0.8561,1,0
CUST001391,0.0603,0,0
CUST024861,0.0791,0,0
CUST002240,0.546,1,0
CUST027646,0.0971,0,0
CUST018181,0.8567,1,1
CUST025340,0.8624,1,1
CUST002837,0.0849,0,0
CUST016936,0.0398,0,0
CUST021343,0.2546,0,0
CUST045937,0.8351,1,0
CUST003450,0.0738,0,0
CUST005536,0.0609,0,0
CUST000201,0.1113,0,0
CUST018249,0.0845,0,0
CUST008257,0.1501,0,0
CUST017763,0.1114,0,0
CUST040947,0.7516,1,0
CUST026646,0.1556,0,0
CUST014963,0.1075,0,0
CUST001917,0.8397,1,0
CUST034784,0.8692,1,0
CUST048421,0.3587,0,0
CUST024118,0.0559,0,0
CUST003504,0.0549,0,0
CUST044879,0.1153,0,0
CUST044551,0.0699,0,0
CUST039413,0.0627,0,0
CUST038434,0.0675,0,0
CUST048614,0.0915,0,0
CUST006267,0.0704,0,0
CUST041607,0.1226,0,0
CUST012385,0.1366,0,0
CUST017847,0.2105,0,0
CUST046307,0.7924,1,0
CUST018826,0.852,1,0
CUST008682,0.0556,0,0
CUST015900,0.0424,0,0
CUST011348,0.0552,0,0
CUST009411,0.0987,0,0
CUST026589,0.7316,1,0
CUST019716,0.1781,0,0
CUST006130,0.3115,0,0
CUST000251,0.118,0,0
CUST016591,0.1047,0,0
CUST002211,0.0854,0,0
CUST019976,0.0689,0,0
CUST017172,0.1648,0,0
CUST007693,0.0549,0,0
CUST036422,0.2405,0,0
CUST040022,0.9189,1,0
CUST027073,0.7963,1,0
CUST014634,0.1221,0,0
CUST011388,0.0806,0,0
CUST010886,0.4866,0,0
CUST039782,0.3539,0,0
CUST004901,0.0847,0,0
CUST032323,0.5035,1,0
CUST012574,0.2524,0,0
CUST043785,0.0624,0,0
CUST035262,0.0832,0,0
CUST038410,0.3787,0,0
CUST048163,0.2133,0,0
CUST015592,0.0882,0,0
CUST035123,0.0925,0,0
CUST036538,0.0965,0,0
CUST001773,0.243,0,0
CUST029185,0.5963,1,0
CUST018971,0.0739,0,0
CUST039825,0.8111,1,0
CUST047117,0.1885,0,0
CUST041009,0.1455,0,0
CUST019245,0.2718,0,0
CUST029540,0.3463,0,0
CUST047644,0.0571,0,0
CUST040780,0.1218,0,0
CUST012074,0.0808,0,0
CUST015842,0.2307,0,0
CUST039864,0.0985,0,0
CUST008466,0.0675,0,0
CUST001826,0.259,0,0
CUST004954,0.7423,1,0
CUST046769,0.1312,0,0
CUST016247,0.1152,0,0
CUST027213,0.0758,0,0
CUST047680,0.1031,0,0
CUST035450,0.0812,0,0
CUST000570,0.596,1,0
CUST003659,0.1987,0,0
CUST033886,0.1292,0,0
CUST025259,0.0675,0,0
CUST048483,0.1262,0,0
CUST005740,0.1629,0,0
CUST009841,0.0675,0,0
CUST022168,0.0586,0,0
CUST012366,0.1516,0,0
CUST041346,0.3008,0,0
CUST011214,0.0846,0,0
CUST000795,0.057,0,0
CUST004594,0.0819,0,0
CUST010458,0.1369,0,0
CUST030755,0.0884,0,0
CUST037685,0.1132,0,0
CUST040468,0.7039,1,0
CUST034703,0.1813,0,0
CUST018113,0.1623,0,0
CUST031048,0.2724,0,0
CUST004863,0.0753,0,0
CUST030730,0.1299,0,0
CUST012440,0.2113,0,0
CUST024863,0.201,0,0
CUST010866,0.4092,0,0
CUST048351,0.1031,0,0
CUST008571,0.0781,0,0
CUST027002,0.2016,0,0
CUST029544,0.537,1,0
CUST049703,0.054,0,0
CUST033349,0.9005,1,0
CUST025837,0.2358,0,1
CUST001122,0.6192,1,0
CUST026624,0.1057,0,0
CUST033124,0.7731,1,0
CUST005086,0.0666,0,0
CUST028818,0.0579,0,0
CUST036374,0.2071,0,0
CUST046937,0.1233,0,0
CUST035267,0.0513,0,0
CUST046442,0.0557,0,0
CUST042779,0.3094,0,0
CUST028972,0.2235,0,0
CUST000160,0.1827,0,0
CUST013450,0.7493,1,0
CUST020495,0.702,1,0
CUST047749,0.0943,0,0
CUST044487,0.0633,0,0
CUST003102,0.0557,0,0
CUST045173,0.0776,0,0
CUST029993,0.1836,0,0
CUST024523,0.0688,0,0
CUST028680,0.1517,0,0
CUST006200,0.0587,0,0
CUST028912,0.0651,0,0
CUST015827,0.6071,1,0
CUST049921,0.166,0,0
CUST029017,0.6547,1,0
CUST004638,0.5165,1,0
CUST009608,0.0607,0,0
CUST045611,0.4296,0,0
CUST049784,0.1657,0,0
CUST019555,0.1864,0,0
CUST019590,0.1088,0,0
CUST034322,0.1957,0,0
CUST004481,0.2336,0,1
CUST019900,0.1196,0,0
CUST049646,0.0895,0,0
CUST024856,0.1097,0,0
CUST026466,0.0551,0,0
CUST012135,0.1028,0,0
CUST042225,0.351,0,0
CUST049298,0.0764,0,0
CUST021720,0.2136,0,0
CUST004891,0.3809,0,0
CUST032718,0.112,0,0
CUST034727,0.4044,0,0
CUST046938,0.8498,1,0
CUST012263,0.7485,1,0
CUST018906,0.2342,0,0
CUST048918,0.0774,0,0
CUST045492,0.1112,0,0
CUST018675,0.0514,0,0
CUST020154,0.4817,0,0
CUST046116,0.8831,1,0
CUST048245,0.093,0,0
CUST001871,0.108,0,0
CUST006165,0.0773,0,0
CUST028278,0.1302,0,0
CUST033510,0.3628,0,0
CUST002467,0.3459,0,0
CUST000652,0.077,0,0
CUST017485,0.131,0,0
CUST021078,0.2076,0,0
CUST020335,0.6018,1,0
CUST031981,0.0546,0,0
CUST031744,0.1291,0,0
CUST015122,0.0675,0,0
CUST014926,0.2745,0,0
CUST042659,0.0546,0,0
CUST045869,0.8343,1,0
CUST037855,0.3131,0,0
CUST030747,0.1758,0,0
CUST023854,0.6354,1,0
CUST023622,0.264,0,0
CUST025330,0.2605,0,0
CUST003701,0.0531,0,0
CUST036629,0.1276,0,0
CUST022358,0.6005,1,0
CUST007232,0.0978,0,0
CUST048525,0.0557,0,0
CUST037033,0.6049,1,0
CUST023947,0.9039,1,0
CUST018225,0.1126,0,0
CUST010353,0.3994,0,0
CUST002766,0.0815,0,0
CUST000531,0.2851,0,0
CUST000544,0.0526,0,0
CUST042736,0.8991,1,1
CUST018048,0.0501,0,0
CUST011568,0.1402,0,0
CUST015483,0.0598,0,0
CUST025063,0.2963,0,0
CUST012591,0.1101,0,0
CUST029263,0.0941,0,0
CUST028962,0.7963,1,0
CUST047699,0.2219,0,0
CUST044576,0.0557,0,0
CUST040404,0.1475,0,0
CUST000300,0.1719,0,0
CUST006636,0.4692,0,0
CUST020579,0.8253,1,0
CUST029411,0.2033,0,0
CUST012728,0.5057,1,0
CUST034214,0.4788,0,0
CUST034111,0.7568,1,1
CUST038601,0.6189,1,0
CUST036289,0.1874,0,0
CUST035281,0.1043,0,0
CUST019740,0.0912,0,0
CUST006907,0.5766,1,0
CUST025724,0.4139,0,0
CUST037925,0.1856,0,0
CUST030737,0.8293,1,1
CUST020342,0.0786,0,0
CUST005693,0.2677,0,0
CUST033815,0.0917,0,0
CUST001989,0.6324,1,0
CUST036097,0.9006,1,0
CUST046580,0.1261,0,0
CUST004606,0.1026,0,0
CUST018588,0.0873,0,0
CUST049290,0.1153,0,0
CUST026387,0.2381,0,0
CUST039653,0.0962,0,0
CUST029139,0.0988,0,0
CUST019504,0.1972,0,0
CUST041815,0.057,0,0
CUST026103,0.0993,0,0
CUST001553,0.8991,1,1
CUST041061,0.0613,0,0
CUST025974,0.8991,1,1
CUST024854,0.2751,0,0
CUST009555,0.2892,0,0
CUST038472,0.0907,0,0
CUST042286,0.064,0,0
CUST010418,0.0654,0,0
CUST023987,0.3855,0,0
CUST001755,0.5457,1,0
CUST006625,0.4543,0,0
CUST006845,0.0976,0,0
CUST017215,0.3976,0,0
CUST035411,0.1267,0,0
CUST017343,0.6423,1,0
CUST040085,0.3855,0,0
CUST020861,0.0911,0,0
CUST024515,0.2391,0,0
CUST007438,0.8062,1,0
CUST010072,0.0847,0,0
CUST044553,0.0733,0,0
CUST004981,0.0801,0,0
CUST044480,0.8776,1,0
CUST033543,0.6254,1,0
CUST049282,0.04,0,0
CUST039919,0.8812,1,0
CUST033680,0.3457,0,0
CUST005963,0.2187,0,0
CUST026249,0.438,0,0
CUST047210,0.1312,0,0
CUST033705,0.4245,0,0
CUST037648,0.0611,0,0
CUST003020,0.074,0,0
CUST011317,0.1888,0,0
CUST045811,0.0781,0,0
CUST019881,0.3284,0,0
CUST028170,0.0753,0,0
CUST047402,0.0905,0,0
CUST001248,0.0385,0,0
CUST018240,0.326,0,0
CUST005457,0.1771,0,0
CUST004560,0.0535,0,0
CUST043484,0.3012,0,0
CUST048897,0.1319,0,0
CUST016311,0.0885,0,0
CUST024291,0.3897,0,0
CUST025830,0.1196,0,0
CUST032549,0.4506,0,0
CUST042833,0.4687,0,0
CUST049020,0.0967,0,0
CUST037832,0.5585,1,0
CUST031560,0.3834,0,0
CUST004577,0.1021,0,0
CUST002682,0.0619,0,0
CUST009981,0.8488,1,0
CUST027757,0.0586,0,0
CUST047935,0.793,1,0
CUST005634,0.0526,0,0
CUST035320,0.0892,0,0
CUST049460,0.1904,0,0
CUST018903,0.052,0,0
CUST012425,0.0391,0,0
CUST040087,0.172,0,0
CUST029647,0.2778,0,0
CUST033311,0.0478,0,0
CUST040927,0.4596,0,0
CUST004905,0.2567,0,0
CUST040595,0.0515,0,0
CUST012443,0.1141,0,0
CUST045912,0.0704,0,0
CUST019359,0.1667,0,0
CUST028147,0.0544,0,0
CUST033154,0.0627,0,0
CUST006758,0.0666,0,0
CUST027211,0.108,0,0
CUST007135,0.8919,1,0
CUST047162,0.7489,1,0
CUST021759,0.0889,0,0
CUST007872,0.0673,0,0
CUST001786,0.2243,0,0
CUST004548,0.8035,1,0
CUST030018,0.6919,1,0
CUST041683,0.0886,0,0
CUST008889,0.7507,1,0
CUST043158,0.0574,0,0
CUST009835,0.0457,0,0
CUST001977,0.8991,1,0
CUST013309,0.0679,0,0
CUST040227,0.1401,0,0
CUST008615,0.0866,0,0
CUST006578,0.7112,1,0
CUST032822,0.2339,0,0
CUST011941,0.2218,0,0
CUST040925,0.3608,0,0
CUST038813,0.0687,0,0
CUST000702,0.0793,0,0
CUST022386,0.0636,0,0
CUST019186,0.1292,0,0
CUST008171,0.1187,0,0
CUST027307,0.0494,0,0
CUST027976,0.2262,0,0
CUST023880,0.2069,0,0
CUST016856,0.2074,0,0
CUST045192,0.576,1,1
CUST032478,0.058,0,0
CUST042054,0.1064,0,0
CUST035310,0.0675,0,0
CUST009916,0.1598,0,0
CUST010501,0.0609,0,0
CUST033140,0.0675,0,0
CUST023507,0.055,0,0
CUST017293,0.1175,0,0
CUST045247,0.1337,0,0
CUST029257,0.6868,1,0
CUST025779,0.6988,1,0
CUST011330,0.0825,0,0
CUST029963,0.4642,0,0
CUST030801,0.3237,0,0
CUST044438,0.5332,1,0
CUST038205,0.1284,0,0
CUST026152,0.1975,0,0
CUST020074,0.4855,0,0
CUST002600,0.0571,0,0
CUST025559,0.0831,0,0
CUST005997,0.1185,0,0
CUST014485,0.0828,0,0
CUST031962,0.047,0,0
CUST049189,0.1516,0,0
CUST005243,0.5075,1,0
CUST008369,0.0561,0,0
CUST001622,0.0486,0,0
CUST006608,0.334,0,0
CUST046269,0.1165,0,0
CUST024192,0.056,0,0
CUST046660,0.2908,0,0
CUST046816,0.2137,0,0
CUST013530,0.6066,1,0
CUST037604,0.6434,1,0
CUST048964,0.0753,0,0
CUST008248,0.0662,0,0
CUST036774,0.0587,0,0
CUST034585,0.8322,1,0
CUST006419,0.0716,0,0
CUST001096,0.1034,0,0
CUST000523,0.857,1,0
CUST038596,0.3015,0,0
CUST004167,0.4005,0,0
CUST006533,0.0838,0,0
CUST045275,0.1936,0,0
CUST047782,0.1906,0,0
CUST034825,0.096,0,0
CUST040401,0.1817,0,0
CUST002861,0.4531,0,0
CUST038805,0.1672,0,0
CUST038111,0.0981,0,0
CUST027365,0.4692,0,0
CUST022741,0.1152,0,0
CUST027920,0.0776,0,0
CUST045979,0.7712,1,1
CUST003956,0.0668,0,0
CUST040439,0.2239,0,0
CUST016926,0.1409,0,0
CUST045847,0.7678,1,0
CUST022720,0.1204,0,0
CUST013333,0.1006,0,0
CUST040934,0.0396,0,0
CUST037129,0.7345,1,0
CUST018977,0.8626,1,0
CUST021462,0.0835,0,0
CUST008458,0.102,0,0
CUST010760,0.0748,0,0
CUST040527,0.5089,1,0
CUST025576,0.0482,0,0
CUST026619,0.0623,0,0
CUST024200,0.1679,0,0
CUST010661,0.0797,0,0
CUST029338,0.0729,0,0
CUST001365,0.0554,0,0
CUST042778,0.0612,0,0
CUST027998,0.7165,1,0
CUST024453,0.5912,1,0
CUST043113,0.0815,0,0
CUST017628,0.6896,1,0
CUST016490,0.0557,0,0
CUST008424,0.1478,0,0
CUST016817,0.1591,0,0
CUST046446,0.0394,0,0
CUST025086,0.1073,0,0
CUST040481,0.0538,0,0
CUST000283,0.4248,0,0
CUST020434,0.0385,0,0
CUST017259,0.0914,0,0
CUST005786,0.0502,0,0
CUST003577,0.0514,0,0
CUST012358,0.4092,0,0
CUST041410,0.1543,0,0
CUST047147,0.2103,0,0
CUST032438,0.0598,0,0
CUST045513,0.3316,0,0
CUST049900,0.1594,0,0
CUST048469,0.8473,1,0
CUST040687,0.1456,0,0
CUST008938,0.0461,0,0
CUST012436,0.1139,0,0
CUST031966,0.1477,0,0
CUST024402,0.1842,0,0
CUST039776,0.0978,0,0
CUST029664,0.1716,0,0
CUST009580,0.27,0,0
CUST039138,0.0476,0,0
CUST007144,0.5361,1,0
CUST029725,0.0689,0,0
CUST018901,0.1504,0,0
CUST010264,0.1748,0,0
CUST018287,0.569,1,0
CUST022456,0.133,0,0
CUST003541,0.0651,0,0
CUST008576,0.0444,0,0
CUST007855,0.2705,0,0
CUST011559,0.1694,0,0
CUST037828,0.04,0,0
CUST042310,0.1131,0,0
CUST003499,0.5823,1,0
CUST010104,0.3078,0,0
CUST001908,0.1002,0,0
CUST025710,0.1143,0,0
CUST005775,0.2944,0,1
CUST011584,0.3172,0,0
CUST041027,0.7469,1,0
CUST040342,0.0753,0,0
CUST033009,0.0951,0,0
CUST016349,0.0577,0,0
CUST018848,0.0813,0,0
CUST040319,0.7746,1,1
CUST022850,0.3919,0,0
CUST008565,0.1648,0,0
CUST038288,0.5682,1,0
CUST012409,0.0651,0,0
CUST004319,0.3388,0,0
CUST001146,0.3737,0,0
CUST043951,0.1707,0,0
CUST024992,0.8201,1,1
CUST041050,0.191,0,0
CUST043023,0.0583,0,0
CUST029117,0.0576,0,0
CUST038309,0.0729,0,0
CUST032701,0.0952,0,0
CUST025251,0.4953,0,0
CUST043378,0.1935,0,0
CUST046729,0.6555,1,0
CUST026156,0.5963,1,0
CUST042646,0.0474,0,0
CUST049069,0.1733,0,0
CUST027253,0.093,0,0
CUST005219,0.8991,1,1
CUST012855,0.0706,0,0
CUST039323,0.6179,1,0
CUST042081,0.0868,0,0
CUST009456,0.0818,0,0
CUST049277,0.1007,0,0
CUST010434,0.132,0,0
CUST041104,0.0518,0,0
CUST020964,0.3276,0,0
CUST038359,0.1251,0,0
CUST008811,0.1872,0,0
CUST032053,0.0471,0,0
CUST023015,0.0738,0,0
CUST049668,0.6889,1,0
CUST026049,0.3644,0,0
CUST038610,0.0753,0,0
CUST018236,0.0449,0,0
CUST029401,0.0534,0,0
CUST013558,0.0675,0,0
CUST037796,0.3733,0,0
CUST032087,0.0675,0,0
CUST008658,0.8916,1,0
CUST001070,0.0844,0,1
CUST011023,0.1123,0,0
CUST035804,0.048,0,0
CUST001302,0.0865,0,0
CUST016939,0.9057,1,1
CUST044479,0.0619,0,0
CUST015426,0.9246,1,1
CUST033127,0.8002,1,0
CUST031103,0.1394,0,0
CUST035713,0.0771,0,0
CUST036501,0.0675,0,0
CUST019170,0.0869,0,0
CUST027629,0.1,0,0
CUST006319,0.2446,0,0
CUST042217,0.0529,0,0
CUST002165,0.0795,0,0
CUST046159,0.8416,1,0
CUST029638,0.0827,0,0
CUST000397,0.7613,1,0
CUST027288,0.0786,0,0
CUST049512,0.599,1,0
CUST031770,0.043,0,0
CUST037240,0.1035,0,0
CUST047429,0.0455,0,0
CUST039876,0.0647,0,0
CUST000042,0.0675,0,0
CUST032899,0.0607,0,0
CUST028172,0.3696,0,0
CUST018686,0.1526,0,0
CUST048356,0.0675,0,0
CUST049325,0.0642,0,0
CUST038567,0.0715,0,0
CUST001423,0.0851,0,0
CUST027923,0.0885,0,0
CUST008972,0.0931,0,0
CUST044571,0.3548,0,0
CUST047447,0.2474,0,0
CUST015974,0.0979,0,0
CUST022250,0.166,0,0
CUST006563,0.3138,0,0
CUST033707,0.0965,0,0
CUST014474,0.0699,0,0
CUST041908,0.2204,0,0
CUST046495,0.1194,0,0
CUST007382,0.4781,0,0
CUST049508,0.1009,0,0
CUST000417,0.1973,0,0
CUST022840,0.0887,0,0
CUST041748,0.0761,0,0
CUST049744,0.159,0,0
CUST038085,0.8154,1,0
CUST007046,0.0662,0,0
CUST027409,0.0558,0,0
CUST023426,0.6159,1,0
CUST045740,0.0675,0,0
CUST040967,0.0594,0,0
CUST025645,0.1414,0,0
CUST030738,0.197,0,0
CUST048511,0.0665,0,0
CUST018262,0.1304,0,0
CUST014459,0.0971,0,0
CUST042953,0.7343,1,0
CUST030064,0.8236,1,0
CUST014329,0.1645,0,0
CUST040606,0.0417,0,0
CUST026677,0.3848,0,0
CUST016279,0.5144,1,0
CUST021022,0.0771,0,0
CUST028514,0.0804,0,0
CUST026594,0.8941,1,0
CUST017257,0.1376,0,0
CUST022345,0.0419,0,0
CUST012533,0.0429,0,0
CUST004274,0.063,0,0
CUST032926,0.071,0,0
CUST026111,0.328,0,0
CUST044637,0.0451,0,0
CUST027439,0.6034,1,0
CUST048969,0.8504,1,0
CUST012625,0.0545,0,0
CUST038419,0.077,0,0
CUST049414,0.0607,0,0
CUST028432,0.271,0,0
CUST008092,0.5624,1,0
CUST013579,0.7786,1,0
CUST001216,0.8196,1,1
CUST032597,0.1624,0,0
CUST029581,0.2117,0,0
CUST007683,0.525,1,0
CUST010927,0.1851,0,0
CUST039661,0.0675,0,0
CUST023990,0.1574,0,0
CUST012651,0.2285,0,0
CUST028143,0.796,1,0
CUST025366,0.151,0,0
CUST001470,0.2469,0,0
CUST027845,0.2717,0,0
CUST047456,0.1393,0,0
CUST043838,0.1087,0,0
CUST031813,0.6356,1,0
CUST016889,0.1189,0,0
CUST022598,0.048,0,0
CUST042816,0.0628,0,0
CUST015573,0.7491,1,1
CUST029760,0.0919,0,0
CUST015887,0.1029,0,0
CUST002262,0.0572,0,0
CUST046567,0.4067,0,0
CUST035193,0.1135,0,0
CUST045694,0.411,0,0
CUST040731,0.0522,0,0
CUST019405,0.5335,1,0
CUST033829,0.1088,0,0
CUST023511,0.118,0,0
CUST018073,0.1218,0,0
CUST013102,0.1249,0,0
CUST013281,0.8799,1,1
CUST021941,0.0848,0,0
CUST006047,0.4388,0,0
CUST018501,0.0811,0,0
CUST030077,0.5912,1,0
CUST000724,0.3459,0,0
CUST042006,0.1578,0,0
CUST009984,0.2576,0,0
CUST049522,0.1803,0,0
CUST040574,0.7091,1,0
CUST049978,0.0904,0,0
CUST043454,0.107,0,0
CUST045756,0.0478,0,0
CUST024538,0.0633,0,0
CUST008532,0.6046,1,0
CUST005501,0.8682,1,0
CUST032265,0.516,1,0
CUST009677,0.1291,0,0
CUST039795,0.0928,0,0
CUST030346,0.1337,0,0
CUST049628,0.0637,0,0
CUST019619,0.2267,0,0
CUST047309,0.644,1,0
CUST046011,0.056,0,0
CUST028457,0.062,0,0
CUST010268,0.1287,0,0
CUST037939,0.1233,0,0
CUST035404,0.0937,0,0
CUST018017,0.0675,0,0
CUST044649,0.6093,1,0
CUST002606,0.468,0,0
CUST042230,0.1174,0,0
CUST039010,0.078,0,0
CUST000099,0.0799,0,0
CUST026099,0.3101,0,0
CUST031754,0.8107,1,0
CUST023310,0.1773,0,0
CUST037646,0.1634,0,0
CUST036648,0.0569,0,0
CUST004743,0.1196,0,0
CUST030594,0.609,1,0
CUST015894,0.0808,0,0
CUST039881,0.1688,0,0
CUST013126,0.0666,0,0
CUST007326,0.5501,1,0
CUST028558,0.044,0,0
CUST019963,0.1158,0,0
CUST018701,0.655,1,0
CUST021153,0.0763,0,0
CUST022798,0.0488,0,0
CUST000891,0.0397,0,0
CUST001695,0.0953,0,0
CUST019336,0.0904,0,0
CUST038346,0.1129,0,0
CUST044205,0.1489,0,0
CUST034055,0.1263,0,0
CUST046558,0.0841,0,0
CUST047088,0.1813,0,0
CUST040144,0.1289,0,0
CUST040647,0.0809,0,0
CUST017873,0.5341,1,0
CUST008263,0.1177,0,0
CUST027097,0.1671,0,0
CUST004867,0.1803,0,0
CUST003933,0.1529,0,0
CUST030999,0.0418,0,0
CUST024251,0.5457,1,0
CUST041295,0.103,0,0
CUST016612,0.0662,0,0
CUST030719,0.0566,0,0
CUST047440,0.1332,0,0
CUST031854,0.1033,0,0
CUST011754,0.116,0,0
CUST019820,0.7591,1,0
CUST008404,0.0719,0,0
CUST039977,0.477,0,0
CUST026840,0.2787,0,0
CUST046711,0.1423,0,0
CUST013522,0.0461,0,0
CUST010682,0.1012,0,0
CUST033089,0.1255,0,0
CUST021611,0.0444,0,0
CUST046936,0.1248,0,0
CUST042705,0.0577,0,0
CUST032203,0.2203,0,0
CUST037108,0.4901,0,0
CUST043041,0.0889,0,0
CUST001444,0.0444,0,0
CUST005448,0.1191,0,0
CUST048218,0.8545,1,0
CUST024764,0.4067,0,0
CUST047630,0.1808,0,0
CUST037674,0.8812,1,0
CUST019785,0.6237,1,0
CUST003700,0.0502,0,0
CUST003982,0.8717,1,0
CUST041437,0.0906,0,0
CUST036496,0.1335,0,0
CUST007567,0.0678,0,0
CUST020239,0.0467,0,0
CUST003287,0.5439,1,0
CUST022707,0.0623,0,0
CUST019959,0.0979,0,0
CUST012734,0.125,0,0
CUST016289,0.0495,0,0
CUST018020,0.6673,1,0
CUST017922,0.4293,0,0
CUST020721,0.1635,0,0
CUST029451,0.324,0,0
CUST031568,0.8546,1,0
CUST015858,0.1117,0,0
CUST007426,0.8097,1,0
CUST026945,0.4049,0,0
CUST014768,0.3142,0,0
CUST026194,0.0622,0,0
CUST007397,0.0856,0,0
CUST013531,0.0689,0,0
CUST021567,0.6002,1,0
CUST003429,0.062,0,0
CUST023294,0.8852,1,0
CUST018759,0.8712,1,0
CUST048997,0.0885,0,0
CUST042345,0.0545,0,0
CUST036350,0.1448,0,0
CUST022323,0.1881,0,0
CUST009911,0.0917,0,0
CUST027733,0.0505,0,0
CUST001944,0.0718,0,0
CUST012532,0.0649,0,0
CUST021365,0.8141,1,0
CUST024445,0.0597,0,0
CUST027087,0.5359,1,0
CUST026864,0.0488,0,0
CUST045827,0.6954,1,0
CUST031155,0.8498,1,0
CUST014334,0.1196,0,0
CUST021924,0.9204,1,0
CUST043551,0.3951,0,0
CUST019992,0.1259,0,0
CUST046784,0.0515,0,0
CUST026604,0.0478,0,0
CUST004498,0.1173,0,0
CUST036070,0.1553,0,0
CUST033269,0.1021,0,0
CUST037209,0.191,0,0
CUST020229,0.1557,0,0
CUST049883,0.1362,0,0
CUST018116,0.0629,0,0
CUST032714,0.1565,0,0
CUST014845,0.761,1,0
CUST029650,0.0675,0,0
CUST038203,0.0924,0,0
CUST025829,0.1451,0,0
CUST031647,0.3657,0,0
CUST022572,0.1084,0,0
CUST013638,0.1001,0,0
CUST010594,0.0716,0,0
CUST031404,0.0786,0,0
CUST024070,0.8337,1,0
CUST043267,0.1581,0,0
CUST037764,0.9025,1,1
CUST019601,0.8473,1,0
CUST011339,0.6768,1,0
CUST005009,0.1409,0,0
CUST033561,0.108,0,0
CUST002438,0.3222,0,0
CUST002739,0.1733,0,0
CUST000613,0.6784,1,0
CUST041684,0.0998,0,0
CUST037549,0.2057,0,0
CUST015113,0.1187,0,0
CUST041962,0.1431,0,0
CUST026011,0.1444,0,0
CUST047700,0.1145,0,0
CUST005742,0.2298,0,0
CUST034358,0.3282,0,0
CUST018479,0.0678,0,0
CUST022036,0.1144,0,0
CUST036118,0.1328,0,0
CUST025266,0.2628,0,1
CUST015460,0.0675,0,0
CUST009028,0.0539,0,0
CUST018130,0.7769,1,0
CUST022203,0.0452,0,0
CUST017052,0.3378,0,0
CUST010740,0.2799,0,0
CUST047740,0.0615,0,0
CUST010026,0.5389,1,0
CUST043141,0.1337,0,0
CUST036113,0.1064,0,0
CUST025632,0.6979,1,0
CUST045625,0.2521,0,0
CUST047753,0.3925,0,0
CUST012703,0.1593,0,0
CUST041537,0.0675,0,0
CUST011622,0.4533,0,0
CUST013444,0.607,1,0
CUST000976,0.4947,0,0
CUST037911,0.0814,0,0
CUST038063,0.0719,0,0
CUST022016,0.8717,1,0
CUST025538,0.1299,0,0
CUST043682,0.0618,0,0
CUST007365,0.1069,0,0
CUST024830,0.2437,0,0
CUST006491,0.0516,0,0
CUST038482,0.0486,0,0
CUST030367,0.321,0,0
CUST048941,0.2509,0,0
CUST012018,0.0675,0,0
CUST001819,0.8821,1,0
CUST007966,0.1214,0,0
CUST025354,0.2853,0,0
CUST000215,0.1936,0,0
CUST022368,0.8047,1,1
CUST036455,0.4913,0,0
CUST021046,0.1311,0,0
CUST027601,0.0379,0,0
CUST010384,0.1056,0,0
CUST035664,0.5509,1,0
CUST049914,0.1922,0,0
CUST019832,0.1216,0,0
CUST043836,0.5379,1,0
CUST049236,0.1079,0,0
CUST005879,0.1139,0,0
CUST046286,0.0717,0,0
CUST011037,0.1536,0,0
CUST008267,0.6967,1,0
CUST045676,0.0684,0,0
CUST048499,0.6429,1,0
CUST044046,0.3389,0,0
CUST023836,0.3478,0,0
CUST017857,0.6944,1,0
CUST004208,0.23,0,0
CUST034697,0.1432,0,0
CUST021747,0.852,1,0
CUST015756,0.4062,0,0
CUST020023,0.1511,0,0
CUST002717,0.7807,1,0
CUST037877,0.2292,0,0
CUST035407,0.0869,0,0
CUST029310,0.3287,0,0
CUST022625,0.1949,0,0
CUST007051,0.852,1,0
CUST017273,0.1489,0,0
CUST011555,0.5246,1,0
CUST003836,0.0766,0,0
CUST017935,0.0535,0,0
CUST010281,0.1425,0,0
CUST025818,0.0899,0,0
CUST015637,0.0418,0,0
CUST026382,0.115,0,0
CUST011459,0.2986,0,0
CUST022459,0.394,0,0
CUST006444,0.1028,0,0
CUST010991,0.1575,0,0
CUST030489,0.1372,0,0
CUST004662,0.6011,1,0
CUST026839,0.3343,0,0
CUST022663,0.1392,0,0
CUST022857,0.2194,0,0
CUST030609,0.6005,1,0
CUST004941,0.0762,0,0
CUST001017,0.122,0,0
CUST029026,0.1485,0,0
CUST029878,0.5608,1,0
CUST010538,0.0865,0,0
CUST035200,0.0738,0,0
CUST048207,0.8898,1,0
CUST006567,0.5963,1,0
CUST019824,0.2061,0,0
CUST034425,0.7408,1,0
CUST017248,0.1259,0,0
CUST042676,0.2917,0,0
CUST039448,0.0425,0,0
CUST008679,0.5833,1,0
CUST016101,0.1027,0,0
CUST004550,0.2709,0,0
CUST045235,0.5553,1,0
CUST013957,0.0676,0,0
CUST037426,0.6099,1,0
CUST039174,0.0748,0,0
CUST003236,0.1854,0,0
CUST023926,0.2166,0,0
CUST008077,0.7299,1,0
CUST005582,0.1205,0,0
CUST029694,0.043,0,0
CUST038896,0.8991,1,0
CUST042204,0.189,0,0
CUST008602,0.3566,0,0
CUST004135,0.8833,1,1
CUST019911,0.1392,0,0
CUST001666,0.0638,0,0
CUST039245,0.0672,0,0
CUST001399,0.0423,0,0
CUST046092,0.2591,0,0
CUST015439,0.0524,0,0
CUST033662,0.0964,0,0
CUST003354,0.2205,0,0
CUST038177,0.0502,0,0
CUST028867,0.3499,0,0
CUST046701,0.9006,1,1
CUST037765,0.0636,0,0
CUST018684,0.5963,1,0
CUST025485,0.0875,0,0
CUST035742,0.1083,0,0
CUST037617,0.7455,1,0
CUST026969,0.904,1,0
CUST014377,0.433,0,0
CUST021626,0.082,0,0
CUST040126,0.4616,0,0
CUST028071,0.16,0,0
CUST023458,0.0827,0,0
CUST009110,0.7255,1,0
CUST007770,0.0741,0,0
CUST011520,0.1799,0,0
CUST041660,0.2094,0,0
CUST046419,0.3501,0,0
CUST027198,0.5766,1,0
CUST012272,0.0641,0,0
CUST045619,0.0907,0,0
CUST038835,0.4413,0,0
CUST034866,0.2291,0,0
CUST029617,0.1184,0,0
CUST047555,0.4965,0,1
CUST008183,0.1139,0,0
CUST013473,0.4683,0,0
CUST002019,0.0991,0,0
CUST003123,0.1366,0,0
CUST022151,0.8393,1,0
CUST049082,0.1631,0,0
CUST021843,0.0753,0,0
CUST043627,0.4067,0,0
CUST035102,0.0675,0,0
CUST046433,0.1032,0,0
CUST022204,0.1133,0,0
CUST032699,0.6478,1,0
CUST048651,0.1949,0,0
CUST002630,0.0804,0,0
CUST006010,0.5345,1,0
CUST027458,0.2297,0,0
CUST029970,0.1503,0,0
CUST009808,0.3105,0,0
CUST023822,0.0793,0,0
CUST037520,0.0643,0,0
CUST017092,0.05,0,0
CUST041650,0.0748,0,0
CUST005303,0.2962,0,0
CUST046006,0.1396,0,0
CUST007700,0.0363,0,0
CUST012811,0.0543,0,0
CUST004694,0.0961,0,0
CUST025148,0.1388,0,0
CUST006819,0.8267,1,0
CUST039895,0.0621,0,0
CUST012498,0.2622,0,0
CUST002599,0.3515,0,0
CUST029375,0.0825,0,0
CUST001960,0.0592,0,0
CUST007721,0.4424,0,0
CUST008173,0.1303,0,0
CUST009303,0.0624,0,0
CUST019304,0.1358,0,0
CUST037709,0.8624,1,0
CUST045695,0.0487,0,0
CUST029202,0.0804,0,0
CUST033706,0.1722,0,0
CUST003340,0.0934,0,0
CUST042863,0.0549,0,0
CUST042588,0.1666,0,0
CUST042730,0.0547,0,0
CUST000208,0.6435,1,0
CUST034318,0.7058,1,0
CUST040186,0.1324,0,0
CUST010876,0.387,0,0
CUST000849,0.0445,0,0
CUST046597,0.0896,0,0
CUST008584,0.1132,0,0
CUST002629,0.1199,0,0
CUST045058,0.2916,0,0
CUST007043,0.0518,0,0
CUST018871,0.071,0,0
CUST034985,0.1139,0,0
CUST038997,0.2701,0,0
CUST048346,0.6558,1,0
CUST004487,0.1042,0,0
CUST018206,0.4905,0,0
CUST015104,0.0579,0,0
CUST030125,0.1017,0,0
CUST012747,0.9006,1,0
CUST007185,0.1045,0,0
CUST008500,0.2271,0,0
CUST047187,0.1133,0,0
CUST039401,0.1051,0,0
CUST048840,0.0597,0,0
CUST045712,0.1016,0,0
CUST025607,0.2957,0,0
CUST009216,0.9103,1,1
CUST007125,0.129,0,0
CUST007123,0.1181,0,0
CUST011020,0.4788,0,0
CUST000835,0.821,1,0
CUST027171,0.0454,0,0
CUST047586,0.049,0,0
CUST029058,0.0487,0,0
CUST018488,0.0524,0,0
CUST043343,0.1613,0,0
CUST045272,0.1361,0,0
CUST044972,0.0912,0,0
CUST038433,0.0446,0,0
CUST015138,0.1316,0,0
CUST005446,0.0945,0,0
CUST024963,0.4425,0,0
CUST009628,0.0605,0,0
CUST046808,0.0808,0,0
CUST021868,0.6913,1,0
CUST004051,0.102,0,0
CUST039994,0.2721,0,0
CUST014982,0.1648,0,0
CUST040236,0.0922,0,0
CUST018332,0.1643,0,0
CUST001227,0.0723,0,0
CUST004133,0.3219,0,0
CUST025708,0.0866,0,0
CUST029768,0.0716,0,0
CUST004325,0.104,0,0
CUST026769,0.0532,0,0
CUST021049,0.0495,0,0
CUST025450,0.2019,0,0
CUST003717,0.0451,0,0
CUST004190,0.368,0,0
CUST031687,0.6492,1,0
CUST033739,0.0749,0,0
CUST043854,0.4692,0,0
CUST000139,0.8678,1,0
CUST047828,0.0925,0,0
CUST048951,0.1471,0,0
CUST047496,0.0883,0,0
CUST007441,0.065,0,0
CUST024650,0.1566,0,0
CUST016964,0.1331,0,0
CUST035265,0.8266,1,0
CUST047464,0.0675,0,0
CUST041986,0.1547,0,0
CUST044845,0.2126,0,0
CUST008189,0.0912,0,0
CUST022701,0.0556,0,0
CUST045136,0.1247,0,0
CUST033927,0.8682,1,0
CUST025561,0.1335,0,0
CUST014148,0.1362,0,0
CUST042282,0.2302,0,0
CUST007367,0.0914,0,0
CUST006181,0.8991,1,0
CUST043657,0.0597,0,0
CUST042869,0.0897,0,0
CUST001891,0.0462,0,0
CUST033601,0.0754,0,0
CUST020429,0.0496,0,0
CUST018827,0.4931,0,0
CUST012890,0.0675,0,0
CUST008776,0.0675,0,0
CUST037928,0.087,0,0
CUST022426,0.1026,0,0
CUST023991,0.1027,0,0
CUST034519,0.067,0,0
CUST041757,0.0738,0,0
CUST036345,0.6005,1,0
CUST025454,0.1688,0,0
CUST015312,0.1757,0,0
CUST003013,0.1784,0,0
CUST001457,0.1645,0,0
CUST041271,0.0589,0,0
CUST016555,0.0746,0,0
CUST008164,0.1102,0,0
CUST025110,0.3197,0,0
CUST005833,0.1834,0,0
CUST016760,0.1136,0,0
CUST015132,0.0945,0,0
CUST012033,0.0471,0,0
CUST031312,0.0634,0,0
CUST027975,0.1128,0,0
CUST011911,0.1137,0,0
CUST035415,0.0374,0,0
CUST030081,0.7684,1,0
CUST033403,0.7056,1,0
CUST048446,0.8147,1,1
CUST029119,0.3158,0,0
CUST013915,0.2451,0,0
CUST008563,0.4476,0,0
CUST000046,0.1904,0,0
CUST017800,0.0926,0,0
CUST006361,0.4731,0,0
CUST019427,0.3355,0,0
CUST016463,0.1314,0,0
CUST000277,0.3525,0,0
CUST029910,0.1974,0,0
CUST027726,0.1062,0,0
CUST005768,0.4118,0,0
CUST000213,0.2536,0,0
CUST032168,0.0753,0,0
CUST024196,0.0887,0,0
CUST027630,0.1174,0,0
CUST048975,0.4408,0,0
CUST000526,0.0856,0,0
CUST017808,0.0753,0,0
CUST036208,0.3511,0,0
CUST027015,0.8898,1,0
CUST011437,0.1399,0,0
CUST015329,0.8172,1,0
CUST029724,0.1114,0,0
CUST044744,0.1117,0,0
CUST002420,0.2318,0,0
CUST032988,0.0548,0,0
CUST040386,0.225,0,0
CUST013713,0.1278,0,0
CUST013644,0.2938,0,0
CUST028094,0.5602,1,0
CUST004099,0.6717,1,0
CUST019142,0.1511,0,0
CUST018004,0.2577,0,1
CUST029677,0.0841,0,0
CUST015798,0.0656,0,0
CUST010487,0.3171,0,0
CUST007629,0.0592,0,0
CUST036887,0.1073,0,0
CUST023237,0.0714,0,0
CUST000044,0.0675,0,0
CUST036502,0.1367,0,0
CUST007828,0.6967,1,0
CUST025952,0.1335,0,0
CUST015806,0.0873,0,0
CUST023314,0.8504,1,0
CUST048869,0.2354,0,0
CUST014878,0.0675,0,0
CUST031085,0.6783,1,0
CUST015889,0.0919,0,0
CUST019366,0.6526,1,0
CUST036728,0.5738,1,0
CUST009116,0.0673,0,0
CUST048658,0.0529,0,0
CUST016868,0.0542,0,0
CUST007778,0.2806,0,0
CUST032215,0.0675,0,0
CUST029286,0.7668,1,0
CUST010722,0.0706,0,0
CUST020618,0.5436,1,0
CUST038383,0.4387,0,0
CUST003546,0.8974,1,0
CUST036991,0.0672,0,0
CUST036815,0.1333,0,0
CUST044416,0.8425,1,0
CUST024281,0.2091,0,0
CUST024578,0.1218,0,0
CUST002817,0.1056,0,0
CUST021641,0.4425,0,0
CUST017449,0.1819,0,0
CUST017903,0.0579,0,0
CUST030981,0.0674,0,0
CUST018774,0.0657,0,0
CUST038365,0.053,0,0
CUST034488,0.4931,0,0
CUST012500,0.0933,0,0
CUST026495,0.4856,0,0
CUST000240,0.5727,1,0
CUST018174,0.5671,1,0
CUST008018,0.4692,0,0
CUST019728,0.1388,0,0
CUST019126,0.0706,0,0
CUST012741,0.1967,0,0
CUST030522,0.1688,0,0
CUST039777,0.116,0,0
CUST047043,0.904,1,1
CUST010188,0.4809,0,0
CUST000847,0.0593,0,0
CUST013523,0.1169,0,0
CUST011038,0.1246,0,0
CUST033137,0.7417,1,0
CUST033406,0.2776,0,0
CUST037114,0.0532,0,0
CUST008528,0.8372,1,0
CUST013117,0.0639,0,0
CUST022677,0.3429,0,0
CUST008290,0.0973,0,0
CUST008846,0.1108,0,0
CUST027704,0.2005,0,0
CUST012430,0.8613,1,1
CUST027764,0.5794,1,0
CUST036804,0.7554,1,0
CUST024541,0.7796,1,1
CUST039133,0.1872,0,0
CUST025611,0.8869,1,0
CUST016949,0.1094,0,0
CUST034076,0.0557,0,0
CUST008652,0.2133,0,0
CUST001213,0.1887,0,0
CUST026493,0.8334,1,0
CUST032632,0.899,1,1
CUST042070,0.2449,0,0
CUST006725,0.1688,0,0
CUST012157,0.3307,0,0
CUST002983,0.0935,0,0
CUST012371,0.1656,0,0
CUST014220,0.0753,0,0
CUST038977,0.1758,0,0
CUST026502,0.7657,1,0
CUST036959,0.3558,0,0
CUST049065,0.0677,0,0
CUST039747,0.8349,1,0
CUST031323,0.0471,0,0
CUST012489,0.1369,0,0
CUST040998,0.3548,0,0
CUST037443,0.0782,0,0
CUST009097,0.6531,1,0
CUST034751,0.0609,0,0
CUST012702,0.8991,1,0
CUST016199,0.1863,0,0
CUST030122,0.1116,0,0
CUST002340,0.3412,0,0
CUST042279,0.0464,0,0
CUST028717,0.1796,0,0
CUST037748,0.0787,0,0
CUST029100,0.0574,0,0
CUST038308,0.4803,0,0
CUST025799,0.0807,0,0
CUST031172,0.0764,0,0
CUST012255,0.0721,0,0
CUST000981,0.091,0,0
CUST024760,0.9109,1,0
CUST003989,0.0598,0,0
CUST010038,0.2617,0,0
CUST024751,0.5571,1,0
CUST031938,0.3084,0,0
CUST030214,0.0799,0,0
CUST014467,0.9122,1,1
CUST015353,0.3512,0,0
CUST045190,0.4187,0,0
CUST026843,0.49,0,0
CUST012854,0.1117,0,0
CUST026627,0.124,0,0
CUST021833,0.0534,0,0
CUST044273,0.0627,0,0
CUST014618,0.7522,1,0
CUST013165,0.2977,0,0
CUST035103,0.3607,0,0
CUST007876,0.2957,0,0
CUST015199,0.2707,0,0
CUST046354,0.0871,0,1
CUST029124,0.7203,1,0
CUST019155,0.7151,1,0
CUST003979,0.0777,0,0
CUST038860,0.7052,1,1
CUST047381,0.1313,0,0
CUST031506,0.7902,1,0
CUST003311,0.6921,1,0
CUST027817,0.0758,0,0
CUST032683,0.0886,0,0
CUST041749,0.2663,0,0
CUST014031,0.0711,0,0
CUST024262,0.104,0,0
CUST026711,0.8519,1,0
CUST001060,0.1009,0,0
CUST040312,0.0582,0,0
CUST036764,0.0587,0,0
CUST046961,0.2038,0,0
CUST042540,0.0892,0,0
CUST038492,0.8395,1,0
CUST035855,0.1328,0,0
CUST025282,0.0661,0,0
CUST047624,0.0569,0,0
CUST035872,0.0463,0,0
CUST013284,0.0964,0,0
CUST043062,0.9009,1,0
CUST027361,0.5797,1,0
CUST015123,0.1883,0,0
CUST046663,0.1598,0,0
CUST043656,0.1144,0,0
CUST001637,0.0881,0,0
CUST000765,0.1287,0,0
CUST007254,0.5484,1,0
CUST043768,0.1287,0,0
CUST010531,0.1044,0,0
CUST049868,0.9294,1,0
CUST045692,0.1487,0,0
CUST002887,0.0538,0,0
CUST004972,0.0655,0,0
CUST016255,0.1841,0,0
CUST010275,0.1237,0,0
CUST012496,0.0664,0,0
CUST026346,0.8951,1,1
CUST044984,0.0692,0,0
CUST014637,0.2653,0,0
CUST011080,0.2188,0,0
CUST021582,0.1126,0,0
CUST010464,0.8692,1,1
CUST040874,0.0865,0,0
CUST041531,0.0469,0,0
CUST021657,0.1364,0,0
CUST042815,0.1273,0,0
CUST043926,0.6067,1,0
CUST048772,0.0631,0,0
CUST050000,0.0861,0,0
CUST009010,0.1227,0,0
CUST033955,0.3792,0,0
CUST035644,0.0972,0,0
CUST030397,0.1337,0,0
CUST029265,0.0924,0,0
CUST019592,0.7266,1,0
CUST045809,0.0658,0,0
CUST042509,0.0641,0,0
CUST030231,0.293,0,0
CUST027057,0.3155,0,0
CUST044727,0.0469,0,0
CUST019677,0.1777,0,0
CUST006309,0.0742,0,0
CUST035150,0.8772,1,0
CUST024531,0.062,0,0
CUST028034,0.8525,1,0
CUST044009,0.0613,0,0
CUST032349,0.0731,0,0
CUST021083,0.6529,1,0
CUST028181,0.0661,0,0
CUST003266,0.2339,0,0
CUST035230,0.1211,0,0
CUST016890,0.1117,0,0
CUST031436,0.0689,0,0
CUST010595,0.8532,1,0
CUST009208,0.0948,0,0
CUST033462,0.0878,0,0
CUST031794,0.132,0,0
CUST043813,0.3605,0,0
CUST040192,0.8181,1,0
CUST034750,0.4145,0,0
CUST009779,0.1057,0,0
CUST000582,0.1355,0,0
CUST012621,0.0812,0,0
CUST029049,0.5963,1,0
CUST043220,0.7163,1,0
CUST021102,0.0427,0,0
CUST038876,0.3836,0,0
CUST035186,0.1504,0,0
CUST003653,0.0559,0,0
CUST037693,0.0394,0,0
CUST019663,0.5122,1,0
CUST045656,0.0843,0,0
CUST023568,0.1606,0,0
CUST030361,0.1045,0,0
CUST010185,0.2093,0,0
CUST039761,0.1942,0,0
CUST025274,0.1036,0,0
CUST048859,0.0414,0,0
CUST008562,0.3469,0,0
CUST039615,0.1106,0,0
CUST048389,0.0963,0,0
CUST016621,0.5078,1,0
CUST038694,0.0539,0,0
CUST015723,0.3805,0,0
CUST007261,0.2392,0,0
CUST023077,0.0553,0,0
CUST048246,0.0367,0,0
CUST013716,0.0396,0,0
CUST026770,0.0918,0,0
CUST018562,0.0675,0,0
CUST035736,0.0441,0,0
CUST043174,0.0747,0,0
CUST029180,0.0656,0,0
CUST042517,0.2246,0,0
CUST026196,0.0557,0,0
CUST045366,0.4692,0,0
CUST025926,0.852,1,0
CUST027831,0.0951,0,0
CUST017346,0.4711,0,0
CUST035586,0.1149,0,0
CUST020360,0.0657,0,0
CUST043482,0.0907,0,0
CUST048342,0.4579,0,0
CUST012015,0.6698,1,0
CUST049287,0.1049,0,0
CUST007764,0.0526,0,0
CUST010854,0.0795,0,0
CUST024598,0.2301,0,0
CUST022920,0.8991,1,1
CUST024859,0.0729,0,0
CUST018559,0.5188,1,0
CUST012405,0.2198,0,0
CUST026379,0.1379,0,0
CUST008357,0.0957,0,0
CUST007373,0.0473,0,0
CUST028861,0.0788,0,0
CUST032413,0.2112,0,0
CUST007981,0.5794,1,0
CUST005012,0.1465,0,0
CUST041397,0.2909,0,0
CUST037707,0.2309,0,0
CUST004742,0.2912,0,0
CUST031751,0.0796,0,0
CUST019516,0.0484,0,0
CUST011209,0.0798,0,0
CUST036053,0.1834,0,0
CUST036420,0.2306,0,0
CUST034649,0.2458,0,0
CUST026465,0.0991,0,0
CUST006894,0.0766,0,0
CUST023306,0.4155,0,0
CUST049494,0.0723,0,0
CUST017491,0.0696,0,0
CUST033624,0.1768,0,0
CUST001539,0.1995,0,0
CUST032090,0.8488,1,0
CUST027912,0.3838,0,0
CUST039468,0.0695,0,0
CUST030885,0.0798,0,0
CUST040699,0.4107,0,0
CUST023552,0.5119,1,0
CUST045349,0.1063,0,0
CUST023740,0.1525,0,0
CUST036111,0.0709,0,0
CUST002701,0.1273,0,0
CUST046843,0.1722,0,0
CUST043162,0.0951,0,0
CUST038167,0.1757,0,0
CUST031990,0.1408,0,0
CUST019774,0.0753,0,0
CUST035666,0.2284,0,0
CUST029022,0.0821,0,0
CUST025046,0.069,0,0
CUST014933,0.2324,0,0
CUST044989,0.088,0,0
CUST037099,0.0665,0,0
CUST021807,0.0695,0,0
CUST002505,0.3087,0,0
CUST005967,0.0462,0,0
CUST038449,0.0945,0,0
CUST003211,0.048,0,0
CUST044287,0.0811,0,0
CUST004618,0.0686,0,0
CUST001991,0.1597,0,0
CUST031968,0.145,0,0
CUST005620,0.098,0,0
CUST012003,0.2979,0,0
CUST013708,0.5551,1,0
CUST009262,0.4767,0,0
CUST047543,0.8091,1,0
CUST000539,0.8445,1,0
CUST010525,0.111,0,0
CUST043010,0.2922,0,0
CUST012832,0.0974,0,0
CUST033309,0.7155,1,0
CUST021067,0.2528,0,0
CUST049998,0.3208,0,0
CUST016513,0.1356,0,0
CUST041463,0.1798,0,0
CUST018133,0.0586,0,0
CUST041719,0.1583,0,0
CUST040170,0.6799,1,0
CUST016097,0.1388,0,0
CUST036913,0.0722,0,0
CUST046284,0.0823,0,0
CUST040795,0.1004,0,0
CUST011072,0.1029,0,0
CUST041731,0.0804,0,0
CUST034108,0.8096,1,1
CUST008686,0.1123,0,0
CUST011918,0.1,0,0
CUST010114,0.0859,0,0
CUST044574,0.3914,0,0
CUST037581,0.0746,0,0
CUST003887,0.072,0,0
CUST019303,0.218,0,0
CUST006148,0.0694,0,0
CUST006552,0.0478,0,0
CUST007219,0.2169,0,0
CUST044538,0.1079,0,0
CUST035327,0.7739,1,0
CUST006208,0.1,0,0
CUST008461,0.9072,1,1
CUST049342,0.7329,1,0
CUST003096,0.1245,0,0
CUST036634,0.1101,0,0
CUST021105,0.3024,0,0
CUST000507,0.0547,0,0
CUST032004,0.0889,0,0
CUST039096,0.5328,1,0
CUST040781,0.0551,0,0
CUST019242,0.0712,0,0
CUST014709,0.0442,0,0
CUST026569,0.0552,0,0
CUST007339,0.0649,0,0
CUST005763,0.1044,0,0
CUST046396,0.0613,0,0
CUST040250,0.4425,0,0
CUST011718,0.2278,0,0
CUST046796,0.0619,0,0
CUST045699,0.8712,1,0
CUST048484,0.494,0,1
CUST009479,0.5314,1,0
CUST013626,0.8251,1,1
CUST003148,0.5465,1,0
CUST041573,0.0876,0,0
CUST008786,0.1407,0,0
CUST035344,0.0681,0,0
CUST000916,0.1032,0,0
CUST048216,0.0882,0,0
CUST049302,0.3761,0,0
CUST026083,0.3042,0,0
CUST011956,0.4116,0,0
CUST019953,0.1815,0,0
CUST015101,0.0339,0,0
CUST032747,0.1551,0,0
CUST005299,0.0751,0,0
CUST007090,0.1918,0,0
CUST041277,0.7614,1,0
CUST009316,0.0466,0,0
CUST018187,0.8991,1,1
CUST029002,0.8578,1,0
CUST038894,0.0938,0,0
CUST000128,0.1065,0,0
CUST047684,0.0764,0,0
CUST008146,0.4723,0,0
CUST003017,0.8624,1,0
CUST039976,0.3611,0,0
CUST043513,0.056,0,0
CUST030990,0.0973,0,0
CUST038329,0.0897,0,0
CUST047232,0.0899,0,0
CUST021096,0.9194,1,0
CUST015407,0.0835,0,0
CUST036030,0.1126,0,0
CUST023874,0.128,0,0
CUST016126,0.1024,0,0
CUST008140,0.1012,0,0
CUST001726,0.0557,0,0
CUST038127,0.1596,0,0
CUST000943,0.4264,0,0
CUST006192,0.0764,0,0
CUST048267,0.0675,0,0
CUST017805,0.2145,0,0
CUST019579,0.0568,0,0
CUST035148,0.7338,1,0
CUST022122,0.0899,0,0
CUST035507,0.0781,0,0
CUST017970,0.8877,1,0
CUST000811,0.0966,0,0
CUST005674,0.4593,0,0
CUST008778,0.2789,0,0
CUST031574,0.0543,0,0
CUST041057,0.0471,0,0
CUST044692,0.8643,1,0
CUST024182,0.321,0,0
CUST018177,0.218,0,0
CUST005407,0.113,0,0
CUST041488,0.1801,0,0
CUST037187,0.398,0,0
CUST009848,0.0543,0,0
CUST030316,0.3722,0,0
CUST006518,0.2349,0,0
CUST015361,0.8643,1,0
CUST036830,0.3982,0,0
CUST028111,0.8861,1,0
CUST012808,0.135,0,0
CUST034901,0.8717,1,0
CUST028523,0.0756,0,0
CUST016616,0.1434,0,0
CUST011639,0.7271,1,0
CUST001405,0.1207,0,0
CUST029829,0.5117,1,0
CUST021919,0.6135,1,0
CUST009451,0.7342,1,0
CUST048661,0.548,1,0
CUST030703,0.1203,0,0
CUST035287,0.1301,0,0
CUST041088,0.0538,0,0
CUST041062,0.0828,0,0
CUST031946,0.3032,0,0
CUST003805,0.2861,0,0
CUST000910,0.0566,0,0
CUST013675,0.1133,0,0
CUST025424,0.0547,0,0
CUST019777,0.273,0,0
CUST033542,0.048,0,0
CUST010083,0.0451,0,0
CUST005382,0.0559,0,0
CUST021296,0.5457,1,0
CUST011904,0.051,0,0
CUST047240,0.168,0,0
CUST020904,0.3727,0,0
CUST033626,0.0814,0,0
CUST041917,0.1224,0,0
CUST018506,0.0862,0,0
CUST002807,0.0604,0,0
CUST025133,0.0403,0,0
CUST002009,0.5076,1,0
CUST033442,0.1755,0,0
CUST002254,0.0944,0,0
CUST041165,0.3028,0,0
CUST016367,0.3156,0,0
CUST038370,0.1335,0,0
CUST020492,0.4427,0,0
CUST028263,0.0906,0,0
CUST021691,0.724,1,0
CUST015543,0.3577,0,0
CUST013844,0.7786,1,0
CUST020928,0.0955,0,0
CUST014914,0.7491,1,0
CUST037737,0.5963,1,0
CUST030019,0.8244,1,0
CUST022816,0.4005,0,0
CUST031184,0.1568,0,0
CUST038411,0.0905,0,0
CUST038431,0.0887,0,0
CUST004377,0.8991,1,0
CUST049230,0.0753,0,0
CUST029283,0.0779,0,0
CUST034149,0.0834,0,0
CUST032798,0.4308,0,1
CUST012243,0.2,0,0
CUST016220,0.0534,0,0
CUST049968,0.702,1,0
CUST044128,0.0597,0,0
CUST047975,0.0901,0,0
CUST038440,0.0466,0,0
CUST025847,0.0915,0,0
CUST019825,0.057,0,0
CUST008272,0.0756,0,0
CUST025934,0.0557,0,0
CUST036675,0.0485,0,0
CUST038484,0.85,1,0
CUST000584,0.3158,0,0
CUST035714,0.2185,0,0
CUST045325,0.067,0,0
CUST038179,0.1004,0,0
CUST007848,0.0859,0,0
CUST014138,0.0629,0,0
CUST040516,0.1349,0,0
CUST008729,0.8328,1,0
CUST036311,0.2738,0,0
CUST011850,0.0355,0,0
CUST040971,0.0557,0,0
CUST012258,0.1763,0,0
CUST045900,0.286,0,0
CUST046013,0.1186,0,0
CUST032065,0.1086,0,0
CUST024586,0.0677,0,0
CUST002077,0.2091,0,0
CUST022890,0.077,0,0
CUST012543,0.0662,0,0
CUST046355,0.1851,0,0
CUST045217,0.0701,0,0
CUST001546,0.068,0,0
CUST001451,0.1207,0,0
CUST048873,0.7072,1,0
CUST011202,0.0673,0,0
CUST011058,0.1386,0,0
CUST009052,0.087,0,0
CUST010915,0.2611,0,0
CUST023151,0.1258,0,0
CUST008589,0.8836,1,1
CUST036752,0.0659,0,0
CUST008253,0.0668,0,0
CUST034896,0.7398,1,0
CUST035628,0.105,0,0
CUST018267,0.0559,0,0
CUST016356,0.1687,0,0
CUST006951,0.1276,0,0
CUST049678,0.0688,0,0
CUST002933,0.8811,1,0
CUST020675,0.423,0,0
CUST023173,0.2213,0,0
CUST009518,0.0675,0,0
CUST032089,0.061,0,0
CUST027138,0.2489,0,0
CUST018418,0.1092,0,0
CUST042983,0.3194,0,0
CUST025187,0.0436,0,0
CUST023009,0.0546,0,0
CUST005701,0.7375,1,0
CUST000452,0.3022,0,0
CUST011281,0.0716,0,0
CUST040950,0.0753,0,0
CUST048926,0.0589,0,0
CUST026166,0.821,1,0
CUST023158,0.0563,0,0
CUST032147,0.1002,0,0
CUST025050,0.0721,0,0
CUST027545,0.2087,0,0
CUST019843,0.0942,0,0
CUST034146,0.4184,0,0
CUST022018,0.3209,0,0
CUST007400,0.1253,0,0
CUST011315,0.0572,0,0
CUST016954,0.1257,0,0
CUST040815,0.0675,0,0
CUST003001,0.1211,0,0
CUST042128,0.6095,1,0
CUST004914,0.0939,0,0
CUST021669,0.0475,0,0
CUST015200,0.1732,0,0
CUST021719,0.4225,0,0
CUST026280,0.1054,0,0
CUST009098,0.4598,0,0
CUST012783,0.0463,0,0
CUST014345,0.7906,1,1
CUST047213,0.1109,0,0
CUST047057,0.124,0,0
CUST049755,0.0759,0,0
CUST025241,0.1362,0,0
CUST027185,0.1081,0,0
CUST010978,0.1216,0,0
CUST023464,0.0864,0,0
CUST022385,0.2821,0,0
CUST041762,0.0819,0,0
CUST029502,0.1445,0,0
CUST028668,0.5747,1,0
CUST026433,0.1357,0,0
CUST003234,0.0757,0,0
CUST003265,0.1519,0,0
CUST029053,0.0639,0,0
CUST023094,0.4465,0,0
CUST006554,0.293,0,0
CUST023175,0.139,0,0
CUST031607,0.0681,0,0
CUST038527,0.0836,0,0
CUST010573,0.0869,0,0
CUST010261,0.1963,0,0
CUST017028,0.1265,0,0
CUST037482,0.7196,1,0
CUST042242,0.0796,0,0
CUST007597,0.0622,0,0
CUST027655,0.167,0,0
CUST032861,0.3132,0,0
CUST020267,0.077,0,0
CUST018924,0.1677,0,0
CUST046303,0.1035,0,0
CUST011776,0.1073,0,0
CUST027244,0.1031,0,0
CUST000486,0.0551,0,0
CUST015606,0.5459,1,0
CUST001179,0.0941,0,0
CUST038392,0.0603,0,0
CUST041086,0.0745,0,0
CUST036476,0.1912,0,0
CUST038990,0.0749,0,0
CUST046391,0.1861,0,0
CUST012328,0.0838,0,0
CUST045285,0.2321,0,0
CUST013639,0.0492,0,0
CUST042052,0.0623,0,0
CUST049603,0.1372,0,0
CUST048701,0.5929,1,0
CUST037072,0.7378,1,0
CUST040856,0.1239,0,0
CUST007037,0.0589,0,0
CUST029465,0.0603,0,0
CUST036438,0.6433,1,0
CUST025409,0.1298,0,0
CUST005496,0.0546,0,0
CUST041306,0.0753,0,0
CUST036779,0.0675,0,0
CUST008277,0.0639,0,0
CUST000782,0.0988,0,0
CUST046617,0.1003,0,0
CUST001634,0.0419,0,0
CUST025418,0.061,0,0
CUST030558,0.3673,0,0
CUST037132,0.0847,0,0
CUST017599,0.2182,0,0
CUST049659,0.4021,0,0
CUST011921,0.8541,1,0
CUST043590,0.4832,0,0
CUST013542,0.0951,0,0
CUST010387,0.1094,0,0
CUST000306,0.7524,1,0
CUST002492,0.1523,0,0
CUST014541,0.2512,0,0
CUST013080,0.408,0,0
CUST020432,0.148,0,0
CUST017152,0.9294,1,0
CUST006301,0.8203,1,0
CUST037264,0.5119,1,0
CUST047843,0.1135,0,0
CUST024072,0.2686,0,0
CUST001644,0.2133,0,0
CUST001204,0.137,0,0
CUST023770,0.0862,0,0
CUST002586,0.8898,1,0
CUST027699,0.1505,0,0
CUST020725,0.1841,0,0
CUST024314,0.1511,0,0
CUST007001,0.0917,0,0
CUST030583,0.6967,1,0
CUST042822,0.542,1,0
CUST038241,0.4202,0,0
CUST047327,0.0761,0,0
CUST001212,0.0754,0,0
CUST034650,0.0973,0,0
CUST024658,0.1047,0,0
CUST021485,0.1374,0,0
CUST013214,0.8188,1,0
CUST010431,0.0942,0,0
CUST043782,0.1383,0,0
CUST024405,0.9005,1,0
CUST008731,0.1653,0,0
CUST045947,0.0762,0,0
CUST018695,0.0601,0,0
CUST008683,0.4515,0,0
CUST030750,0.1153,0,0
CUST015846,0.4232,0,0
CUST002347,0.2553,0,0
CUST011684,0.5912,1,0
CUST001460,0.4501,0,0
CUST041552,0.791,1,0
CUST049800,0.6442,1,0
CUST001379,0.0677,0,0
CUST009448,0.1701,0,0
CUST044093,0.1289,0,0
CUST028544,0.4133,0,0
CUST003624,0.4736,0,0
CUST022201,0.6769,1,0
CUST025349,0.0438,0,0
CUST020851,0.0733,0,0
CUST032274,0.1746,0,0
CUST032946,0.1346,0,0
CUST029794,0.0799,0,0
CUST028290,0.117,0,0
CUST011445,0.0657,0,0
CUST029219,0.0772,0,0
CUST011628,0.5794,1,0
CUST000162,0.8283,1,0
CUST041737,0.2133,0,0
CUST022836,0.044,0,0
CUST048064,0.0521,0,0
CUST000022,0.0945,0,0
CUST003194,0.1771,0,0
CUST016287,0.0881,0,0
CUST033482,0.5457,1,0
CUST046817,0.7617,1,0
CUST007464,0.133,0,0
CUST039022,0.1621,0,0
CUST005733,0.1337,0,0
CUST006445,0.1593,0,0
CUST005680,0.0429,0,0
CUST010770,0.0799,0,0
CUST031201,0.3432,0,0
CUST035255,0.0744,0,0
CUST008099,0.0871,0,0
CUST041119,0.6262,1,0
CUST037489,0.0756,0,0
CUST004801,0.0823,0,0
CUST015731,0.4299,0,0
CUST048159,0.7223,1,0
CUST040648,0.0584,0,0
CUST038270,0.2916,0,0
CUST006924,0.1282,0,0
CUST017941,0.8282,1,0
CUST007346,0.1077,0,0
CUST016545,0.1698,0,0
CUST026514,0.0905,0,0
CUST031596,0.0717,0,0
CUST021321,0.1824,0,0
CUST039906,0.2728,0,0
CUST024550,0.3087,0,0
CUST008338,0.203,0,0
CUST004641,0.0975,0,0
CUST027429,0.0763,0,0
CUST036386,0.1519,0,0
CUST002914,0.3055,0,0
CUST029143,0.0619,0,0
CUST009519,0.0675,0,0
CUST035425,0.0532,0,0
CUST022748,0.1909,0,0
CUST005209,0.084,0,0
CUST032360,0.0675,0,0
CUST026890,0.0504,0,0
CUST012217,0.5393,1,0
CUST033139,0.0534,0,0
CUST029979,0.052,0,0
CUST048744,0.0904,0,0
CUST038724,0.4152,0,0
CUST010964,0.1992,0,0
CUST023940,0.0448,0,0
CUST021838,0.1511,0,0
CUST034832,0.1693,0,0
CUST022649,0.0839,0,0
CUST007480,0.1147,0,0
CUST019644,0.8478,1,0
CUST041046,0.1371,0,0
CUST021937,0.0866,0,0
CUST014039,0.0427,0,0
CUST046949,0.1127,0,0
CUST011615,0.224,0,0
CUST011677,0.3476,0,0
CUST037900,0.0519,0,0
CUST002912,0.8326,1,0
CUST046776,0.0988,0,0
CUST005128,0.0675,0,0
CUST022714,0.1916,0,0
CUST011953,0.0937,0,0
CUST016036,0.04,0,0
CUST011970,0.7244,1,0
CUST019746,0.0813,0,0
CUST022370,0.4287,0,0
CUST024473,0.1117,0,0
CUST047193,0.1071,0,0
CUST006723,0.1097,0,0
CUST020421,0.0364,0,0
CUST033849,0.1032,0,0
CUST026891,0.0419,0,0
CUST045310,0.3192,0,0
CUST035973,0.0558,0,0
CUST045548,0.4953,0,0
CUST014427,0.0856,0,0
CUST025227,0.0673,0,0
CUST008521,0.098,0,0
CUST013976,0.0676,0,0
CUST038621,0.077,0,0
CUST041802,0.14,0,0
CUST013341,0.7179,1,0
CUST002621,0.2072,0,0
CUST004331,0.2087,0,0
CUST018253,0.1096,0,0
CUST033302,0.1043,0,0
CUST041913,0.0878,0,0
CUST021578,0.8852,1,1
CUST037454,0.0443,0,0
CUST004196,0.2122,0,0
CUST041654,0.125,0,0
CUST043172,0.1467,0,0
CUST036588,0.5559,1,0
CUST030739,0.2851,0,0
CUST004879,0.4425,0,0
CUST005744,0.785,1,0
CUST011100,0.0632,0,0
CUST029578,0.0809,0,0
CUST000731,0.0955,0,0
CUST033053,0.0685,0,0
CUST023400,0.0628,0,0
CUST034600,0.0651,0,0
CUST019515,0.8596,1,1
CUST032552,0.1087,0,0
CUST048274,0.8924,1,0
CUST019150,0.1943,0,0
CUST027346,0.1799,0,0
CUST024756,0.0469,0,0
CUST047243,0.1283,0,0
CUST048983,0.1457,0,0
CUST031031,0.4503,0,0
CUST014744,0.2786,0,0
CUST011695,0.7742,1,0
CUST022604,0.0375,0,0
CUST034607,0.1091,0,0
CUST040469,0.1098,0,0
CUST015644,0.1503,0,0
CUST015988,0.0826,0,0
CUST008499,0.7945,1,1
CUST044025,0.1654,0,0
CUST011125,0.0716,0,0
CUST028235,0.3728,0,0
CUST005527,0.0799,0,0
CUST046420,0.0869,0,0
CUST009156,0.0553,0,0
CUST029536,0.0592,0,0
CUST005860,0.3389,0,0
CUST025103,0.7491,1,0
CUST009420,0.3733,0,0
CUST015901,0.0705,0,0
CUST042746,0.0587,0,0
CUST038898,0.8583,1,1
CUST032816,0.1266,0,0
CUST043644,0.0668,0,0
CUST021061,0.1077,0,0
CUST044061,0.0553,0,0
CUST012735,0.1807,0,0
CUST010323,0.8659,1,1
CUST030569,0.8917,1,0
CUST043163,0.1041,0,0
CUST034069,0.184,0,0
CUST033842,0.3591,0,0
CUST022710,0.0675,0,0
CUST002532,0.4092,0,0
CUST009114,0.1244,0,0
CUST000653,0.8076,1,0
CUST006955,0.2869,0,0
CUST036621,0.08,0,0
CUST006390,0.7084,1,1
CUST000585,0.1365,0,0
CUST028675,0.682,1,0
CUST043770,0.1201,0,0
CUST022200,0.1681,0,0
CUST015278,0.0922,0,0
CUST029929,0.2329,0,0
CUST038269,0.1394,0,0
CUST007355,0.4624,0,0
CUST011903,0.0933,0,0
CUST026407,0.0801,0,0
CUST011163,0.0748,0,0
CUST033518,0.0626,0,0
CUST035286,0.313,0,0
CUST000604,0.0929,0,0
CUST031674,0.0391,0,0
CUST020494,0.4652,0,0
CUST016589,0.6042,1,0
CUST025147,0.0465,0,0
CUST007972,0.1092,0,0
CUST016504,0.314,0,0
CUST037562,0.1832,0,0
CUST011925,0.1441,0,0
CUST008457,0.0498,0,0
CUST034903,0.1741,0,0
CUST019797,0.146,0,0
CUST004315,0.1337,0,0
CUST006507,0.4425,0,0
CUST032835,0.6531,1,0
CUST033602,0.0557,0,0
CUST010659,0.1742,0,0
CUST014021,0.3781,0,0
CUST035288,0.209,0,0
CUST007787,0.6403,1,0
CUST014922,0.7561,1,0
CUST028044,0.1074,0,0
CUST007887,0.0687,0,0
CUST004968,0.6734,1,0
CUST030659,0.2049,0,0
CUST041427,0.0501,0,0
CUST008850,0.0391,0,0
CUST022269,0.8148,1,0
CUST026507,0.1786,0,0
CUST040854,0.0663,0,0
CUST012836,0.1633,0,0
CUST039903,0.1569,0,0
CUST036964,0.5729,1,0
CUST004715,0.6005,1,0
CUST006295,0.1047,0,0
CUST006269,0.1058,0,0
CUST006801,0.3083,0,0
CUST000104,0.8498,1,0
CUST027806,0.0579,0,0
CUST042950,0.2871,0,0
CUST023333,0.0726,0,0
CUST023097,0.2108,0,0
CUST022040,0.1329,0,0
CUST020408,0.1846,0,0
CUST001333,0.0548,0,0
CUST032296,0.5312,1,0
CUST014477,0.051,0,0
CUST006668,0.2114,0,0
CUST013922,0.3938,0,0
CUST016864,0.1168,0,0
CUST039297,0.0529,0,0
CUST048354,0.0903,0,0
CUST000562,0.8322,1,0
CUST004810,0.1496,0,0
CUST027177,0.1337,0,0
CUST009907,0.2262,0,0
CUST027915,0.5568,1,0
CUST029711,0.1288,0,0
CUST007280,0.0488,0,0
CUST005700,0.7877,1,1
CUST034246,0.4963,0,0
CUST026974,0.4949,0,0
CUST008827,0.0675,0,0
CUST036188,0.1302,0,0
CUST022859,0.079,0,0
CUST031652,0.096,0,0
CUST033597,0.0939,0,0
CUST003099,0.1267,0,0
CUST004570,0.4168,0,0
CUST006766,0.4162,0,0
CUST013014,0.4901,0,0
CUST025263,0.554,1,0
CUST036358,0.1643,0,0
CUST011881,0.0675,0,0
CUST024820,0.0783,0,0
CUST022341,0.1176,0,0
CUST040586,0.0483,0,0
CUST027005,0.057,0,0
CUST019530,0.1668,0,0
CUST018137,0.4527,0,0
CUST004210,0.1887,0,0
CUST032106,0.0994,0,0
CUST004568,0.0994,0,0
CUST000463,0.3942,0,0
CUST030614,0.8054,1,0
CUST028308,0.6191,1,0
CUST036218,0.1983,0,0
CUST017326,0.859,1,0
CUST014052,0.2656,0,0
CUST047080,0.7319,1,1
CUST014501,0.2748,0,0
CUST027165,0.0728,0,0
CUST013584,0.6852,1,0
CUST002522,0.0841,0,0
CUST046466,0.1818,0,0
CUST022270,0.8217,1,0
CUST020826,0.8974,1,0
CUST044015,0.2849,0,0
CUST040045,0.1288,0,0
CUST009654,0.1621,0,0
CUST007151,0.0404,0,0
CUST019867,0.0936,0,0
CUST048331,0.0942,0,0
CUST008062,0.7716,1,0
CUST041120,0.0785,0,0
CUST042502,0.0698,0,0
CUST014792,0.0715,0,0
CUST038578,0.0766,0,0
CUST046537,0.1056,0,0
CUST024683,0.7801,1,0
CUST031120,0.0592,0,0
CUST002310,0.0833,0,0
CUST033470,0.0772,0,0
CUST002604,0.1352,0,0
CUST018495,0.0438,0,0
CUST043269,0.4266,0,0
CUST020462,0.4814,0,0
CUST049079,0.0685,0,0
CUST038117,0.2055,0,0
CUST043916,0.0407,0,0
CUST024302,0.3938,0,0
CUST020681,0.5341,1,0
CUST036864,0.5975,1,0
CUST041308,0.0657,0,0
CUST038281,0.3432,0,0
CUST023318,0.8997,1,1
CUST034719,0.044,0,0
CUST000936,0.0882,0,0
CUST036303,0.0618,0,0
CUST015700,0.5912,1,0
CUST026257,0.0388,0,0
CUST012556,0.0659,0,0
CUST042274,0.0719,0,0
CUST019669,0.1115,0,0
CUST048953,0.6141,1,1
CUST021496,0.0856,0,0
CUST026919,0.084,0,0
CUST007015,0.2058,0,0
CUST016843,0.2569,0,0
CUST044518,0.0704,0,0
CUST006632,0.0951,0,0
CUST008485,0.3744,0,0
CUST041582,0.0998,0,0
CUST001321,0.1607,0,0
CUST043972,0.059,0,0
CUST004783,0.269,0,0
CUST003595,0.6431,1,0
CUST041658,0.0477,0,0
CUST000376,0.0819,0,0
CUST002457,0.0876,0,0
CUST037081,0.0487,0,0
CUST001310,0.0504,0,0
CUST039364,0.5689,1,0
CUST029574,0.0553,0,0
CUST028591,0.6479,1,0
CUST005764,0.0869,0,0
CUST039255,0.0796,0,0
CUST041999,0.0646,0,0
CUST046978,0.0859,0,0
CUST044297,0.0687,0,0
CUST043200,0.5064,1,0
CUST002706,0.7804,1,0
CUST030959,0.2204,0,0
CUST012444,0.0575,0,0
CUST047051,0.7077,1,0
CUST016245,0.1767,0,0
CUST041393,0.1914,0,0
CUST011375,0.48,0,0
CUST010776,0.4283,0,0
CUST021198,0.3078,0,0
CUST002907,0.3525,0,0
CUST037763,0.0387,0,0
CUST028679,0.1428,0,0
CUST012864,0.1461,0,0
CUST008147,0.0417,0,0
CUST020161,0.1218,0,0
CUST001132,0.8898,1,0
CUST019365,0.1035,0,0
CUST014215,0.0836,0,0
CUST014912,0.0997,0,0
CUST014422,0.1007,0,0
CUST005852,0.2265,0,1
CUST023862,0.1988,0,0
CUST022023,0.1041,0,0
CUST032027,0.2293,0,0
CUST046728,0.5411,1,0
CUST027501,0.396,0,0
CUST008564,0.0652,0,0
CUST012404,0.1559,0,0
CUST006784,0.5585,1,0
CUST025020,0.1158,0,0
CUST025971,0.3312,0,0
CUST002947,0.1206,0,0
CUST049520,0.1125,0,0
CUST041969,0.071,0,0
CUST027751,0.2005,0,0
CUST048258,0.2642,0,0
CUST007817,0.2832,0,0
CUST001669,0.0509,0,0
CUST013164,0.2219,0,0
CUST016536,0.4669,0,0
CUST025401,0.5028,1,0
CUST040963,0.5594,1,0
CUST007358,0.0675,0,0
CUST036370,0.08,0,0
CUST001251,0.0875,0,0
CUST024714,0.0592,0,0
CUST048381,0.044,0,0
CUST001694,0.0792,0,0
CUST028234,0.4092,0,0
CUST047258,0.0767,0,0
CUST035353,0.2304,0,0
CUST049440,0.0409,0,0
CUST018986,0.071,0,0
CUST013177,0.076,0,0
CUST036519,0.0584,0,0
CUST046331,0.0735,0,0
CUST021811,0.138,0,0
CUST002591,0.348,0,0
CUST040346,0.7841,1,0
CUST047872,0.0691,0,0
CUST045728,0.4663,0,0
CUST000024,0.0619,0,0
CUST018201,0.053,0,0
CUST029757,0.2204,0,0
CUST005096,0.1897,0,0
CUST038995,0.073,0,0
CUST009267,0.3643,0,0
CUST004873,0.1256,0,0
CUST020458,0.0883,0,0
CUST027680,0.0452,0,0
CUST021877,0.0513,0,0
CUST035345,0.082,0,0
CUST016903,0.0573,0,0
CUST017024,0.0965,0,0
CUST038160,0.0948,0,0
CUST044618,0.0652,0,0
CUST033800,0.0743,0,0
CUST031852,0.0771,0,0
CUST034643,0.844,1,0
CUST031083,0.1433,0,0
CUST029113,0.4401,0,0
CUST037955,0.8687,1,0
CUST027818,0.1301,0,0
CUST009774,0.0374,0,0
CUST010373,0.2,0,0
CUST007650,0.5566,1,0
CUST034213,0.1013,0,0
CUST008916,0.8951,1,0
CUST019668,0.0368,0,0
CUST009414,0.0409,0,0
CUST009670,0.2018,0,0
CUST021548,0.4133,0,0
CUST027119,0.5026,1,0
CUST037941,0.102,0,0
CUST013561,0.0971,0,0
CUST036114,0.1704,0,0
CUST038162,0.0809,0,0
CUST025356,0.2625,0,0
CUST026236,0.0609,0,0
CUST014423,0.6898,1,0
CUST029073,0.8991,1,0
CUST040435,0.1731,0,0
CUST012529,0.4555,0,0
CUST014043,0.7006,1,0
CUST032299,0.0836,0,0
CUST033352,0.4558,0,0
CUST023188,0.0931,0,0
CUST031934,0.1988,0,0
CUST007268,0.2066,0,0
CUST033937,0.53,1,0
CUST043613,0.2288,0,0
CUST004904,0.1854,0,0
CUST039923,0.4632,0,0
CUST044799,0.3117,0,0
CUST032381,0.2604,0,0
CUST035387,0.3779,0,0
CUST009315,0.1083,0,0
CUST018463,0.0718,0,0
CUST022533,0.6158,1,0
CUST027063,0.0623,0,0
CUST038673,0.8319,1,1
CUST047045,0.8991,1,0
CUST020647,0.4887,0,0
CUST036035,0.433,0,0
CUST016098,0.0914,0,0
CUST045583,0.0731,0,0
CUST003303,0.282,0,0
CUST037767,0.3699,0,0
CUST027561,0.4923,0,0
CUST041164,0.0675,0,0
CUST006637,0.8967,1,0
CUST001165,0.1522,0,0
CUST041532,0.0847,0,0
CUST004753,0.8428,1,0
CUST033986,0.1438,0,0
CUST005511,0.1247,0,0
CUST013747,0.1725,0,0
CUST042820,0.232,0,0
CUST021883,0.0507,0,0
CUST004450,0.1964,0,0
CUST030505,0.0823,0,0
CUST042032,0.0733,0,0
CUST005867,0.7684,1,0
CUST047505,0.0675,0,0
CUST022976,0.0607,0,0
CUST004445,0.7604,1,0
CUST024922,0.8018,1,1
CUST018344,0.0604,0,0
CUST036611,0.0631,0,0
CUST040188,0.0933,0,0
CUST002085,0.6047,1,0
CUST011863,0.1096,0,0
CUST017898,0.051,0,0
CUST034221,0.5912,1,0
CUST012141,0.0624,0,0
CUST029489,0.1078,0,0
CUST011148,0.4404,0,0
CUST045547,0.8658,1,1
CUST046795,0.0598,0,0
CUST042568,0.0692,0,0
CUST035129,0.1009,0,0
CUST035610,0.1528,0,0
CUST015627,0.2417,0,0
CUST038105,0.1225,0,0
CUST001276,0.055,0,0
CUST044207,0.0682,0,0
CUST029079,0.2705,0,0
CUST047408,0.0495,0,0
CUST030920,0.0996,0,0
CUST015668,0.039,0,0
CUST041852,0.0431,0,0
CUST024075,0.1139,0,0
CUST037029,0.2491,0,0
CUST019741,0.1688,0,0
CUST011739,0.8991,1,0
CUST031347,0.116,0,0
CUST025728,0.1902,0,0
CUST001733,0.8837,1,1
CUST009513,0.2872,0,0
CUST002656,0.0833,0,0
CUST003635,0.0487,0,0
CUST035607,0.7175,1,0
CUST015085,0.3771,0,0
CUST015451,0.0771,0,0
CUST043205,0.0688,0,0
CUST024570,0.1483,0,0
CUST013112,0.0863,0,0
CUST036362,0.1306,0,0
CUST009869,0.2139,0,0
CUST006728,0.0628,0,0
CUST002556,0.6733,1,0
CUST048486,0.0611,0,0
CUST044907,0.1115,0,0
CUST043044,0.1086,0,0
CUST040880,0.2426,0,0
CUST032986,0.1031,0,0
CUST002070,0.0824,0,0
CUST002067,0.2937,0,0
CUST045440,0.1299,0,0
CUST014621,0.1855,0,0
CUST028335,0.0371,0,0
CUST013028,0.8991,1,0
CUST012852,0.6182,1,0
CUST025191,0.3022,0,0
CUST024985,0.4576,0,0
CUST046010,0.0715,0,0
CUST022003,0.2854,0,0
CUST028866,0.0848,0,0
CUST020363,0.0675,0,0
CUST005510,0.2758,0,0
CUST048667,0.1018,0,0
CUST006061,0.0807,0,0
CUST035934,0.0615,0,0
CUST035545,0.8991,1,0
CUST043762,0.2312,0,0
CUST017067,0.0478,0,0
CUST023429,0.1667,0,0
CUST016660,0.1511,0,0
CUST002278,0.3374,0,0
CUST038942,0.1164,0,0
CUST025639,0.0976,0,0
CUST031341,0.4669,0,0
CUST013912,0.1974,0,0
CUST043649,0.0675,0,0
CUST031925,0.3029,0,0
CUST027430,0.075,0,0
CUST015910,0.0518,0,0
CUST042065,0.176,0,0
CUST005882,0.8361,1,0
CUST024565,0.4375,0,0
CUST019292,0.1325,0,0
CUST040932,0.0794,0,0
CUST049701,0.5963,1,0
CUST010061,0.3589,0,0
CUST003389,0.0528,0,0
CUST013399,0.1727,0,0
CUST013169,0.8951,1,0
CUST029314,0.1839,0,0
CUST017711,0.1212,0,0
CUST043980,0.5957,1,0
CUST014518,0.0419,0,0
CUST042049,0.2114,0,1
CUST031960,0.0353,0,0
CUST045549,0.0766,0,0
CUST004647,0.0949,0,0
CUST020112,0.2254,0,0
CUST006532,0.881,1,1
CUST035046,0.0665,0,0
CUST009567,0.0374,0,0
CUST039095,0.1143,0,0
CUST008958,0.0733,0,0
CUST028240,0.0911,0,0
CUST038607,0.0538,0,0
CUST006102,0.0594,0,0
CUST028569,0.1237,0,0
CUST015383,0.1801,0,0
CUST018576,0.0799,0,0
CUST040159,0.0598,0,0
CUST030073,0.0753,0,0
CUST041646,0.8877,1,0
CUST045703,0.1907,0,0
CUST024639,0.9275,1,1
CUST048295,0.0871,0,0
CUST031488,0.1421,0,0
CUST017408,0.1037,0,0
CUST001120,0.2093,0,0
CUST029821,0.7431,1,0
CUST001280,0.1767,0,0
CUST004761,0.0893,0,0
CUST048105,0.0554,0,0
CUST020745,0.3457,0,0
CUST002381,0.1117,0,0
CUST014689,0.8951,1,0
CUST021333,0.0526,0,0
CUST011485,0.4425,0,0
CUST003158,0.053,0,0
CUST040070,0.2185,0,0
CUST014969,0.4454,0,0
CUST042757,0.1747,0,0
CUST012740,0.3364,0,0
CUST041235,0.0809,0,0
CUST004371,0.0398,0,0
CUST000143,0.0861,0,0
CUST019374,0.6899,1,0
CUST041735,0.1259,0,0
CUST036344,0.1992,0,0
CUST005813,0.1824,0,0
CUST013890,0.7223,1,0
CUST010198,0.0709,0,0
CUST023603,0.0488,0,0
CUST029761,0.0685,0,0
CUST003218,0.85,1,0
CUST028508,0.3398,0,0
CUST042780,0.2394,0,0
CUST018966,0.097,0,0
CUST016248,0.2923,0,0
CUST013088,0.3375,0,0
CUST021315,0.0753,0,0
CUST019152,0.1127,0,0
CUST037147,0.0628,0,0
CUST014585,0.1933,0,0
CUST048586,0.0453,0,0
CUST024379,0.1877,0,0
CUST018025,0.1168,0,0
CUST034153,0.1612,0,0
CUST018857,0.3955,0,0
CUST030984,0.4062,0,0
CUST035308,0.0442,0,0
CUST031225,0.0931,0,0
CUST027278,0.2314,0,0
CUST028677,0.7952,1,0
CUST007962,0.0553,0,0
CUST042670,0.8776,1,0
CUST030617,0.0783,0,0
CUST006021,0.3453,0,0
CUST041411,0.0587,0,0
CUST023825,0.067,0,0
CUST024501,0.0884,0,0
CUST048817,0.1163,0,0
CUST006549,0.1985,0,0
CUST017417,0.0421,0,0
CUST012787,0.0913,0,0
CUST013127,0.0451,0,0
CUST034460,0.0443,0,0
CUST016565,0.0707,0,0
CUST029811,0.7798,1,0
CUST015103,0.4768,0,0
CUST013307,0.3199,0,0
CUST027895,0.0911,0,0
CUST015147,0.0722,0,0
CUST007596,0.0572,0,0
CUST031632,0.0716,0,0
CUST049615,0.1374,0,0
CUST021349,0.6489,1,0
CUST024071,0.0975,0,0
CUST040376,0.2257,0,0
CUST004333,0.0825,0,0
CUST033693,0.68,1,0
CUST021621,0.3005,0,0
CUST020513,0.1126,0,0
CUST023080,0.8012,1,0
CUST014703,0.1387,0,0
CUST016865,0.7952,1,0
CUST031492,0.1572,0,0
CUST039720,0.5499,1,0
CUST047047,0.5847,1,0
CUST022763,0.2855,0,0
CUST011248,0.2048,0,0
CUST027483,0.0753,0,0
CUST045624,0.3951,0,1
CUST002626,0.0501,0,0
CUST044459,0.2231,0,0
CUST013966,0.3389,0,0
CUST039917,0.1601,0,0
CUST029905,0.1495,0,0
CUST042357,0.0652,0,0
CUST030322,0.0869,0,0
CUST025257,0.1106,0,0
CUST048365,0.2687,0,0
CUST003134,0.8445,1,0
CUST006159,0.1308,0,0
CUST008508,0.1263,0,0
CUST005716,0.7172,1,0
CUST012180,0.6288,1,0
CUST035162,0.2633,0,0
CUST000755,0.2989,0,0
CUST021565,0.0618,0,0
CUST042496,0.4247,0,0
CUST030628,0.0604,0,0
CUST010278,0.153,0,0
CUST024933,0.0857,0,0
CUST013691,0.0922,0,0
CUST039658,0.0483,0,0
CUST023754,0.4976,0,0
CUST027225,0.0913,0,0
CUST037414,0.1856,0,0
CUST027494,0.0717,0,0
CUST044109,0.0675,0,0
CUST028532,0.0585,0,0
CUST022606,0.1226,0,0
CUST041699,0.0995,0,0
CUST009797,0.1925,0,0
CUST016573,0.122,0,0
CUST017788,0.6089,1,0
CUST020344,0.0812,0,0
CUST019127,0.0772,0,0
CUST047783,0.0625,0,0
CUST017862,0.1132,0,0
CUST017790,0.101,0,0
CUST008703,0.5676,1,0
CUST020501,0.1258,0,0
CUST046566,0.8126,1,0
CUST045522,0.1587,0,0
CUST016762,0.0675,0,0
CUST024178,0.9283,1,0
CUST042397,0.5566,1,0
CUST004438,0.4425,0,0
CUST043715,0.3666,0,0
CUST017473,0.1488,0,0
CUST009512,0.107,0,0
CUST024229,0.0958,0,0
CUST008641,0.1371,0,0
CUST009641,0.8121,1,0
CUST040338,0.3093,0,0
CUST029933,0.7189,1,0
CUST025996,0.1464,0,0
CUST003745,0.06,0,0
CUST021474,0.0834,0,0
CUST025831,0.0992,0,0
CUST007085,0.1991,0,0
CUST024568,0.1562,0,0
CUST000011,0.1207,0,0
CUST046415,0.1287,0,0
CUST042038,0.061,0,0
CUST018626,0.6005,1,0
CUST024054,0.1459,0,0
CUST022551,0.8881,1,0
CUST027033,0.0755,0,0
CUST045225,0.0847,0,0
CUST003065,0.0914,0,0
CUST019138,0.1398,0,0
CUST030616,0.1106,0,0
CUST026981,0.2335,0,0
CUST010803,0.7205,1,0
CUST014675,0.1945,0,0
CUST039696,0.8644,1,0
CUST020877,0.0895,0,0
CUST029654,0.1012,0,0
CUST046352,0.3791,0,0
CUST029225,0.1736,0,0
CUST046144,0.3887,0,0
CUST044522,0.8164,1,0
CUST017770,0.2916,0,0
CUST036982,0.0364,0,0
CUST026923,0.069,0,0
CUST040534,0.0582,0,0
CUST013946,0.0373,0,0
CUST002678,0.3032,0,0
CUST039299,0.5912,1,0
CUST018769,0.4092,0,0
CUST005293,0.2009,0,0
CUST012758,0.1588,0,0
CUST027560,0.0692,0,0
CUST047132,0.1794,0,0
CUST015020,0.1657,0,0
CUST040578,0.1384,0,0
CUST030567,0.1106,0,0
CUST000857,0.2237,0,0
CUST029938,0.0968,0,0
CUST041963,0.1194,0,0
CUST020460,0.0613,0,0
CUST020785,0.8991,1,1
CUST003470,0.0675,0,0
CUST025871,0.2497,0,0
CUST019176,0.6551,1,0
CUST024080,0.2041,0,0
CUST001425,0.8323,1,0
CUST045220,0.8442,1,1
CUST016201,0.5912,1,0
CUST044362,0.0803,0,0
CUST027571,0.8115,1,0
CUST010167,0.1463,0,0
CUST020035,0.8193,1,0
CUST017458,0.1773,0,0
CUST027476,0.0526,0,0
CUST034736,0.2794,0,0
CUST030247,0.2019,0,0
CUST034936,0.1997,0,0
CUST043537,0.2124,0,0
CUST007285,0.1233,0,0
CUST017025,0.793,1,1
CUST017103,0.8087,1,0
CUST028824,0.4517,0,0
CUST031198,0.1878,0,0
CUST013461,0.0559,0,0
CUST030139,0.3359,0,0
CUST049018,0.0506,0,0
CUST026953,0.6005,1,0
CUST046044,0.1228,0,0
CUST038921,0.0655,0,0
CUST025270,0.0526,0,0
CUST000995,0.1794,0,0
CUST001935,0.0964,0,0
CUST001443,0.5956,1,0
CUST012909,0.0999,0,0
CUST001214,0.0661,0,0
CUST010932,0.3149,0,0
CUST021529,0.3957,0,0
CUST021337,0.1068,0,0
CUST018886,0.1887,0,0
CUST033784,0.0459,0,0
CUST012902,0.2338,0,0
CUST038870,0.715,1,0
CUST009356,0.105,0,0
CUST004238,0.2605,0,0
CUST005229,0.0565,0,0
CUST046875,0.0991,0,0
CUST047844,0.3815,0,0
CUST018031,0.1222,0,0
CUST024028,0.0862,0,0
CUST025162,0.0734,0,0
CUST023617,0.8915,1,0
CUST044512,0.0848,0,0
CUST009389,0.3087,0,0
CUST014680,0.3263,0,0
CUST029319,0.0827,0,0
CUST017925,0.1378,0,0
CUST002797,0.0676,0,0
CUST009940,0.3393,0,0
CUST019798,0.1043,0,0
CUST004354,0.0612,0,0
CUST037180,0.0675,0,0
CUST036576,0.0516,0,0
CUST036458,0.0784,0,0
CUST001191,0.0373,0,0
CUST026519,0.1686,0,0
CUST003397,0.0605,0,0
CUST046754,0.0776,0,0
CUST036029,0.0769,0,0
CUST031247,0.1746,0,0
CUST013548,0.1169,0,0
CUST037107,0.1117,0,0
CUST003166,0.0768,0,0
CUST011014,0.6005,1,0
CUST024434,0.1047,0,0
CUST005341,0.0891,0,0
CUST045204,0.0967,0,0
CUST003357,0.0768,0,0
CUST020213,0.1682,0,0
CUST025365,0.1267,0,0
CUST036490,0.09,0,0
CUST000030,0.0935,0,0
CUST023907,0.1559,0,0
CUST003489,0.7708,1,0
CUST022506,0.1775,0,0
CUST010633,0.0675,0,0
CUST020558,0.1122,0,0
CUST012424,0.0645,0,0
CUST028088,0.1587,0,0
CUST013452,0.2251,0,0
CUST025262,0.0662,0,0
CUST049649,0.1693,0,0
CUST034334,0.8898,1,0
CUST000750,0.4267,0,0
CUST010904,0.0917,0,0
CUST014517,0.0702,0,0
CUST013167,0.2724,0,0
CUST034338,0.1721,0,0
CUST030929,0.2071,0,0
CUST014360,0.0675,0,0
CUST015242,0.4986,0,0
CUST033294,0.0898,0,0
CUST035254,0.596,1,0
CUST046232,0.1194,0,0
CUST010286,0.0993,0,0
CUST047158,0.2312,0,0
CUST009377,0.5054,1,0
CUST015949,0.1751,0,0
CUST040906,0.6101,1,0
CUST041286,0.0903,0,0
CUST011610,0.1125,0,0
CUST017210,0.1673,0,0
CUST020659,0.203,0,0
CUST032267,0.8141,1,1
CUST007713,0.1487,0,0
CUST028476,0.0754,0,0
CUST028029,0.0675,0,0
CUST013325,0.282,0,0
CUST045824,0.0874,0,0
CUST021852,0.8974,1,0
CUST044444,0.2494,0,0
CUST039725,0.164,0,0
CUST049947,0.0975,0,0
CUST001608,0.105,0,0
CUST039838,0.1527,0,0
CUST022435,0.0938,0,0
CUST000578,0.0909,0,0
CUST004355,0.8281,1,0
CUST010665,0.0614,0,0
CUST036787,0.1491,0,0
CUST016824,0.0808,0,0
CUST006288,0.0899,0,0
CUST006701,0.1212,0,0
CUST010521,0.242,0,0
CUST028506,0.0396,0,0
CUST010379,0.1202,0,0
CUST048580,0.3226,0,0
CUST047000,0.2213,0,0
CUST029014,0.0701,0,0
CUST049222,0.2674,0,0
CUST006713,0.8951,1,0
CUST002653,0.5642,1,0
CUST038971,0.4067,0,0
CUST004254,0.0916,0,0
CUST004259,0.0748,0,0
CUST006426,0.1003,0,0
CUST019164,0.2164,0,0
CUST025659,0.0763,0,0
CUST005715,0.6285,1,0
CUST049926,0.141,0,0
CUST024290,0.0914,0,0
CUST047611,0.2246,0,0
CUST021949,0.0895,0,0
CUST046312,0.0525,0,0
CUST003189,0.0592,0,0
CUST000488,0.5542,1,0
CUST030218,0.6641,1,0
CUST001716,0.1223,0,0
CUST010632,0.1857,0,0
CUST045780,0.3587,0,0
CUST022214,0.5439,1,0
CUST036852,0.0675,0,0
CUST006595,0.5673,1,0
CUST021933,0.4347,0,0
CUST024703,0.3703,0,0
CUST019406,0.3677,0,0
CUST033220,0.249,0,0
CUST036019,0.1429,0,0
CUST011432,0.0577,0,0
CUST011567,0.1624,0,0
CUST040061,0.4676,0,0
CUST035699,0.127,0,0
CUST031168,0.7175,1,0
CUST009701,0.0918,0,0
CUST032677,0.097,0,0
CUST039239,0.1277,0,0
CUST029320,0.0365,0,0
CUST006573,0.0535,0,0
CUST026425,0.2378,0,0
CUST012364,0.6005,1,0
CUST027942,0.1479,0,0
CUST031688,0.5459,1,0
CUST021804,0.1433,0,0
CUST007379,0.6734,1,0
CUST011381,0.0629,0,0
CUST024325,0.2,0,0
CUST046295,0.2131,0,0
CUST048605,0.1165,0,0
CUST026109,0.1783,0,0
CUST007344,0.0982,0,0
CUST029590,0.0495,0,0
CUST027512,0.0739,0,0
CUST002003,0.4215,0,0
CUST016697,0.5459,1,0
CUST049467,0.1817,0,0
CUST010218,0.7952,1,0
CUST046310,0.1129,0,0
CUST000713,0.2496,0,0
CUST038272,0.4611,0,0
CUST026481,0.049,0,0
CUST021618,0.4203,0,0
CUST046109,0.6486,1,0
CUST006381,0.3048,0,0
CUST043773,0.1277,0,0
CUST036822,0.8876,1,0
CUST008996,0.0368,0,0
CUST026561,0.0425,0,0
CUST011946,0.6955,1,1
CUST023516,0.0599,0,0
CUST041865,0.1224,0,0
CUST036975,0.1872,0,0
CUST034919,0.0508,0,0
CUST012637,0.0669,0,0
CUST030201,0.2005,0,0
CUST019907,0.2567,0,0
CUST021025,0.1251,0,0
CUST038236,0.1391,0,0
CUST017241,0.096,0,0
CUST038773,0.1469,0,0
CUST000951,0.4454,0,0
CUST033059,0.1298,0,0
CUST021268,0.7952,1,0
CUST039014,0.0991,0,0
CUST044762,0.1858,0,0
CUST014426,0.0919,0,0
CUST035625,0.7992,1,0
CUST015382,0.4966,0,0
CUST014904,0.1247,0,0
CUST033846,0.1246,0,0
CUST002196,0.182,0,0
CUST039614,0.0668,0,0
CUST002243,0.2133,0,0
CUST004141,0.0591,0,0
CUST030672,0.1087,0,0
CUST045459,0.0813,0,0
CUST012164,0.4042,0,0
CUST009296,0.8659,1,0
CUST004871,0.3928,0,0
CUST037758,0.3492,0,0
CUST018711,0.5486,1,0
CUST031385,0.0715,0,0
CUST031382,0.0456,0,0
CUST044094,0.317,0,0
CUST032444,0.1291,0,0
CUST016923,0.1045,0,0
CUST015721,0.0493,0,0
CUST030451,0.4962,0,0
CUST019271,0.8613,1,0
CUST046543,0.8837,1,0
CUST018405,0.5117,1,0
CUST046848,0.0636,0,0
CUST008749,0.048,0,0
CUST007429,0.1349,0,0
CUST014606,0.1526,0,0
CUST038719,0.6369,1,1
CUST034523,0.0901,0,0
CUST044188,0.0555,0,0
CUST036988,0.2402,0,0
CUST036911,0.4401,0,0
CUST043850,0.208,0,0
CUST040036,0.0587,0,0
CUST033677,0.1549,0,0
CUST000026,0.7388,1,0
CUST028250,0.0674,0,0
CUST048182,0.1987,0,0
CUST014635,0.377,0,0
CUST030297,0.0538,0,0
CUST042937,0.0969,0,0
CUST004485,0.3069,0,0
CUST030205,0.1746,0,0
CUST019943,0.3511,0,0
CUST043938,0.0755,0,0
CUST001921,0.0835,0,0
CUST002308,0.0884,0,0
CUST023773,0.1571,0,0
CUST008120,0.0446,0,0
CUST005462,0.1009,0,0
CUST016850,0.0444,0,0
CUST004721,0.0612,0,0
CUST008463,0.1146,0,0
CUST009760,0.2091,0,0
CUST031898,0.0656,0,0
CUST048200,0.4435,0,0
CUST009078,0.1538,0,0
CUST048310,0.7569,1,0
CUST014899,0.4813,0,0
CUST001371,0.0794,0,0
CUST042071,0.2609,0,0
CUST019283,0.0896,0,0
CUST022845,0.8991,1,0
CUST012729,0.2145,0,0
CUST009069,0.1492,0,0
CUST002108,0.0809,0,0
CUST008672,0.1699,0,0
CUST026702,0.116,0,0
CUST007930,0.6499,1,0
CUST013083,0.3159,0,0
CUST039567,0.8812,1,0
CUST021428,0.1739,0,0
CUST008782,0.0536,0,0
CUST030551,0.8326,1,1
CUST002746,0.093,0,0
CUST047042,0.6474,1,0
CUST044147,0.7151,1,0
CUST044545,0.0488,0,0
CUST046519,0.322,0,0
CUST034721,0.1023,0,0
CUST042978,0.63,1,0
CUST022936,0.8626,1,0
CUST027231,0.0668,0,0
CUST026419,0.607,1,0
CUST011900,0.1534,0,0
CUST001170,0.0947,0,0
CUST022750,0.8991,1,1
CUST014040,0.6447,1,0
CUST046397,0.2005,0,0
CUST037179,0.852,1,0
CUST009866,0.079,0,0
CUST007823,0.6544,1,0
CUST035070,0.5912,1,0
CUST047648,0.2005,0,0
CUST040078,0.1052,0,0
CUST011798,0.2684,0,0
CUST046378,0.4959,0,0
CUST039892,0.4632,0,0
CUST044103,0.2112,0,0
CUST024486,0.2807,0,0
CUST034212,0.0509,0,0
CUST031434,0.0603,0,0
CUST030482,0.427,0,0
CUST019919,0.1051,0,0
CUST021936,0.7175,1,0
CUST035034,0.1794,0,0
CUST028375,0.1001,0,0
CUST024643,0.1286,0,0
CUST000344,0.1053,0,0
CUST002702,0.084,0,0
CUST022319,0.1352,0,0
CUST045752,0.1024,0,0
CUST021683,0.1148,0,0
CUST017165,0.2371,0,0
CUST028712,0.0525,0,0
CUST048364,0.1859,0,0
CUST008626,0.1212,0,0
CUST047898,0.2804,0,0
CUST042811,0.049,0,0
CUST012427,0.0984,0,0
CUST001569,0.1015,0,0
CUST033076,0.0625,0,0
CUST028461,0.3177,0,0
CUST037547,0.077,0,0
CUST048271,0.0695,0,0
CUST037797,0.0971,0,0
CUST028723,0.5457,1,0
CUST030642,0.8036,1,0
CUST030216,0.0932,0,0
CUST038851,0.0869,0,0
CUST044219,0.5117,1,0
CUST000528,0.0742,0,0
CUST004336,0.0799,0,0
CUST028573,0.0981,0,0
CUST027989,0.1701,0,0
CUST014573,0.2298,0,0
CUST034163,0.0496,0,0
CUST000602,0.0642,0,0
CUST039689,0.092,0,0
CUST025342,0.8878,1,1
CUST044352,0.1018,0,0
CUST028201,0.0782,0,0
CUST049247,0.3599,0,0
CUST047912,0.3717,0,0
CUST001278,0.2271,0,0
CUST039869,0.0884,0,0
CUST017178,0.1582,0,0
CUST016318,0.5802,1,0
CUST014807,0.1073,0,0
CUST049389,0.8083,1,0
CUST003684,0.0861,0,0
CUST041641,0.0833,0,0
CUST030475,0.0719,0,0
CUST038333,0.6662,1,0
CUST018093,0.1899,0,0
CUST046340,0.0513,0,0
CUST007736,0.076,0,0
CUST019796,0.1575,0,0
CUST035675,0.052,0,0
CUST013643,0.061,0,0
CUST019137,0.8991,1,0
CUST032971,0.6005,1,0
CUST019241,0.0675,0,0
CUST004708,0.5667,1,0
CUST034341,0.7179,1,0
CUST005575,0.0963,0,0
CUST001968,0.7312,1,0
CUST045194,0.774,1,0
CUST039983,0.1353,0,0
CUST009100,0.0756,0,0
CUST027272,0.4563,0,0
CUST027672,0.0753,0,0
CUST046601,0.0834,0,0
CUST001947,0.0852,0,0
CUST007494,0.8991,1,0
CUST031734,0.1092,0,0
CUST002220,0.8498,1,0
CUST010624,0.0675,0,0
CUST043548,0.2687,0,0
CUST044779,0.1217,0,0
CUST014841,0.0753,0,0
CUST015404,0.1669,0,0
CUST003778,0.0542,0,0
CUST039243,0.1764,0,0
CUST048987,0.0863,0,0
CUST043285,0.3997,0,0
CUST048850,0.4529,0,0
CUST011187,0.9228,1,0
CUST032063,0.3105,0,0
CUST046508,0.1661,0,0
CUST049112,0.1616,0,0
CUST036806,0.0601,0,0
CUST036278,0.2382,0,0
CUST010988,0.074,0,0
CUST005083,0.9181,1,0
CUST027597,0.2239,0,0
CUST014966,0.0949,0,0
CUST048802,0.1362,0,0
CUST044780,0.0836,0,0
CUST042231,0.2286,0,0
CUST022205,0.0689,0,0
CUST009180,0.0827,0,0
CUST013543,0.0724,0,0
CUST032507,0.1952,0,0
CUST017189,0.1626,0,0
CUST044889,0.6362,1,0
CUST030766,0.1626,0,0
CUST017292,0.1118,0,0
CUST006027,0.4395,0,0
CUST043540,0.5585,1,0
CUST010805,0.114,0,0
CUST021882,0.0476,0,0
CUST004927,0.1151,0,0
CUST039731,0.218,0,0
CUST016557,0.0449,0,0
CUST007587,0.0748,0,0
CUST049351,0.0704,0,0
CUST048454,0.0491,0,0
CUST010015,0.166,0,0
CUST021079,0.0631,0,0
CUST047653,0.0513,0,0
CUST020976,0.0647,0,0
CUST029029,0.0605,0,0
CUST040701,0.0438,0,0
CUST039699,0.0442,0,0
CUST017802,0.173,0,0
CUST039952,0.1228,0,0
CUST015472,0.181,0,0
CUST027331,0.208,0,0
CUST046522,0.1139,0,0
CUST023735,0.1297,0,0
CUST030538,0.1484,0,0
CUST001782,0.1098,0,0
CUST005302,0.8226,1,0
CUST025966,0.3007,0,0
CUST037298,0.8991,1,0
CUST039753,0.2333,0,0
CUST047200,0.1983,0,0
CUST039251,0.2477,0,0
CUST038312,0.0525,0,0
CUST016025,0.7824,1,0
CUST008125,0.3122,0,0
CUST013854,0.0818,0,0
CUST027679,0.3513,0,0
CUST029775,0.0675,0,0
CUST027099,0.0964,0,0
CUST030512,0.1095,0,0
CUST023143,0.6411,1,0
CUST013885,0.062,0,0
CUST048928,0.6222,1,0
CUST040143,0.3273,0,0
CUST039947,0.1877,0,0
CUST033650,0.2665,0,0
CUST040643,0.6878,1,0
CUST025610,0.7998,1,0
CUST022396,0.2887,0,0
CUST000711,0.2651,0,0
CUST016257,0.1786,0,0
CUST033408,0.6868,1,0
CUST014678,0.1473,0,0
CUST031435,0.1356,0,0
CUST023007,0.5629,1,0
CUST039855,0.8737,1,0
CUST008117,0.6047,1,0
CUST037664,0.1621,0,0
CUST006707,0.4759,0,0
CUST028965,0.0631,0,0
CUST040641,0.338,0,0
CUST032441,0.1416,0,0
CUST023127,0.0399,0,0
CUST029260,0.3192,0,0
CUST032753,0.7933,1,0
CUST015364,0.0661,0,0
CUST025385,0.1691,0,0
CUST048299,0.0951,0,0
CUST039411,0.066,0,0
CUST027078,0.0556,0,0
CUST031908,0.243,0,0
CUST018681,0.1943,0,0
CUST048092,0.563,1,0
CUST011817,0.6252,1,1
CUST016567,0.1813,0,0
CUST009999,0.6333,1,0
CUST017715,0.1057,0,0
CUST020401,0.1606,0,0
CUST005197,0.8799,1,0
CUST034205,0.0543,0,0
CUST041154,0.2399,0,0
CUST023161,0.4733,0,0
CUST036495,0.1133,0,0
CUST015360,0.0581,0,0
CUST023769,0.0631,0,0
CUST044354,0.1786,0,0
CUST015532,0.2947,0,0
CUST042074,0.0928,0,0
CUST018627,0.148,0,0
CUST001112,0.7191,1,0
CUST033438,0.0409,0,0
CUST016554,0.0675,0,0
CUST024494,0.284,0,0
CUST017404,0.1164,0,0
CUST044965,0.0797,0,0
CUST029056,0.2004,0,0
CUST030051,0.8593,1,0
CUST006372,0.0924,0,0
CUST014130,0.7496,1,0
CUST009149,0.0688,0,0
CUST037056,0.1871,0,0
CUST025062,0.8931,1,0
CUST004056,0.2782,0,0
CUST025275,0.2068,0,0
CUST046693,0.1915,0,0
CUST007563,0.0338,0,0
CUST044185,0.168,0,0
CUST010534,0.3373,0,0
CUST031129,0.1014,0,0
CUST032722,0.0557,0,0
CUST011933,0.1431,0,0
CUST007157,0.2818,0,0
CUST013378,0.0432,0,0
CUST048399,0.0697,0,0
CUST021556,0.076,0,0
CUST032645,0.1618,0,0
CUST049349,0.1148,0,0
CUST018013,0.0714,0,0
CUST036280,0.0586,0,0
CUST032072,0.7268,1,0
CUST049385,0.4578,0,0
CUST026061,0.7207,1,0
CUST028206,0.0457,0,0
CUST010060,0.1971,0,0
CUST042594,0.0572,0,0
CUST011919,0.4665,0,0
CUST032377,0.3982,0,0
CUST000320,0.0377,0,0
CUST041487,0.0832,0,0
CUST044033,0.1218,0,0
CUST042118,0.1358,0,0
CUST008833,0.3345,0,0
CUST013593,0.1102,0,0
CUST002028,0.0508,0,0
CUST001168,0.0996,0,0
CUST046189,0.695,1,0
CUST033004,0.5963,1,0
CUST022771,0.048,0,0
CUST039108,0.0679,0,0
CUST039314,0.0533,0,0
CUST014294,0.0874,0,0
CUST021069,0.0914,0,0
CUST030914,0.1485,0,0
CUST001275,0.0748,0,0
CUST043591,0.0701,0,0
CUST034142,0.1487,0,0
CUST028331,0.0595,0,0
CUST018382,0.1509,0,0
CUST042162,0.0751,0,0
CUST032001,0.8238,1,1
CUST014823,0.0407,0,0
CUST035871,0.0734,0,0
CUST035032,0.2787,0,0
CUST034016,0.0399,0,0
CUST045865,0.7796,1,1
CUST014951,0.7364,1,0
CUST010990,0.4953,0,0
CUST012954,0.117,0,0
CUST007754,0.081,0,0
CUST026901,0.5794,1,0
CUST005391,0.1099,0,0
CUST009019,0.1046,0,0
CUST010330,0.3118,0,0
CUST021530,0.149,0,0
CUST011760,0.169,0,0
CUST018053,0.0476,0,0
CUST004111,0.7722,1,0
CUST045640,0.337,0,0
CUST018292,0.4405,0,0
CUST001596,0.0503,0,0
CUST004447,0.289,0,0
CUST006571,0.3416,0,0
CUST024189,0.7657,1,0
CUST010824,0.085,0,0
CUST030318,0.1153,0,0
CUST040039,0.0755,0,0
CUST016665,0.1078,0,0
CUST018160,0.6871,1,0
CUST019383,0.0547,0,0
CUST022019,0.5471,1,0
CUST031840,0.4019,0,0
CUST036868,0.0686,0,0
CUST007688,0.5302,1,0
CUST035130,0.189,0,0
CUST039647,0.259,0,0
CUST029784,0.076,0,0
CUST014814,0.5411,1,0
CUST018071,0.0668,0,0
CUST018345,0.6441,1,0
CUST021642,0.1629,0,0
CUST031390,0.6468,1,0
CUST040084,0.1027,0,0
CUST004428,0.1,0,0
CUST043443,0.1913,0,0
CUST012167,0.1045,0,0
CUST023596,0.5098,1,0
CUST046054,0.0716,0,0
CUST040222,0.2712,0,0
CUST031837,0.1017,0,0
CUST002732,0.1851,0,0
CUST031627,0.1312,0,0
CUST010833,0.0789,0,0
CUST048087,0.555,1,0
CUST030892,0.0929,0,0
CUST035211,0.1033,0,0
CUST028964,0.077,0,0
CUST001129,0.0737,0,0
CUST030412,0.1601,0,0
CUST012894,0.1215,0,0
CUST032842,0.1236,0,0
CUST030097,0.145,0,0
CUST043202,0.0915,0,0
CUST049303,0.0455,0,0
CUST010772,0.642,1,0
CUST004958,0.0961,0,0
CUST033958,0.0549,0,0
CUST020111,0.7408,1,0
CUST042791,0.1163,0,0
CUST028792,0.0557,0,0
CUST021670,0.8322,1,0
CUST039565,0.8701,1,0
CUST005948,0.1907,0,0
CUST048337,0.5049,1,0
CUST004477,0.0998,0,0
CUST048527,0.1014,0,0
CUST048805,0.0752,0,0
CUST024784,0.089,0,0
CUST006321,0.0922,0,0
CUST037952,0.0534,0,0
CUST035144,0.176,0,0
CUST038087,0.255,0,0
CUST012936,0.0614,0,0
CUST011582,0.0847,0,0
CUST038165,0.5959,1,0
CUST009862,0.1004,0,0
CUST007798,0.241,0,0
CUST016523,0.0599,0,0
CUST029863,0.3333,0,0
CUST027563,0.1488,0,0
CUST007317,0.0638,0,0
CUST019072,0.0861,0,0
CUST044587,0.6153,1,0
CUST022802,0.2572,0,0
CUST004226,0.4232,0,0
CUST012059,0.1108,0,0
CUST034220,0.083,0,0
CUST008013,0.1701,0,0
CUST028395,0.0746,0,0
CUST016672,0.0734,0,0
CUST012017,0.0643,0,0
CUST013728,0.1056,0,0
CUST044911,0.1196,0,0
CUST007032,0.1,0,0
CUST002193,0.0773,0,0
CUST025179,0.0716,0,0
CUST023858,0.1132,0,0
CUST010205,0.2263,0,0
CUST017867,0.0751,0,0
CUST041441,0.1285,0,0
CUST027847,0.0668,0,0
CUST005210,0.1496,0,0
CUST038576,0.3635,0,0
CUST006972,0.418,0,0
CUST038450,0.0999,0,0
CUST015624,0.7202,1,1
CUST024034,0.8659,1,0
CUST039737,0.0576,0,0
CUST048872,0.0677,0,0
CUST011151,0.853,1,0
CUST005781,0.0969,0,0
CUST033596,0.0593,0,0
CUST011377,0.0618,0,0
CUST031602,0.0584,0,0
CUST048424,0.0485,0,0
CUST010169,0.4928,0,0
CUST035271,0.0666,0,0
CUST001121,0.6852,1,0
CUST002274,0.6143,1,0
CUST021739,0.057,0,0
CUST000125,0.7124,1,0
CUST025791,0.8493,1,1
CUST003201,0.0542,0,0
CUST001051,0.0898,0,0
CUST000249,0.101,0,0
CUST049625,0.0928,0,0
CUST032184,0.0679,0,0
CUST010190,0.4005,0,0
CUST045616,0.0566,0,0
CUST024089,0.4273,0,0
CUST025212,0.8974,1,1
CUST024092,0.0682,0,0
CUST035583,0.6205,1,0
CUST023442,0.0855,0,0
CUST049077,0.8313,1,0
CUST041876,0.0914,0,0
CUST037622,0.1157,0,0
CUST029770,0.0596,0,0
CUST003664,0.0721,0,0
CUST043214,0.0843,0,0
CUST004962,0.0675,0,0
CUST028217,0.2152,0,0
CUST016810,0.2917,0,0
CUST019916,0.1829,0,0
CUST034187,0.1782,0,0
CUST045845,0.8317,1,0
CUST027809,0.1078,0,0
CUST022084,0.1361,0,0
CUST031105,0.1913,0,0
CUST031524,0.2529,0,0
CUST002470,0.8498,1,0
CUST036884,0.0886,0,0
CUST007810,0.0731,0,0
CUST048789,0.189,0,0
CUST011532,0.8915,1,0
CUST027062,0.784,1,0
CUST002480,0.1102,0,0
CUST000371,0.0554,0,0
CUST004154,0.4953,0,0
CUST014475,0.7395,1,0
CUST009119,0.9006,1,0
CUST000191,0.0538,0,0
CUST008308,0.1812,0,0
CUST011401,0.0852,0,0
CUST033600,0.8991,1,0
CUST026719,0.375,0,0
CUST001520,0.202,0,0
CUST005199,0.1352,0,0
CUST030199,0.4432,0,0
CUST041903,0.0898,0,0
CUST015785,0.0834,0,0
CUST048870,0.5778,1,0
CUST004527,0.0696,0,0
CUST014795,0.1853,0,0
CUST041078,0.1832,0,0
CUST036532,0.1922,0,0
CUST049860,0.0675,0,0
CUST036112,0.8933,1,0
CUST003246,0.8479,1,0
CUST004937,0.5471,1,1
CUST038644,0.0633,0,0
CUST002547,0.2196,0,0
CUST018046,0.0683,0,0
CUST047883,0.0529,0,0
CUST016945,0.2324,0,0
CUST045425,0.0887,0,0
CUST048073,0.118,0,0
CUST034243,0.8504,1,1
CUST039882,0.1137,0,0
CUST037887,0.1298,0,0
CUST012520,0.0511,0,0
CUST016188,0.3395,0,0
CUST036763,0.049,0,0
CUST005803,0.131,0,0
CUST038802,0.2406,0,0
CUST038524,0.4292,0,0
CUST020480,0.0679,0,0
CUST002516,0.0464,0,0
CUST021235,0.0855,0,0
CUST035468,0.731,1,0
CUST038970,0.1296,0,0
CUST028146,0.2348,0,0
CUST048136,0.0399,0,0
CUST043209,0.4316,0,0
CUST022028,0.0524,0,0
CUST035085,0.3372,0,0
CUST034856,0.1489,0,0
CUST020671,0.1305,0,0
CUST004172,0.0817,0,0
CUST008008,0.6973,1,0
CUST008387,0.5578,1,0
CUST005220,0.8133,1,0
CUST044547,0.0815,0,0
CUST040208,0.085,0,0
CUST018699,0.1767,0,0
CUST000326,0.1922,0,0
CUST013000,0.0999,0,0
CUST003484,0.7924,1,0
CUST002709,0.0823,0,0
CUST012961,0.2133,0,0
CUST049013,0.1045,0,0
CUST015738,0.0818,0,0
CUST041788,0.056,0,0
CUST032998,0.1278,0,0
CUST039019,0.112,0,0
CUST001055,0.211,0,0
CUST016110,0.1337,0,0
CUST019255,0.118,0,0
CUST039302,0.0812,0,0
CUST033005,0.0557,0,0
CUST037950,0.0538,0,0
CUST021908,0.5937,1,0
CUST003530,0.217,0,0
CUST000416,0.0631,0,0
CUST002244,0.8714,1,0
CUST004235,0.0932,0,0
CUST026623,0.0385,0,0
CUST020013,0.1379,0,0
CUST035511,0.081,0,0
CUST039822,0.0799,0,0
CUST044379,0.0638,0,0
CUST031680,0.852,1,0
CUST043783,0.1267,0,0
CUST001447,0.1974,0,0
CUST025606,0.0524,0,0
CUST011086,0.1611,0,0
CUST044097,0.0668,0,0
CUST039920,0.0827,0,0
CUST009172,0.8931,1,0
CUST030371,0.3849,0,0
CUST019475,0.0953,0,0
CUST043733,0.1123,0,0
CUST030991,0.4187,0,0
CUST022893,0.4692,0,0
CUST028714,0.0783,0,0
CUST028099,0.0806,0,0
CUST010232,0.0939,0,0
CUST014905,0.1014,0,0
CUST022186,0.398,0,0
CUST043971,0.6293,1,0
CUST027736,0.0634,0,0
CUST024947,0.0934,0,0
CUST030836,0.0742,0,0
CUST034365,0.5417,1,0
CUST029407,0.9025,1,0
CUST001680,0.3056,0,0
CUST020237,0.4686,0,0
CUST036085,0.3443,0,0
CUST017182,0.1276,0,0
CUST014834,0.0988,0,0
CUST012595,0.4262,0,0
CUST038488,0.1315,0,0
CUST045057,0.0412,0,0
CUST002544,0.1132,0,0
CUST041219,0.0724,0,0
CUST044127,0.3317,0,0
CUST031002,0.8631,1,1
CUST028801,0.1202,0,1
CUST042725,0.1988,0,0
CUST048124,0.0607,0,0
CUST010272,0.0799,0,0
CUST012450,0.0548,0,0
CUST023973,0.0808,0,0
CUST006690,0.0784,0,0
CUST024160,0.1622,0,0
CUST015739,0.0624,0,0
CUST021488,0.0605,0,0
CUST012099,0.2071,0,0
CUST005367,0.0427,0,0
CUST021536,0.1574,0,0
CUST035551,0.0798,0,0
CUST046868,0.0638,0,0
CUST020334,0.1914,0,0
CUST022274,0.0926,0,0
CUST015758,0.1926,0,0
CUST041129,0.1048,0,0
CUST032154,0.0835,0,0
CUST010498,0.6831,1,0
CUST014393,0.0662,0,0
CUST030408,0.8853,1,0
CUST007067,0.0918,0,0
CUST025951,0.1262,0,0
CUST043908,0.0645,0,0
CUST038828,0.0474,0,0
CUST025913,0.1132,0,0
CUST034899,0.1007,0,0
CUST046434,0.0706,0,0
CUST045441,0.7684,1,0
CUST043150,0.1199,0,0
CUST040011,0.5794,1,0
CUST031952,0.4024,0,0
CUST012114,0.0993,0,0
CUST025527,0.0374,0,0
CUST016397,0.5963,1,0
CUST049171,0.8114,1,0
CUST023327,0.3466,0,0
CUST035126,0.7415,1,0
CUST007671,0.0765,0,0
CUST041866,0.3741,0,0
CUST026132,0.5114,1,0
CUST024393,0.1311,0,0
CUST017745,0.0783,0,0
CUST010354,0.4558,0,0
CUST010691,0.1463,0,0
CUST044747,0.6903,1,0
CUST011924,0.1866,0,0
CUST048980,0.0711,0,0
CUST040382,0.0501,0,0
CUST043229,0.0951,0,0
CUST027075,0.9267,1,1
CUST046129,0.0788,0,0
CUST039645,0.079,0,0
CUST023265,0.0954,0,0
CUST032560,0.852,1,0
CUST010731,0.6574,1,0
CUST033319,0.121,0,0
CUST033284,0.1348,0,0
CUST020966,0.338,0,0
CUST002922,0.3998,0,0
CUST034840,0.7363,1,0
CUST015228,0.1617,0,0
CUST028497,0.3188,0,0
CUST001239,0.8606,1,0
CUST014758,0.0817,0,0
CUST014662,0.1154,0,0
CUST030864,0.1834,0,0
CUST029131,0.124,0,0
CUST032538,0.0651,0,0
CUST000629,0.0788,0,0
CUST020058,0.1377,0,0
CUST013183,0.5457,1,0
CUST044509,0.8179,1,0
CUST004237,0.1936,0,0
CUST010341,0.0609,0,0
CUST020263,0.3131,0,0
CUST012616,0.185,0,0
CUST004977,0.2947,0,0
CUST016391,0.0531,0,0
CUST028844,0.2,0,0
CUST025285,0.6056,1,1
CUST042534,0.6437,1,0
CUST013562,0.1573,0,0
CUST021110,0.2759,0,0
CUST016211,0.5361,1,0
CUST000047,0.0982,0,0
CUST019680,0.8712,1,1
CUST029505,0.4624,0,0
CUST036651,0.4005,0,0
CUST021861,0.0739,0,0
CUST042984,0.0936,0,0
CUST010777,0.0663,0,0
CUST021574,0.1004,0,0
CUST022246,0.8133,1,0
CUST043360,0.433,0,0
CUST018285,0.3216,0,0
CUST049931,0.5364,1,0
CUST027195,0.0554,0,0
CUST046007,0.1044,0,0
CUST010848,0.31,0,0
CUST022280,0.0612,0,0
CUST007459,0.6005,1,0
CUST011102,0.0712,0,0
CUST032582,0.3138,0,0
CUST048777,0.0668,0,0
CUST047724,0.2392,0,0
CUST018946,0.8012,1,0
CUST047206,0.5161,1,0
CUST005774,0.4102,0,0
CUST028787,0.0573,0,0
CUST003729,0.1083,0,0
CUST040503,0.1247,0,0
CUST011680,0.5367,1,0
CUST010154,0.0675,0,0
CUST021291,0.8431,1,0
CUST025855,0.0514,0,0
CUST024916,0.0662,0,0
CUST009627,0.218,0,0
CUST001338,0.2194,0,0
CUST035893,0.101,0,0
CUST028737,0.532,1,0
CUST027554,0.8028,1,0
CUST036920,0.053,0,0
CUST034166,0.348,0,0
CUST029438,0.0618,0,0
CUST014839,0.8831,1,1
CUST005696,0.761,1,0
CUST001522,0.1475,0,0
CUST046107,0.3332,0,0
CUST023697,0.1292,0,0
CUST035584,0.1573,0,0
CUST034855,0.8498,1,1
CUST006761,0.1673,0,0
CUST023051,0.0814,0,0
CUST027962,0.8991,1,0
CUST018061,0.8991,1,0
CUST037695,0.0532,0,0
CUST003582,0.1337,0,0
CUST029727,0.1557,0,0
CUST048539,0.0621,0,0
CUST017666,0.1787,0,0
CUST024212,0.1942,0,0
CUST014338,0.365,0,0
CUST012189,0.2835,0,0
CUST008619,0.6143,1,0
CUST004147,0.1031,0,0
CUST033538,0.1254,0,0
CUST032461,0.2093,0,0
CUST010423,0.0709,0,0
CUST025998,0.5963,1,0
CUST040100,0.3474,0,0
CUST009599,0.1002,0,0
CUST015966,0.1768,0,0
CUST002412,0.5741,1,0
CUST046242,0.4959,0,0
CUST017592,0.0887,0,0
CUST042631,0.0978,0,0
CUST031638,0.7272,1,0
CUST007008,0.7351,1,0
CUST018328,0.2924,0,0
CUST048194,0.0691,0,0
CUST018352,0.097,0,0
CUST009514,0.0602,0,0
CUST042864,0.1104,0,0
CUST004394,0.8175,1,0
CUST021766,0.6702,1,0
CUST018330,0.1516,0,0
CUST046075,0.1673,0,0
CUST038879,0.839,1,1
CUST028169,0.0923,0,0
CUST036945,0.0684,0,0
CUST018629,0.0753,0,0
CUST047234,0.1012,0,0
CUST022166,0.0771,0,0
CUST012477,0.1398,0,0
CUST028659,0.0491,0,0
CUST013213,0.0553,0,0
CUST000040,0.0691,0,0
CUST003903,0.0816,0,0
CUST034942,0.0675,0,0
CUST047392,0.0782,0,0
CUST040495,0.1593,0,0
CUST008881,0.4525,0,0
CUST045902,0.5701,1,1
CUST041297,0.0887,0,0
CUST045807,0.5459,1,0
CUST031649,0.2327,0,0
CUST013909,0.0455,0,0
CUST018144,0.8314,1,0
CUST024958,0.1405,0,0
CUST029064,0.7101,1,0
CUST016932,0.8773,1,0
CUST043798,0.5766,1,0
CUST042359,0.3797,0,0
CUST034039,0.0639,0,0
CUST017323,0.2008,0,0
CUST031994,0.1083,0,0
CUST037176,0.0576,0,0
CUST002913,0.5794,1,0
CUST043107,0.1265,0,0
CUST024301,0.0581,0,0
CUST041385,0.1436,0,0
CUST049206,0.2021,0,0
CUST038468,0.2099,0,0
CUST024425,0.0679,0,0
CUST041497,0.0881,0,0
CUST032128,0.1833,0,0
CUST008206,0.5028,1,0
CUST048621,0.0559,0,0
CUST006067,0.0604,0,0
CUST026001,0.5384,1,0
CUST019118,0.1952,0,0
CUST005853,0.0602,0,0
CUST028288,0.1196,0,0
CUST040520,0.3975,0,0
CUST044987,0.2971,0,0
CUST030123,0.0611,0,0
CUST016844,0.8291,1,1
CUST036225,0.0719,0,0
CUST042700,0.1437,0,0
CUST024449,0.4425,0,0
CUST003900,0.0537,0,0
CUST040703,0.6237,1,0
CUST034234,0.1632,0,0
CUST031686,0.0933,0,0
CUST044815,0.0771,0,0
CUST004039,0.1694,0,0
CUST001107,0.1057,0,0
CUST040566,0.1196,0,0
CUST013261,0.0665,0,0
CUST042478,0.1139,0,0
CUST004784,0.3071,0,0
CUST003051,0.6093,1,0
CUST018043,0.1257,0,0
CUST046017,0.0926,0,0
CUST036080,0.0668,0,0
CUST041018,0.0652,0,0
CUST009340,0.1364,0,0
CUST043907,0.0859,0,0
CUST014341,0.1829,0,0
CUST026353,0.3761,0,0
CUST020417,0.0851,0,0
CUST015487,0.2237,0,0
CUST002774,0.0979,0,0
CUST002590,0.1321,0,0
CUST007684,0.0423,0,0
CUST032098,0.1191,0,0
CUST003581,0.1005,0,0
CUST000580,0.1491,0,0
CUST033213,0.6431,1,0
CUST032172,0.2883,0,0
CUST023535,0.1109,0,0
CUST040133,0.1266,0,0
CUST010800,0.0856,0,0
CUST033962,0.7934,1,0
CUST037484,0.7446,1,0
CUST040065,0.0512,0,0
CUST010417,0.0936,0,0
CUST024519,0.0938,0,0
CUST021635,0.1022,0,0
CUST047539,0.5912,1,0
CUST012892,0.0512,0,0
CUST021419,0.5036,1,0
CUST010407,0.0622,0,0
CUST039832,0.2882,0,0
CUST027864,0.0649,0,0
CUST037701,0.3639,0,0
CUST025264,0.3226,0,0
CUST024945,0.8186,1,0
CUST032042,0.0557,0,0
CUST048722,0.1608,0,0
CUST021017,0.0756,0,0
CUST023635,0.0827,0,0
CUST023345,0.1172,0,0
CUST004785,0.2117,0,0
CUST045229,0.0885,0,0
CUST012474,0.2076,0,0
CUST006474,0.0598,0,0
CUST039600,0.2477,0,0
CUST022401,0.0614,0,0
CUST030709,0.1943,0,0
CUST009593,0.2372,0,0
CUST044789,0.0668,0,0
CUST003873,0.1225,0,0
CUST049090,0.0546,0,0
CUST048855,0.5457,1,0
CUST009188,0.0998,0,0
CUST040005,0.887,1,0
CUST030168,0.0725,0,0
CUST001101,0.5999,1,0
CUST029156,0.1585,0,0
CUST042462,0.9066,1,0
CUST019687,0.7885,1,0
CUST006251,0.0638,0,0
CUST048799,0.1384,0,0
CUST045871,0.3091,0,0
CUST046738,0.068,0,0
CUST019839,0.1367,0,0
CUST008685,0.0766,0,0
CUST005074,0.693,1,0
CUST020887,0.4306,0,0
CUST036480,0.042,0,0
CUST040594,0.2499,0,0
CUST045400,0.5533,1,0
CUST021176,0.0742,0,0
CUST039796,0.074,0,0
CUST013852,0.0429,0,0
CUST004677,0.1734,0,0
CUST038173,0.1253,0,0
CUST013876,0.1758,0,0
CUST007988,0.0515,0,0
CUST003743,0.7668,1,0
CUST038007,0.1969,0,0
CUST036479,0.0491,0,0
CUST007607,0.0483,0,0
CUST045516,0.6088,1,0
CUST043241,0.136,0,0
CUST004209,0.0959,0,0
CUST037198,0.1325,0,0
CUST021753,0.063,0,0
CUST026230,0.6638,1,0
CUST034597,0.8625,1,1
CUST012704,0.1419,0,0
CUST037632,0.1092,0,0
CUST013092,0.7208,1,0
CUST044115,0.4383,0,0
CUST048827,0.1649,0,0
CUST041662,0.1727,0,0
CUST023946,0.1284,0,0
CUST048435,0.5794,1,0
CUST001113,0.0938,0,0
CUST014114,0.6736,1,0
CUST025178,0.2977,0,0
CUST013292,0.0972,0,0
CUST037492,0.4981,0,0
CUST046541,0.176,0,0
CUST030276,0.9006,1,0
CUST024222,0.6005,1,0
CUST015432,0.3291,0,0
CUST033084,0.1102,0,0
CUST005143,0.433,0,0
CUST016952,0.1317,0,0
CUST043509,0.0881,0,0
CUST036951,0.0859,0,0
CUST017112,0.0552,0,0
CUST004361,0.061,0,0
CUST023893,0.0396,0,0
CUST037069,0.1615,0,0
CUST017706,0.1337,0,0
CUST044810,0.2205,0,0
CUST036340,0.8502,1,1
CUST046193,0.4184,0,0
CUST032709,0.1757,0,0
CUST028318,0.7251,1,0
CUST008269,0.8498,1,0
CUST015297,0.0859,0,0
CUST014494,0.1037,0,0
CUST003618,0.065,0,0
CUST047397,0.1192,0,0
CUST025813,0.1686,0,0
CUST042035,0.0753,0,0
CUST047113,0.1421,0,0
CUST014110,0.0414,0,0
CUST047554,0.0718,0,0
CUST001233,0.249,0,0
CUST014869,0.0603,0,0
CUST049270,0.6624,1,0
CUST028015,0.146,0,0
CUST022695,0.1256,0,0
CUST018243,0.0423,0,0
CUST016125,0.1415,0,0
CUST038626,0.183,0,0
CUST018146,0.0926,0,0
CUST040779,0.9274,1,1
CUST033947,0.0675,0,0
CUST027431,0.0835,0,0
CUST019830,0.0596,0,0
CUST049185,0.8991,1,1
CUST002172,0.0596,0,0
CUST002560,0.1635,0,0
CUST014574,0.1401,0,0
CUST012913,0.0817,0,0
CUST035761,0.1278,0,0
CUST013073,0.6058,1,0
CUST032710,0.0601,0,0
CUST015791,0.5883,1,0
CUST030736,0.0475,0,0
CUST000987,0.2988,0,0
CUST001229,0.2089,0,0
CUST030336,0.0901,0,0
CUST035738,0.8833,1,0
CUST014255,0.0703,0,0
CUST042803,0.1095,0,0
CUST038922,0.1803,0,0
CUST036425,0.1015,0,0
CUST047001,0.0719,0,0
CUST043585,0.0807,0,0
CUST046456,0.0748,0,0
CUST042249,0.0581,0,0
CUST035475,0.2607,0,0
CUST030514,0.0763,0,0
CUST004390,0.0713,0,0
CUST035053,0.3917,0,0
CUST034188,0.3866,0,0
CUST025594,0.8131,1,0
CUST004500,0.2277,0,0
CUST048788,0.7981,1,0
CUST014561,0.0557,0,0
CUST044592,0.069,0,0
CUST027602,0.4146,0,0
CUST019502,0.3982,0,0
CUST014995,0.2426,0,0
CUST000091,0.1478,0,0
CUST029675,0.0723,0,0
CUST001482,0.7127,1,0
CUST017017,0.065,0,0
CUST001856,0.2333,0,0
CUST009938,0.0753,0,0
CUST043169,0.0662,0,0
CUST027882,0.2701,0,0
CUST007024,0.8955,1,0
CUST026848,0.4276,0,0
CUST028611,0.0988,0,0
CUST011816,0.1865,0,0
CUST029999,0.8717,1,0
CUST037392,0.1489,0,0
CUST021906,0.4081,0,0
CUST018922,0.1014,0,0
CUST016288,0.0359,0,0
CUST006362,0.0595,0,0
CUST023487,0.3507,0,0
CUST007732,0.0593,0,0
CUST027290,0.1025,0,0
CUST035094,0.3134,0,0
CUST044224,0.1061,0,0
CUST009348,0.0652,0,0
CUST016122,0.0374,0,0
CUST026829,0.0656,0,0
CUST028392,0.0753,0,0
CUST021587,0.1971,0,0
CUST033862,0.0922,0,0
CUST039293,0.9131,1,1
CUST011574,0.1161,0,0
CUST001358,0.1052,0,0
CUST033393,0.1992,0,0
CUST042067,0.7271,1,0
CUST028188,0.1243,0,0
CUST008526,0.8036,1,0
CUST040278,0.2242,0,0
CUST031750,0.1578,0,0
CUST028120,0.058,0,0
CUST042029,0.4913,0,0
CUST029218,0.0812,0,0
CUST044757,0.1182,0,0
CUST007208,0.9294,1,1
CUST023624,0.0675,0,0
CUST017689,0.0969,0,0
CUST019778,0.1509,0,0
CUST003971,0.1403,0,0
CUST016042,0.1296,0,0
CUST007031,0.0552,0,0
CUST034264,0.7703,1,1
CUST021990,0.3667,0,0
CUST014123,0.2048,0,0
CUST021430,0.4417,0,0
CUST012162,0.0498,0,0
CUST001037,0.0995,0,0
CUST003474,0.1722,0,0
CUST043195,0.4103,0,0
CUST004376,0.141,0,0
CUST035348,0.1374,0,0
CUST042218,0.741,1,0
CUST008494,0.0534,0,0
CUST023821,0.2054,0,0
CUST028518,0.2743,0,0
CUST032242,0.1601,0,0
CUST028347,0.1142,0,0
CUST039679,0.7437,1,0
CUST019936,0.8457,1,0
CUST016059,0.2717,0,0
CUST028496,0.0997,0,0
CUST006163,0.1275,0,0
CUST024826,0.045,0,0
CUST037755,0.1799,0,0
CUST033085,0.8991,1,0
CUST043771,0.1956,0,0
CUST039225,0.7239,1,0
CUST011611,0.1738,0,0
CUST039414,0.0832,0,0
CUST002378,0.0594,0,0
CUST039159,0.07,0,0
CUST014891,0.0948,0,0
CUST016887,0.0808,0,0
CUST039158,0.0477,0,0
CUST019543,0.087,0,0
CUST044753,0.0741,0,0
CUST004395,0.1601,0,0
CUST011524,0.0573,0,0
CUST043549,0.1015,0,0
CUST009720,0.0994,0,0
CUST031975,0.0633,0,0
CUST046575,0.0644,0,0
CUST033930,0.0744,0,0
CUST035027,0.0873,0,0
CUST034208,0.4655,0,0
CUST047363,0.1373,0,0
CUST015041,0.2733,0,0
CUST040055,0.1428,0,0
CUST009049,0.5758,1,0
CUST021041,0.047,0,0
CUST011329,0.0816,0,0
CUST015598,0.1081,0,0
CUST010465,0.6005,1,0
CUST023130,0.0581,0,0
CUST035856,0.1183,0,0
CUST005901,0.1717,0,0
CUST021065,0.763,1,0
CUST039320,0.0419,0,0
CUST011575,0.1134,0,0
CUST011015,0.7631,1,0
CUST029873,0.059,0,0
CUST024731,0.1735,0,0
CUST040923,0.708,1,0
CUST013153,0.2497,0,0
CUST018505,0.2996,0,0
CUST020404,0.0538,0,0
CUST027224,0.0753,0,0
CUST049681,0.0553,0,0
CUST022747,0.082,0,0
CUST013823,0.1958,0,0
CUST039053,0.7512,1,0
CUST028956,0.0495,0,0
CUST029377,0.1207,0,0
CUST015112,0.0807,0,0
CUST022008,0.0848,0,0
CUST045801,0.0807,0,0
CUST022919,0.0764,0,0
CUST018915,0.1139,0,0
CUST047227,0.4573,0,0
CUST042030,0.0889,0,0
CUST016742,0.433,0,0
CUST008670,0.1487,0,0
CUST012344,0.4134,0,0
CUST016689,0.4214,0,0
CUST016674,0.2738,0,0
CUST041289,0.7738,1,0
CUST013862,0.0898,0,0
CUST005203,0.8459,1,0
CUST049684,0.2255,0,0
CUST012634,0.11,0,0
CUST009924,0.2879,0,0
CUST025581,0.2546,0,0
CUST029101,0.0965,0,0
CUST019238,0.4932,0,0
CUST001909,0.5375,1,0
CUST022589,0.28,0,0
CUST004921,0.1605,0,0
CUST021549,0.2794,0,0
CUST026355,0.1381,0,0
CUST024671,0.328,0,0
CUST038350,0.1061,0,0
CUST023313,0.0513,0,0
CUST019086,0.0923,0,0
CUST023852,0.0571,0,0
CUST023895,0.1175,0,0
CUST025254,0.0591,0,0
CUST024544,0.6247,1,1
CUST032535,0.062,0,0
CUST041035,0.06,0,0
CUST005227,0.0928,0,0
CUST026879,0.387,0,0
CUST014463,0.1545,0,0
CUST016635,0.0737,0,0
CUST023388,0.0675,0,0
CUST020254,0.0604,0,0
CUST033185,0.0902,0,0
CUST033924,0.0835,0,0
CUST015289,0.4762,0,0
CUST041311,0.2605,0,0
CUST021391,0.0816,0,0
CUST022139,0.6553,1,0
CUST040818,0.5963,1,0
CUST036633,0.0784,0,0
CUST046829,0.1022,0,0
CUST007064,0.8463,1,0
CUST032112,0.4011,0,0
CUST001317,0.8364,1,1
CUST039316,0.0896,0,0
CUST045401,0.0508,0,0
CUST020351,0.061,0,0
CUST034475,0.0672,0,0
CUST032584,0.0562,0,0
CUST046614,0.0882,0,0
CUST001517,0.1526,0,0
CUST004138,0.2067,0,0
CUST016679,0.1338,0,0
CUST022693,0.8369,1,0
CUST036561,0.4376,0,0
CUST012670,0.3494,0,0
CUST012433,0.131,0,0
CUST021237,0.1619,0,0
CUST022045,0.8107,1,0
CUST036020,0.4895,0,0
CUST007299,0.415,0,0
CUST016553,0.7994,1,1
CUST046224,0.8322,1,0
CUST000379,0.0972,0,0
CUST018482,0.6894,1,0
CUST046581,0.507,1,0
CUST031842,0.1108,0,0
CUST020960,0.0513,0,0
CUST027592,0.1281,0,0
CUST016055,0.0462,0,0
CUST012883,0.3517,0,0
CUST033854,0.395,0,0
CUST022644,0.3672,0,0
CUST007363,0.4936,0,0
CUST039383,0.0759,0,0
CUST008093,0.4152,0,0
CUST049657,0.8437,1,0
CUST043629,0.2101,0,0
CUST004503,0.2933,0,0
CUST001211,0.0777,0,0
CUST044373,0.4147,0,0
CUST048543,0.1045,0,0
CUST008614,0.1256,0,0
CUST005710,0.3065,0,0
CUST024597,0.1825,0,0
CUST000686,0.4295,0,0
CUST041139,0.074,0,0
CUST037214,0.229,0,0
CUST036559,0.4244,0,0
CUST000968,0.0809,0,0
CUST039510,0.091,0,0
CUST008087,0.0462,0,0
CUST025011,0.0602,0,0
CUST047852,0.0355,0,0
CUST047952,0.7632,1,1
CUST021537,0.0889,0,0
CUST019896,0.1339,0,0
CUST015782,0.0473,0,0
CUST037613,0.2179,0,0
CUST037543,0.2235,0,0
CUST012277,0.0553,0,0
CUST004010,0.1412,0,0
CUST008351,0.1322,0,0
CUST028427,0.0661,0,0
CUST026479,0.2273,0,0
CUST018987,0.0659,0,0
CUST043846,0.0485,0,0
CUST037326,0.3812,0,0
CUST035003,0.1129,0,0
CUST002386,0.281,0,0
CUST017224,0.0517,0,0
CUST040807,0.6123,1,0
CUST015580,0.1019,0,0
CUST031894,0.0536,0,0
CUST002318,0.2043,0,0
CUST011929,0.0951,0,0
CUST038226,0.3138,0,0
CUST039208,0.0753,0,0
CUST047207,0.0981,0,0
CUST028391,0.1834,0,0
CUST021045,0.0798,0,0
CUST008901,0.0887,0,0
CUST046404,0.34,0,0
CUST039525,0.1794,0,0
CUST010446,0.065,0,0
CUST046474,0.0662,0,0
CUST004634,0.1356,0,0
CUST026925,0.2427,0,0
CUST022806,0.1043,0,0
CUST004756,0.0865,0,0
CUST013371,0.1771,0,0
CUST025516,0.1946,0,0
CUST027808,0.1863,0,0
CUST049029,0.1674,0,0
CUST019451,0.5963,1,0
CUST021390,0.1107,0,0
CUST049111,0.2706,0,0
CUST043284,0.1321,0,0
CUST014097,0.8047,1,0
CUST018148,0.0647,0,0
CUST010880,0.0451,0,0
CUST049845,0.077,0,0
CUST018637,0.0423,0,0
CUST044341,0.1208,0,0
CUST014649,0.1333,0,0
CUST048146,0.8991,1,0
CUST020144,0.7172,1,1
CUST045943,0.0373,0,0
CUST004840,0.1211,0,0
CUST002423,0.5361,1,0
CUST024976,0.0987,0,0
CUST014930,0.1196,0,0
CUST010095,0.8717,1,0
CUST017089,0.9087,1,1
CUST047094,0.9039,1,0
CUST023758,0.6424,1,0
CUST021446,0.8091,1,0
CUST024013,0.8991,1,1
CUST021953,0.0475,0,0
CUST019934,0.0753,0,0
CUST010806,0.0603,0,0
CUST039941,0.1134,0,0
CUST003172,0.0753,0,0
CUST021516,0.6095,1,0
CUST014151,0.0923,0,0
CUST037844,0.8991,1,1
CUST034660,0.745,1,0
CUST046221,0.0678,0,0
CUST018439,0.3106,0,0
CUST015376,0.406,0,0
CUST044470,0.1059,0,0
CUST029221,0.1171,0,0
CUST043333,0.1313,0,0
CUST044668,0.1713,0,0
CUST028078,0.1943,0,0
CUST041927,0.096,0,0
CUST026616,0.8464,1,0
CUST032892,0.5096,1,0
CUST044409,0.569,1,0
CUST045395,0.2559,0,0
CUST025572,0.2813,0,0
CUST044554,0.0791,0,0
CUST033832,0.8012,1,0
CUST038830,0.312,0,0
CUST013705,0.079,0,0
CUST037118,0.146,0,0
CUST022260,0.4692,0,0
CUST045884,0.1048,0,0
CUST023226,0.1786,0,0
CUST032961,0.1203,0,0
CUST036599,0.0864,0,0
CUST042322,0.8991,1,0
CUST005120,0.2031,0,0
CUST030752,0.0722,0,0
CUST008728,0.3152,0,0
CUST034409,0.0802,0,0
CUST037735,0.1073,0,0
CUST034778,0.8833,1,0
CUST042993,0.0814,0,0
CUST034584,0.1729,0,0
CUST005233,0.5358,1,0
CUST000075,0.2024,0,0
CUST030076,0.0862,0,0
CUST023329,0.0701,0,0
CUST015599,0.0525,0,0
CUST031417,0.1855,0,0
CUST020589,0.0483,0,0
CUST026778,0.0586,0,0
CUST010901,0.5035,1,0
CUST034186,0.0963,0,0
CUST024337,0.0903,0,0
CUST000935,0.0448,0,0
CUST008091,0.0675,0,0
CUST009120,0.1843,0,0
CUST006482,0.1194,0,0
CUST025213,0.0952,0,0
CUST005812,0.0505,0,0
CUST024925,0.0838,0,0
CUST026298,0.1951,0,0
CUST019344,0.1807,0,0
CUST030337,0.059,0,0
CUST038307,0.4563,0,0
CUST035419,0.0844,0,0
CUST027178,0.0468,0,0
CUST028126,0.3261,0,0
CUST006509,0.0774,0,0
CUST023818,0.186,0,0
CUST010916,0.0535,0,0
CUST016210,0.8252,1,0
CUST044212,0.1788,0,0
CUST002297,0.0791,0,0
CUST003290,0.5411,1,0
CUST026537,0.1007,0,0
CUST032189,0.2196,0,0
CUST048652,0.2375,0,0
CUST030365,0.0801,0,0
CUST027294,0.8991,1,0
CUST032300,0.7378,1,0
CUST038767,0.0431,0,0
CUST012257,0.107,0,0
CUST038380,0.1196,0,0
CUST031041,0.0438,0,0
CUST033200,0.123,0,0
CUST007372,0.0933,0,0
CUST007217,0.0662,0,0
CUST030000,0.1858,0,0
CUST024840,0.9284,1,1
CUST037889,0.8951,1,1
CUST025489,0.0474,0,0
CUST012355,0.1151,0,0
CUST005386,0.1762,0,0
CUST028974,0.2071,0,0
CUST020572,0.0795,0,0
CUST009422,0.1409,0,0
CUST034295,0.0542,0,0
CUST034977,0.7958,1,0
CUST018680,0.1014,0,0
CUST020295,0.1275,0,0
CUST039571,0.5666,1,0
CUST020595,0.3185,0,0
CUST003378,0.1722,0,0
CUST004524,0.0436,0,0
CUST024143,0.4501,0,0
CUST008802,0.0666,0,0
CUST011351,0.066,0,0
CUST014822,0.1434,0,0
CUST001731,0.0948,0,0
CUST048127,0.0665,0,0
CUST027222,0.0827,0,0
CUST021408,0.0632,0,0
CUST017796,0.0896,0,0
CUST027127,0.0753,0,0
CUST027568,0.1298,0,0
CUST003150,0.0952,0,0
CUST045276,0.0454,0,0
CUST021505,0.1048,0,0
CUST007139,0.7569,1,0
CUST014245,0.1183,0,0
CUST040926,0.0787,0,0
CUST007903,0.0919,0,0
CUST007852,0.0675,0,0
CUST034847,0.3074,0,0
CUST015712,0.2146,0,0
CUST023498,0.4231,0,0
CUST000665,0.723,1,0
CUST021254,0.1378,0,0
CUST045539,0.1273,0,0
CUST041076,0.0619,0,0
CUST027421,0.1403,0,0
CUST030860,0.1337,0,0
CUST019801,0.3449,0,0
CUST013255,0.0716,0,0
CUST033094,0.0698,0,0
CUST028776,0.1762,0,0
CUST027825,0.4814,0,0
CUST042884,0.1589,0,0
CUST032686,0.5912,1,0
CUST021613,0.0461,0,0
CUST049886,0.0778,0,0
CUST032277,0.7451,1,0
CUST015075,0.1202,0,0
CUST005687,0.163,0,0
CUST001459,0.1223,0,0
CUST024974,0.8734,1,0
CUST024765,0.4822,0,0
CUST036628,0.0554,0,0
CUST007746,0.1604,0,0
CUST025897,0.0675,0,0
CUST031797,0.8338,1,0
CUST048305,0.076,0,0
CUST035731,0.4049,0,0
CUST033525,0.4083,0,0
CUST030202,0.0749,0,0
CUST009165,0.1266,0,0
CUST004605,0.0646,0,0
CUST011065,0.8974,1,0
CUST003769,0.114,0,0
CUST023376,0.1707,0,0
CUST012372,0.5784,1,1
CUST044248,0.2029,0,0
CUST006025,0.0507,0,0
CUST049854,0.1311,0,0
CUST048142,0.3605,0,0
CUST008389,0.0669,0,0
CUST045336,0.3811,0,0
CUST018851,0.1014,0,0
CUST011184,0.384,0,0
CUST038190,0.1091,0,0
CUST002219,0.5678,1,0
CUST002681,0.082,0,0
CUST034988,0.0568,0,0
CUST045360,0.4276,0,0
CUST029097,0.1902,0,0
CUST049580,0.8974,1,0
CUST008941,0.1732,0,0
CUST024206,0.0912,0,0
CUST020849,0.1006,0,0
CUST005170,0.1507,0,0
CUST041959,0.1043,0,0
CUST046950,0.2486,0,0
CUST004827,0.1164,0,0
CUST024655,0.1719,0,0
CUST041442,0.1223,0,0
CUST003549,0.1728,0,0
CUST036381,0.0862,0,0
CUST040529,0.0895,0,0
CUST036117,0.2277,0,0
CUST025558,0.4425,0,0
CUST001369,0.8276,1,0
CUST036556,0.819,1,0
CUST010139,0.1601,0,0
CUST043423,0.1047,0,0
CUST015191,0.4236,0,0
CUST019355,0.9025,1,0
CUST011128,0.1099,0,0
CUST033526,0.1954,0,0
CUST010339,0.3323,0,0
CUST021888,0.1821,0,0
CUST000438,0.1654,0,0
CUST049787,0.0408,0,0
CUST038005,0.131,0,0
CUST030374,0.1563,0,0
CUST004963,0.1665,0,0
CUST009286,0.0766,0,0
CUST036335,0.4696,0,0
CUST029907,0.0753,0,0
CUST047376,0.1007,0,0
CUST036983,0.0915,0,0
CUST002738,0.0693,0,0
CUST047632,0.0491,0,0
CUST041177,0.1401,0,0
CUST009705,0.8188,1,0
CUST009730,0.3885,0,0
CUST023123,0.0931,0,0
CUST018715,0.1694,0,0
CUST048286,0.0747,0,0
CUST014059,0.1074,0,0
CUST015667,0.6005,1,0
CUST046545,0.1098,0,0
CUST012542,0.239,0,0
CUST002113,0.0837,0,0
CUST043022,0.1948,0,0
CUST013252,0.1469,0,0
CUST047759,0.5585,1,0
CUST046487,0.3622,0,0
CUST024927,0.4881,0,0
CUST016686,0.5568,1,0
CUST001995,0.7547,1,0
CUST041513,0.0519,0,0
CUST028880,0.316,0,0
CUST006343,0.0986,0,0
CUST021084,0.1996,0,0
CUST020474,0.0983,0,0
CUST000363,0.905,1,0
CUST049692,0.4696,0,0
CUST025745,0.2385,0,0
CUST009109,0.8751,1,0
CUST049621,0.087,0,0
CUST028823,0.1016,0,0
CUST043918,0.0623,0,0
CUST010555,0.1022,0,0
CUST002683,0.8202,1,0
CUST048400,0.1371,0,0
CUST006602,0.2512,0,0
CUST010181,0.1322,0,0
CUST043182,0.077,0,0
CUST010125,0.7903,1,0
CUST014100,0.8077,1,0
CUST007525,0.1465,0,0
CUST005252,0.2484,0,0
CUST009144,0.3566,0,0
CUST012237,0.1683,0,0
CUST034382,0.1528,0,0
CUST000612,0.2874,0,0
CUST048664,0.048,0,0
CUST013385,0.4478,0,0
CUST014383,0.0439,0,0
CUST010530,0.1421,0,0
CUST027450,0.0833,0,0
CUST016643,0.3531,0,0
CUST041912,0.3655,0,0
CUST036073,0.0647,0,0
CUST040259,0.7792,1,0
CUST020538,0.3229,0,0
CUST025417,0.0675,0,0
CUST005949,0.077,0,0
CUST030795,0.0685,0,0
CUST024874,0.0638,0,0
CUST003758,0.1368,0,0
CUST004223,0.6212,1,0
CUST025617,0.0498,0,0
CUST019763,0.0532,0,0
CUST036095,0.6296,1,0
CUST003753,0.5663,1,0
CUST017368,0.1267,0,0
CUST048322,0.0551,0,0
CUST024638,0.2222,0,0
CUST035434,0.0553,0,0
CUST038426,0.0913,0,0
CUST042836,0.1194,0,0
CUST017801,0.0788,0,0
CUST041320,0.056,0,0
CUST023067,0.1439,0,0
CUST036299,0.7251,1,0
CUST001337,0.1673,0,0
CUST049025,0.8057,1,0
CUST038480,0.1205,0,0
CUST027534,0.2267,0,0
CUST031291,0.6005,1,0
CUST034610,0.0698,0,0
CUST007126,0.1905,0,0
CUST025605,0.5289,1,0
CUST010756,0.082,0,0
CUST041343,0.6755,1,0
CUST018545,0.0812,0,0
CUST049422,0.2093,0,0
CUST015229,0.5185,1,0
CUST034056,0.0404,0,0
CUST014940,0.1065,0,0
CUST030525,0.3377,0,0
CUST022709,0.0569,0,0
CUST019979,0.08,0,0
CUST021513,0.8021,1,0
CUST032101,0.0835,0,0
CUST025468,0.2708,0,0
CUST018868,0.2588,0,0
CUST015482,0.8525,1,1
CUST020322,0.1459,0,0
CUST015227,0.0801,0,0
CUST001050,0.124,0,0
CUST021732,0.0495,0,0
CUST044111,0.8322,1,0
CUST013547,0.1173,0,0
CUST037250,0.0895,0,0
CUST034256,0.0802,0,0
CUST001794,0.0557,0,0
CUST044558,0.0591,0,0
CUST039608,0.5434,1,0
CUST039327,0.0515,0,0
CUST037470,0.0718,0,0
CUST049986,0.0615,0,0
CUST012660,0.0675,0,0
CUST044723,0.5188,1,0
CUST021639,0.1443,0,0
CUST008217,0.0574,0,0
CUST020207,0.9294,1,0
CUST043778,0.8198,1,1
CUST018079,0.556,1,0
CUST027509,0.1036,0,0
CUST009824,0.8965,1,1
CUST044101,0.0851,0,0
CUST015810,0.1397,0,0
CUST048939,0.074,0,0
CUST042838,0.2995,0,0
CUST017504,0.1699,0,0
CUST006656,0.0671,0,0
CUST048995,0.0548,0,0
CUST027664,0.1781,0,0
CUST027964,0.4692,0,0
CUST029974,0.0675,0,0
CUST041470,0.8171,1,0
CUST039893,0.0481,0,0
CUST025256,0.1029,0,0
CUST028267,0.4268,0,0
CUST007465,0.0771,0,0
CUST041688,0.4112,0,0
CUST033616,0.1017,0,0
CUST027126,0.0675,0,0
CUST047795,0.0791,0,0
CUST010290,0.7077,1,0
CUST021194,0.0395,0,0
CUST028108,0.1088,0,0
CUST026899,0.4197,0,0
CUST014877,0.4571,0,0
CUST010929,0.5512,1,0
CUST033700,0.065,0,0
CUST016336,0.8525,1,0
CUST015735,0.4284,0,0
CUST014484,0.7514,1,0
CUST021854,0.0916,0,0
CUST011400,0.3773,0,0
CUST036722,0.0753,0,0
CUST000447,0.0674,0,0
CUST008226,0.2633,0,0
CUST036456,0.0805,0,0
CUST013016,0.065,0,0
CUST014981,0.0516,0,0
CUST011579,0.8645,1,0
CUST010631,0.0478,0,0
CUST015374,0.0867,0,0
CUST038525,0.0414,0,0
CUST019409,0.0451,0,0
CUST047168,0.6271,1,0
CUST012389,0.1888,0,0
CUST023348,0.3177,0,0
CUST040090,0.8749,1,0
CUST002908,0.0407,0,0
CUST006464,0.1025,0,0
CUST029848,0.0694,0,0
CUST043756,0.0664,0,0
CUST021295,0.1715,0,0
CUST006501,0.4905,0,0
CUST024817,0.1109,0,0
CUST046490,0.7523,1,0
CUST020504,0.0396,0,0
CUST048747,0.1053,0,0
CUST029187,0.8231,1,0
CUST023992,0.1992,0,0
CUST026415,0.6274,1,0
CUST017729,0.5409,1,0
CUST000556,0.8152,1,1
CUST008491,0.0652,0,0
CUST030002,0.7801,1,0
CUST022689,0.0727,0,0
CUST023579,0.5459,1,0
CUST044730,0.7299,1,0
CUST029168,0.8625,1,0
CUST032345,0.1734,0,0
CUST012399,0.0944,0,0
CUST037930,0.2813,0,0
CUST006629,0.2339,0,0
CUST041055,0.0505,0,0
CUST026615,0.3006,0,0
CUST013018,0.0675,0,0
CUST040514,0.0682,0,0
CUST042103,0.754,1,0
CUST000176,0.0646,0,0
CUST038794,0.4874,0,0
CUST037675,0.1775,0,0
CUST030447,0.7207,1,1
CUST017701,0.0654,0,0
CUST044794,0.1073,0,0
CUST049871,0.1798,0,0
CUST022431,0.0879,0,0
CUST006203,0.0385,0,0
CUST017094,0.8107,1,0
CUST010601,0.0832,0,0
CUST049153,0.216,0,0
CUST002264,0.0685,0,0
CUST049419,0.0567,0,0
CUST023698,0.72,1,0
CUST017208,0.1658,0,0
CUST032506,0.1566,0,0
CUST019875,0.0828,0,0
CUST009882,0.0681,0,0
CUST045409,0.8414,1,0
CUST035932,0.1327,0,0
CUST020467,0.0698,0,0
CUST041745,0.7671,1,0
CUST028086,0.0781,0,0
CUST047526,0.1787,0,0
CUST013407,0.05,0,0
CUST022825,0.1686,0,0
CUST041930,0.0675,0,0
CUST017358,0.1088,0,0
CUST049979,0.1651,0,0
CUST019343,0.2758,0,0
CUST008359,0.069,0,0
CUST033875,0.1194,0,0
CUST048645,0.067,0,0
CUST046646,0.1871,0,0
CUST009945,0.1047,0,0
CUST006594,0.0626,0,0
CUST043936,0.1297,0,0
CUST043691,0.4624,0,0
CUST014633,0.5766,1,0
CUST035205,0.0887,0,0
CUST014614,0.2468,0,0
CUST021366,0.1399,0,0
CUST012757,0.1863,0,0
CUST017901,0.0481,0,0
CUST012802,0.3695,0,0
CUST045837,0.8087,1,0
CUST040004,0.0753,0,0
CUST011053,0.0738,0,0
CUST019300,0.1317,0,0
CUST036001,0.168,0,0
CUST000949,0.2302,0,0
CUST034674,0.3436,0,0
CUST024954,0.0842,0,0
CUST047300,0.213,0,0
CUST047502,0.0463,0,0
CUST036653,0.173,0,0
CUST003639,0.1609,0,0
CUST000833,0.0675,0,0
CUST035529,0.3671,0,0
CUST027870,0.2476,0,0
CUST046967,0.1607,0,0
CUST022392,0.0482,0,0
CUST013516,0.0413,0,0
CUST033612,0.0967,0,0
CUST038099,0.4005,0,0
CUST047708,0.0768,0,0
CUST044078,0.8991,1,0
CUST009347,0.0745,0,0
CUST038701,0.0701,0,0
CUST036291,0.4083,0,0
CUST033738,0.8323,1,0
CUST016624,0.2934,0,0
CUST023715,0.1521,0,0
CUST045655,0.0853,0,0
CUST033587,0.0986,0,0
CUST015371,0.772,1,0
CUST007595,0.2636,0,0
CUST024969,0.6112,1,0
CUST035754,0.0748,0,0
CUST019829,0.5524,1,0
CUST033560,0.2325,0,0
CUST001911,0.1337,0,0
CUST013783,0.0645,0,0
CUST009871,0.0748,0,0
CUST013339,0.0807,0,0
CUST021652,0.099,0,0
CUST039498,0.0737,0,0
CUST022361,0.7472,1,0
CUST022093,0.1039,0,0
CUST015343,0.0749,0,0
CUST045859,0.048,0,0
CUST022904,0.0684,0,0
CUST038494,0.2096,0,0
CUST030209,0.0974,0,0
CUST029250,0.5912,1,0
CUST009725,0.2949,0,0
CUST038586,0.0509,0,0
CUST027276,0.1759,0,0
CUST041943,0.0971,0,0
CUST041290,0.1122,0,0
CUST010085,0.0908,0,0
CUST030217,0.0522,0,0
CUST006635,0.1234,0,0
CUST043087,0.1083,0,0
CUST002328,0.1243,0,0
CUST000561,0.0363,0,0
CUST000423,0.0734,0,0
CUST048319,0.044,0,0
CUST030055,0.0722,0,0
CUST010622,0.1775,0,0
CUST012986,0.5242,1,0
CUST044110,0.6005,1,0
CUST020900,0.1013,0,0
CUST013820,0.1733,0,0
CUST000385,0.1117,0,0
CUST002293,0.2213,0,0
CUST018963,0.0416,0,0
CUST044785,0.568,1,0
CUST041353,0.8662,1,0
CUST002714,0.0605,0,0
CUST012510,0.8296,1,0
CUST041926,0.0675,0,0
CUST037428,0.1633,0,0
CUST018738,0.1641,0,0
CUST001705,0.048,0,0
CUST028256,0.1761,0,0
CUST016283,0.2879,0,0
CUST006878,0.0847,0,0
CUST042529,0.4962,0,0
CUST031215,0.1234,0,0
CUST038219,0.0783,0,0
CUST026087,0.7992,1,0
CUST049521,0.0549,0,0
CUST039128,0.0753,0,0
CUST000853,0.0535,0,0
CUST029309,0.6913,1,0
CUST038455,0.0793,0,0
CUST020477,0.1067,0,0
CUST009057,0.0689,0,0
CUST037932,0.0966,0,0
CUST046150,0.7233,1,0
CUST036950,0.2546,0,0
CUST037460,0.1928,0,0
CUST035928,0.0581,0,0
CUST026459,0.0575,0,0
CUST005746,0.1967,0,0
CUST004329,0.3087,0,0
CUST038252,0.1491,0,0
CUST033300,0.0398,0,0
CUST000759,0.0833,0,0
CUST025687,0.0675,0,0
CUST016840,0.0599,0,0
CUST002694,0.1828,0,0
CUST002481,0.0675,0,0
CUST020177,0.0815,0,0
CUST013660,0.257,0,0
CUST019338,0.0754,0,0
CUST030340,0.6995,1,0
CUST040929,0.0753,0,0
CUST001383,0.0485,0,0
CUST026461,0.0952,0,0
CUST017163,0.2985,0,0
CUST019709,0.8498,1,0
CUST027179,0.4253,0,0
CUST045868,0.3048,0,0
CUST047441,0.0675,0,0
CUST049218,0.0618,0,0
CUST027061,0.0557,0,0
CUST024516,0.3607,0,0
CUST017377,0.1904,0,0
CUST039573,0.0557,0,0
CUST034929,0.8838,1,0
CUST006081,0.0675,0,0
CUST041614,0.8759,1,0
CUST037319,0.4693,0,0
CUST020156,0.7952,1,0
CUST038551,0.0427,0,0
CUST015694,0.0513,0,0
CUST042406,0.194,0,0
CUST012840,0.0662,0,0
CUST027036,0.4775,0,0
CUST018921,0.0752,0,0
CUST023000,0.0675,0,0
CUST012174,0.3861,0,0
CUST021440,0.127,0,0
CUST047121,0.0922,0,0
CUST036758,0.8991,1,1
CUST036007,0.1736,0,0
CUST008561,0.3,0,0
CUST009084,0.0455,0,0
CUST028097,0.0502,0,0
CUST004278,0.8898,1,1
CUST011162,0.0518,0,0
CUST041112,0.0922,0,0
CUST012879,0.0372,0,0
CUST015142,0.2091,0,0
CUST031000,0.053,0,0
CUST035991,0.196,0,0
CUST023304,0.077,0,0
CUST027029,0.076,0,0
CUST001524,0.8208,1,0
CUST012743,0.0898,0,0
CUST045135,0.0746,0,0
CUST021756,0.1015,0,0
CUST017381,0.1196,0,0
CUST021035,0.4682,0,0
CUST043086,0.0799,0,0
CUST030437,0.2181,0,0
CUST017147,0.1833,0,0
CUST004074,0.1743,0,0
CUST004458,0.0425,0,0
CUST038080,0.2896,0,0
CUST017781,0.0495,0,0
CUST043503,0.0662,0,0
CUST012997,0.7481,1,0
CUST013889,0.0774,0,0
CUST025190,0.8367,1,0
CUST038943,0.8682,1,0
CUST038107,0.159,0,0
CUST019362,0.0796,0,0
CUST004651,0.0753,0,0
CUST030980,0.4425,0,0
CUST036163,0.0748,0,0
CUST021911,0.1428,0,0
CUST014985,0.1403,0,0
CUST032024,0.0978,0,0
CUST037945,0.2214,0,0
CUST000284,0.0753,0,0
CUST048432,0.0795,0,0
CUST036881,0.1386,0,0
CUST017234,0.1882,0,0
CUST024057,0.0419,0,0
CUST027767,0.1087,0,0
CUST000420,0.0805,0,0
CUST016313,0.0385,0,0
CUST042459,0.8131,1,0
CUST034181,0.8888,1,0
CUST028515,0.0545,0,0
CUST025380,0.8974,1,0
CUST022959,0.1867,0,0
CUST039870,0.0564,0,0
CUST047089,0.1526,0,0
CUST043305,0.0713,0,0
CUST021361,0.0675,0,0
CUST030323,0.0969,0,0
CUST008928,0.5712,1,0
CUST038582,0.0739,0,0
CUST001879,0.2134,0,0
CUST049768,0.8133,1,0
CUST025163,0.2072,0,0
CUST000887,0.1229,0,0
CUST040752,0.5851,1,0
CUST019185,0.194,0,0
CUST047190,0.042,0,0
CUST023884,0.4155,0,0
CUST035805,0.6222,1,0
CUST030310,0.4669,0,0
CUST035122,0.2682,0,0
CUST027267,0.8133,1,0
CUST027580,0.3079,0,0
CUST000370,0.1024,0,0
CUST036301,0.089,0,0
CUST012079,0.062,0,0
CUST017852,0.3385,0,0
CUST016871,0.6264,1,0
CUST024962,0.6509,1,0
CUST028366,0.1126,0,0
CUST030871,0.4274,0,0
CUST005306,0.2312,0,0
CUST004536,0.6014,1,0
CUST044088,0.2651,0,0
CUST043772,0.0926,0,0
CUST000656,0.1844,0,0
CUST039622,0.0659,0,0
CUST032476,0.4873,0,0
CUST022188,0.0646,0,0
CUST023695,0.4005,0,0
CUST012866,0.4844,0,0
CUST007481,0.1662,0,0
CUST047996,0.111,0,0
CUST004892,0.0569,0,0
CUST048348,0.0525,0,0
CUST036464,0.2937,0,0
CUST038396,0.1535,0,0
CUST001971,0.8756,1,0
CUST026820,0.0545,0,0
CUST008313,0.0865,0,0
CUST004180,0.1884,0,0
CUST003253,0.3672,0,0
CUST037598,0.2041,0,0
CUST030908,0.0381,0,0
CUST009793,0.0662,0,0
CUST024140,0.0666,0,0
CUST038374,0.0532,0,0
CUST037809,0.8937,1,0
CUST040841,0.1083,0,0
CUST019656,0.0701,0,0
CUST041554,0.4439,0,0
CUST016142,0.5847,1,0
CUST036639,0.0675,0,0
CUST029683,0.3722,0,0
CUST012325,0.1124,0,0
CUST006258,0.0675,0,0
CUST032258,0.113,0,0
CUST045769,0.0889,0,0
CUST030875,0.1113,0,0
CUST043895,0.081,0,0
CUST049958,0.148,0,0
CUST018139,0.1187,0,0
CUST000805,0.1025,0,0
CUST016528,0.2148,0,0
CUST027121,0.4741,0,0
CUST012118,0.0817,0,0
CUST006773,0.2054,0,0
CUST010117,0.1694,0,0
CUST016011,0.0833,0,0
CUST032429,0.2111,0,0
CUST012615,0.1069,0,0
CUST017283,0.214,0,0
CUST030675,0.0566,0,0
CUST037313,0.0837,0,0
CUST046710,0.2125,0,0
CUST045643,0.1123,0,0
CUST047506,0.108,0,0
CUST045327,0.198,0,0
CUST044964,0.0381,0,0
CUST028576,0.0479,0,0
CUST022106,0.1127,0,0
CUST025067,0.0483,0,0
CUST048408,0.436,0,0
CUST032873,0.4475,0,0
CUST007224,0.0787,0,0
CUST047174,0.0833,0,0
CUST023983,0.433,0,0
CUST039998,0.4005,0,0
CUST034110,0.1102,0,0
CUST019610,0.4757,0,0
CUST015679,0.6712,1,1
CUST011176,0.1559,0,0
CUST005554,0.5324,1,0
CUST013334,0.0546,0,0
CUST008639,0.3389,0,0
CUST002125,0.0633,0,0
CUST047900,0.1078,0,0
CUST001506,0.0547,0,0
CUST012373,0.6548,1,0
CUST003860,0.3771,0,0
CUST024828,0.6005,1,0
CUST008098,0.1791,0,0
CUST023090,0.0925,0,0
CUST000314,0.04,0,0
CUST030803,0.0349,0,0
CUST026105,0.0753,0,0
CUST005994,0.0515,0,0
CUST007661,0.3728,0,0
CUST025279,0.215,0,0
CUST011030,0.0582,0,0
CUST043637,0.0907,0,0
CUST028994,0.0782,0,0
CUST009174,0.0943,0,0
CUST039816,0.0596,0,0
CUST043552,0.2511,0,0
CUST025363,0.2045,0,0
CUST018327,0.0446,0,0
CUST016955,0.4783,0,0
CUST011506,0.4437,0,0
CUST021741,0.0698,0,0
CUST000330,0.2052,0,0
CUST006492,0.0929,0,0
CUST044407,0.354,0,0
CUST007610,0.1053,0,0
CUST028482,0.0521,0,0
CUST033925,0.0445,0,0
CUST036098,0.0848,0,0
CUST026542,0.0524,0,0
CUST034342,0.4201,0,0
CUST032651,0.1652,0,0
CUST034559,0.2648,0,0
CUST003562,0.4671,0,0
CUST003350,0.9181,1,1
CUST000760,0.0641,0,0
CUST019731,0.4198,0,0
CUST013698,0.0675,0,0
CUST039775,0.7416,1,0
CUST024879,0.141,0,0
CUST030663,0.0675,0,0
CUST000845,0.1,0,0
CUST003849,0.0932,0,0
CUST016426,0.0794,0,0
CUST006134,0.3279,0,0
CUST010253,0.1406,0,1
CUST026793,0.1448,0,0
CUST027843,0.2262,0,0
CUST017506,0.3793,0,0
CUST046491,0.3467,0,0
CUST007238,0.0489,0,0
CUST016607,0.0951,0,0
CUST002131,0.3226,0,0
CUST010821,0.1543,0,0
CUST016453,0.1057,0,0
CUST048278,0.0644,0,0
CUST021421,0.1129,0,0
CUST013761,0.4425,0,0
CUST010890,0.0675,0,0
CUST048063,0.0864,0,0
CUST043375,0.1196,0,0
CUST016254,0.0921,0,0
CUST009140,0.3048,0,0
CUST023628,0.048,0,0
CUST047342,0.5454,1,0
CUST039768,0.2874,0,0
CUST003750,0.8446,1,0
CUST011005,0.7517,1,0
CUST001007,0.1701,0,0
CUST023606,0.0753,0,0
CUST005863,0.8911,1,1
CUST006359,0.0647,0,0
CUST045224,0.0675,0,0
CUST019229,0.8448,1,0
CUST049202,0.3696,0,0
CUST008055,0.3605,0,0
CUST009290,0.057,0,0
CUST008814,0.1228,0,0
CUST015677,0.1748,0,0
CUST008995,0.1078,0,0
CUST011378,0.5584,1,0
CUST039290,0.2395,0,0
CUST037281,0.0379,0,0
CUST026590,0.0845,0,0
CUST019545,0.3248,0,0
CUST046899,0.8163,1,0
CUST038460,0.3038,0,0
CUST012611,0.2421,0,0
CUST028449,0.064,0,0
CUST043958,0.7267,1,0
CUST024708,0.6005,1,0
CUST021588,0.4057,0,0
CUST000726,0.169,0,0
CUST043407,0.2265,0,0
CUST016727,0.2897,0,0
CUST003867,0.1215,0,0
CUST037625,0.1366,0,0
CUST001858,0.0585,0,0
CUST043189,0.4636,0,0
CUST036224,0.8212,1,0
CUST026164,0.1738,0,0
CUST049698,0.0607,0,0
CUST049313,0.2421,0,0
CUST010360,0.852,1,0
CUST005471,0.598,1,0
CUST044412,0.7364,1,0
CUST044313,0.1622,0,0
CUST040507,0.4426,0,0
CUST019878,0.0504,0,0
CUST018972,0.4259,0,0
CUST049941,0.4842,0,0
CUST029205,0.4659,0,0
CUST005644,0.8545,1,0
CUST027894,0.2127,0,0
CUST042475,0.4524,0,0
CUST049000,0.1324,0,0
CUST017401,0.7783,1,0
CUST020313,0.2603,0,0
CUST049409,0.8203,1,0
CUST046965,0.0973,0,0
CUST004053,0.1933,0,0
CUST003114,0.0917,0,0
CUST019529,0.0862,0,0
CUST045355,0.1132,0,0
CUST014924,0.3802,0,1
CUST045241,0.6254,1,0
CUST047302,0.0931,0,0
CUST004069,0.1999,0,0
CUST037363,0.0551,0,0
CUST033544,0.2121,0,0
CUST037644,0.1814,0,0
CUST020331,0.1804,0,0
CUST043941,0.3876,0,0
CUST038452,0.0675,0,0
CUST029541,0.0933,0,0
CUST026987,0.8685,1,1
CUST035365,0.1726,0,0
CUST044770,0.1337,0,0
CUST049377,0.071,0,0
CUST021032,0.0697,0,0
CUST047777,0.1844,0,0
CUST016081,0.1159,0,0
CUST034390,0.0508,0,0
CUST007184,0.2127,0,0
CUST013937,0.0402,0,0
CUST014219,0.0443,0,0
CUST034932,0.07,0,0
CUST014299,0.702,1,0
CUST046653,0.0667,0,0
CUST005482,0.1024,0,1
CUST040836,0.4959,0,0
CUST012252,0.0825,0,0
CUST043739,0.1688,0,0
CUST038927,0.0681,0,0
CUST019045,0.1834,0,0
CUST019645,0.4634,0,0
CUST026776,0.2318,0,0
CUST038650,0.1104,0,0
CUST042189,0.061,0,0
CUST038390,0.0675,0,0
CUST035245,0.0704,0,0
CUST031989,0.0675,0,0
CUST002741,0.1687,0,0
CUST014695,0.1169,0,0
CUST006980,0.0661,0,0
CUST003524,0.1267,0,0
CUST042735,0.1832,0,0
CUST032426,0.1196,0,0
CUST038418,0.0728,0,0
CUST041180,0.0557,0,0
CUST008539,0.0461,0,0
CUST016337,0.0712,0,0
CUST006633,0.0573,0,0
CUST030164,0.1731,0,0
CUST034741,0.8898,1,1
CUST037062,0.2524,0,0
CUST014065,0.0498,0,0
CUST009323,0.1327,0,0
CUST049660,0.4589,0,0
CUST043495,0.1147,0,0
CUST001923,0.0553,0,0
CUST020072,0.2549,0,0
CUST024750,0.055,0,0
CUST017551,0.3516,0,0
CUST004530,0.5829,1,0
CUST037271,0.1478,0,0
CUST044546,0.1232,0,0
CUST013101,0.8018,1,0
CUST047538,0.7852,1,0
CUST015157,0.1055,0,0
CUST000005,0.0628,0,0
CUST012536,0.2726,0,0
CUST000327,0.0452,0,0
CUST036274,0.1069,0,0
CUST026058,0.1611,0,0
CUST048014,0.4092,0,0
CUST010939,0.1097,0,0
CUST044904,0.8338,1,1
CUST020452,0.1337,0,0
CUST022480,0.5441,1,0
CUST028838,0.1274,0,0
CUST014037,0.8991,1,1
CUST005057,0.505,1,0
CUST048023,0.0452,0,0
CUST019353,0.2,0,0
CUST037859,0.1938,0,0
CUST042825,0.0967,0,0
CUST034787,0.1541,0,0
CUST045399,0.5018,1,0
CUST025420,0.1282,0,0
CUST049050,0.6911,1,0
CUST021986,0.195,0,0
CUST000917,0.3892,0,0
CUST033497,0.1436,0,0
CUST018431,0.0749,0,0
CUST033866,0.0675,0,0
CUST004911,0.0688,0,0
CUST029835,0.0746,0,0
CUST024214,0.0754,0,0
CUST005651,0.0531,0,0
CUST037768,0.1063,0,0
CUST039100,0.2676,0,0
CUST040298,0.4669,0,0
CUST038187,0.8207,1,0
CUST009207,0.8898,1,0
CUST026872,0.844,1,0
CUST034037,0.0945,0,0
CUST038276,0.1577,0,0
CUST042260,0.0688,0,0
CUST038444,0.7947,1,0
CUST043429,0.1047,0,0
CUST036578,0.7215,1,0
CUST000041,0.0808,0,0
CUST012300,0.0608,0,0
CUST005198,0.1652,0,0
CUST019787,0.0813,0,0
CUST039771,0.1784,0,0
CUST006378,0.3485,0,0
CUST009927,0.3244,0,0
CUST029211,0.0739,0,0
CUST017166,0.118,0,0
CUST001123,0.0404,0,0
CUST048455,0.1085,0,0
CUST026755,0.2373,0,0
CUST001852,0.0636,0,0
CUST011526,0.0522,0,0
CUST025404,0.5669,1,0
CUST014437,0.7336,1,0
CUST049977,0.7706,1,0
CUST017057,0.102,0,0
CUST039630,0.0783,0,0
CUST029973,0.7609,1,0
CUST039163,0.0495,0,0
CUST003040,0.1264,0,0
CUST019795,0.2662,0,0
CUST027067,0.0604,0,0
CUST039552,0.0546,0,0
CUST004929,0.0356,0,0
CUST040048,0.5918,1,0
CUST012087,0.3014,0,0
CUST048978,0.3222,0,0
CUST012880,0.0679,0,0
CUST020902,0.1038,0,0
CUST038989,0.3447,0,0
CUST019157,0.1448,0,0
CUST040853,0.2165,0,0
CUST010100,0.4922,0,0
CUST026072,0.8352,1,1
CUST045784,0.7572,1,0
CUST029483,0.8898,1,1
CUST014516,0.0753,0,0
CUST010111,0.5875,1,0
CUST045028,0.852,1,0
CUST006245,0.2583,0,0
CUST007809,0.1849,0,0
CUST035474,0.0749,0,0
CUST006590,0.0385,0,0
CUST016179,0.8974,1,0
CUST002298,0.0878,0,0
CUST030671,0.0946,0,0
CUST029316,0.7015,1,0
CUST007922,0.1757,0,0
CUST048783,0.398,0,0
CUST025199,0.058,0,0
CUST039278,0.439,0,0
CUST000499,0.0442,0,0
CUST043683,0.0927,0,0
CUST018554,0.0664,0,0
CUST037267,0.1322,0,0
CUST036412,0.0661,0,0
CUST017880,0.0962,0,0
CUST042389,0.1673,0,0
CUST001127,0.2133,0,0
CUST003144,0.117,0,0
CUST008235,0.0794,0,0
CUST047298,0.7408,1,0
CUST012759,0.0427,0,0
CUST025284,0.053,0,0
CUST015575,0.0592,0,0
CUST008805,0.0747,0,0
CUST024717,0.7058,1,0
CUST016012,0.1767,0,0
CUST046690,0.099,0,0
CUST033657,0.0479,0,0
CUST043359,0.0495,0,0
CUST019052,0.5424,1,0
CUST003077,0.589,1,0
CUST038478,0.0775,0,0
CUST035537,0.5799,1,0
CUST036041,0.5912,1,0
CUST026042,0.071,0,0
CUST005245,0.9277,1,1
CUST036610,0.062,0,0
CUST028533,0.0538,0,0
CUST000718,0.1843,0,0
CUST021038,0.0843,0,0
CUST009211,0.7923,1,0
CUST022343,0.111,0,0
CUST049157,0.0675,0,0
CUST035729,0.0899,0,0
CUST010621,0.097,0,0
CUST001797,0.5912,1,1
CUST012895,0.0654,0,0
CUST039068,0.0583,0,0
CUST040585,0.1318,0,0
CUST018029,0.0579,0,0
CUST041856,0.8898,1,1
CUST025660,0.1401,0,0
CUST047059,0.8322,1,0
CUST041248,0.117,0,0
CUST038795,0.7218,1,0
CUST023559,0.0835,0,0
CUST043034,0.0557,0,0
CUST041602,0.1872,0,0
CUST040655,0.045,0,0
CUST003229,0.1249,0,0
CUST001776,0.7002,1,0
CUST030780,0.0861,0,0
CUST006250,0.1942,0,0
CUST017762,0.1206,0,0
CUST029159,0.2916,0,0
CUST049610,0.8991,1,0
CUST031484,0.1223,0,0
CUST021545,0.0409,0,0
CUST021380,0.5283,1,0
CUST022928,0.0675,0,0
CUST014486,0.1202,0,0
CUST028711,0.0671,0,0
CUST025741,0.077,0,0
CUST048098,0.0922,0,0
CUST025422,0.2843,0,0
CUST015102,0.083,0,0
CUST027748,0.0898,0,0
CUST049946,0.1131,0,0
CUST015690,0.2222,0,0
CUST020810,0.8991,1,0
CUST033081,0.834,1,1
CUST007752,0.1421,0,0
CUST013416,0.0759,0,0
CUST037669,0.0613,0,0
CUST036521,0.1306,0,0
CUST009429,0.8768,1,0
CUST016146,0.0538,0,0
CUST044897,0.0622,0,0
CUST000959,0.2961,0,0
CUST005602,0.0859,0,0
CUST001476,0.3827,0,0
CUST042675,0.1307,0,0
CUST047788,0.4714,0,0
CUST038068,0.0745,0,0
CUST013471,0.7888,1,0
CUST019605,0.4005,0,0
CUST019888,0.054,0,0
CUST008977,0.3283,0,0
CUST047074,0.6794,1,0
CUST045747,0.203,0,0
CUST045916,0.046,0,0
CUST045734,0.2065,0,0
CUST033214,0.3273,0,0
CUST037681,0.0453,0,0
CUST038845,0.0518,0,0
CUST028967,0.0753,0,0
CUST018945,0.6765,1,0
CUST048961,0.1029,0,0
CUST034123,0.1335,0,0
CUST034986,0.0675,0,0
CUST033055,0.0786,0,0
CUST036493,0.7564,1,0
CUST000288,0.1016,0,0
CUST040310,0.398,0,0
CUST041754,0.112,0,0
CUST006156,0.1002,0,0
CUST008025,0.083,0,0
CUST000137,0.1114,0,0
CUST026584,0.0779,0,0
CUST013001,0.7361,1,0
CUST033939,0.5963,1,1
CUST042771,0.8498,1,0
CUST017542,0.5673,1,0
CUST022954,0.1145,0,0
CUST022141,0.5206,1,0
CUST023059,0.6076,1,0
CUST007937,0.0662,0,0
CUST042093,0.3355,0,0
CUST012957,0.1116,0,0
CUST010066,0.1197,0,0
CUST046101,0.0924,0,0
CUST041221,0.1103,0,0
CUST001543,0.1335,0,0
CUST040448,0.2292,0,0
CUST031542,0.0716,0,0
CUST037535,0.0395,0,0
CUST040894,0.0577,0,0
CUST011051,0.0484,0,0
CUST035263,0.178,0,0
CUST013931,0.0567,0,0
CUST011665,0.861,1,0
CUST000885,0.3433,0,0
CUST010176,0.8833,1,0
CUST047840,0.1866,0,0
CUST001421,0.0459,0,0
CUST003475,0.0587,0,0
CUST043516,0.0432,0,0
CUST032342,0.0886,0,0
CUST025034,0.082,0,0
CUST037237,0.2078,0,0
CUST003276,0.9262,1,0
CUST048699,0.0675,0,0
CUST032949,0.0675,0,0
CUST021966,0.1253,0,0
CUST010837,0.1331,0,0
CUST019043,0.2145,0,0
CUST015504,0.7831,1,0
CUST033545,0.2408,0,0
CUST043450,0.0432,0,0
CUST010433,0.0785,0,0
CUST002506,0.1292,0,0
CUST046313,0.0387,0,0
CUST033410,0.0723,0,0
CUST017424,0.1139,0,0
CUST041278,0.1424,0,0
CUST038266,0.0464,0,0
CUST026348,0.1716,0,0
CUST023674,0.1715,0,0
CUST010894,0.084,0,0
CUST015614,0.0426,0,0
CUST043697,0.3038,0,0
CUST043210,0.0927,0,0
CUST007334,0.0529,0,0
CUST004586,0.1798,0,0
CUST029252,0.0998,0,0
CUST013564,0.2599,0,0
CUST030007,0.2584,0,0
CUST047751,0.1528,0,0
CUST042461,0.8854,1,0
CUST024949,0.1052,0,0
CUST033082,0.5684,1,0
CUST020222,0.2154,0,0
CUST045390,0.689,1,0
CUST038182,0.0375,0,0
CUST047479,0.0725,0,0
CUST005907,0.0646,0,0
CUST006034,0.0598,0,0
CUST000237,0.2267,0,1
CUST041925,0.4241,0,0
CUST031756,0.1124,0,0
CUST023339,0.0714,0,0
CUST048838,0.2203,0,0
CUST000818,0.489,0,0
CUST015032,0.0829,0,0
CUST011598,0.4137,0,0
CUST013706,0.2806,0,0
CUST037944,0.5293,1,0
CUST002448,0.1025,0,0
CUST011576,0.0995,0,0
CUST020490,0.0557,0,0
CUST026736,0.7664,1,1
CUST005058,0.0724,0,0
CUST011562,0.1117,0,0
CUST008139,0.0801,0,0
CUST035292,0.0609,0,0
CUST035218,0.0556,0,0
CUST024889,0.5237,1,0
CUST003721,0.1294,0,0
CUST038046,0.054,0,0
CUST036481,0.0954,0,0
CUST018279,0.0845,0,0
CUST028751,0.0756,0,0
CUST048990,0.0553,0,0
CUST025901,0.3085,0,0
CUST036075,0.0887,0,0
CUST030222,0.3696,0,0
CUST041517,0.4493,0,0
CUST009895,0.0591,0,0
CUST009688,0.5028,1,0
CUST017156,0.1511,0,0
CUST031019,0.0742,0,0
CUST040782,0.8991,1,0
CUST021334,0.6625,1,1
CUST004404,0.1266,0,0
CUST033993,0.1396,0,0
CUST019535,0.0907,0,0
CUST049216,0.8877,1,1
CUST000900,0.145,0,0
CUST048879,0.1506,0,0
CUST049959,0.1586,0,0
CUST037221,0.4919,0,0
CUST033603,0.2817,0,0
CUST000393,0.0616,0,0
CUST035244,0.6371,1,0
CUST048811,0.6101,1,0
CUST013565,0.0517,0,0
CUST020512,0.1023,0,0
CUST038899,0.4638,0,0
CUST008475,0.0398,0,0
CUST046764,0.0706,0,0
CUST003543,0.0392,0,0
CUST025416,0.1661,0,0
CUST003837,0.0933,0,0
CUST000338,0.1454,0,0
CUST019755,0.2709,0,0
CUST002708,0.4427,0,0
CUST003446,0.1542,0,1
CUST041898,0.0466,0,0
CUST012031,0.5061,1,0
CUST024582,0.1228,0,0
CUST015880,0.0513,0,0
CUST007443,0.0816,0,0
CUST021014,0.1638,0,0
CUST010120,0.1093,0,0
CUST026305,0.8418,1,0
CUST044622,0.793,1,0
CUST036433,0.0425,0,0
CUST008104,0.6955,1,0
CUST031157,0.1365,0,0
CUST022221,0.1407,0,0
CUST011118,0.0669,0,0
CUST002944,0.3077,0,0
CUST029108,0.1536,0,0
CUST036346,0.0696,0,0
CUST020176,0.0407,0,0
CUST032543,0.7779,1,0
CUST007681,0.4655,0,0
CUST032255,0.2985,0,0
CUST006676,0.4227,0,0
CUST007791,0.9273,1,1
CUST029676,0.1328,0,0
CUST006565,0.1292,0,0
CUST043276,0.1843,0,0
CUST036002,0.2508,0,0
CUST019526,0.0533,0,0
CUST027103,0.8322,1,0
CUST023595,0.0851,0,0
CUST030060,0.8974,1,0
CUST047039,0.0902,0,0
CUST038311,0.3459,0,0
CUST031612,0.5183,1,0
CUST030952,0.6118,1,0
CUST046253,0.4751,0,0
CUST029216,0.1373,0,0
CUST022559,0.0675,0,0
CUST048627,0.0895,0,0
CUST013151,0.229,0,0
CUST004748,0.0508,0,0
CUST025245,0.051,0,0
CUST015506,0.4399,0,1
CUST033197,0.2599,0,0
CUST044796,0.2335,0,0
CUST023404,0.0565,0,0
CUST048517,0.1269,0,0
CUST026637,0.1461,0,0
CUST008078,0.8045,1,0
CUST043366,0.1472,0,0
CUST003505,0.7841,1,0
CUST001367,0.0723,0,0
CUST018039,0.0966,0,0
CUST003777,0.5794,1,0
CUST045162,0.1964,0,0
CUST029733,0.5766,1,0
CUST003515,0.0612,0,0
CUST045840,0.086,0,0
CUST011188,0.1478,0,0
CUST003667,0.0685,0,0
CUST031437,0.1266,0,0
CUST049057,0.8877,1,0
CUST045934,0.2404,0,0
CUST004933,0.0896,0,0
CUST014672,0.3182,0,0
CUST005130,0.347,0,0
CUST017664,0.2621,0,0
CUST045972,0.0572,0,0
CUST016857,0.1154,0,0
CUST009196,0.0553,0,0
CUST000985,0.2397,0,0
CUST021190,0.0668,0,0
CUST010024,0.4425,0,0
CUST003462,0.1369,0,0
CUST016068,0.8322,1,1
CUST024338,0.071,0,0
CUST009068,0.0556,0,0
CUST001869,0.1872,0,0
CUST039883,0.09,0,0
CUST044406,0.0662,0,0
CUST001207,0.1258,0,0
CUST005567,0.0513,0,0
CUST034634,0.4563,0,0
CUST044809,0.8231,1,0
CUST038532,0.5933,1,0
CUST005937,0.0894,0,0
CUST001173,0.0895,0,0
CUST046506,0.8322,1,0
CUST034472,0.1234,0,0
CUST040479,0.2338,0,0
CUST014399,0.1996,0,0
CUST021303,0.1393,0,0
CUST004134,0.0756,0,0
CUST008076,0.0753,0,0
CUST006136,0.1969,0,0
CUST001579,0.4478,0,0
CUST016320,0.0753,0,0
CUST025233,0.3024,0,0
CUST027678,0.054,0,0
CUST013503,0.1488,0,0
CUST049067,0.2087,0,0
CUST042375,0.0515,0,0
CUST025761,0.122,0,0
CUST005929,0.1337,0,0
CUST012912,0.1783,0,0
CUST006355,0.0916,0,0
CUST039047,0.7215,1,0
CUST047459,0.6005,1,0
CUST014575,0.7209,1,0
CUST021538,0.5766,1,0
CUST021397,0.0451,0,0
CUST020281,0.1927,0,0
CUST039089,0.0845,0,0
CUST035790,0.0746,0,0
CUST031045,0.0954,0,0
CUST035169,0.3647,0,0
CUST046512,0.1594,0,0
CUST033719,0.6022,1,0
CUST008265,0.0707,0,0
CUST039631,0.3622,0,0
CUST014824,0.4544,0,0
CUST011791,0.7362,1,0
CUST028219,0.1528,0,0
CUST009182,0.7618,1,0
CUST010668,0.7251,1,0
CUST035096,0.0838,0,0
CUST026494,0.1743,0,0
CUST023002,0.0754,0,0
CUST016839,0.0758,0,0
CUST031396,0.0865,0,0
CUST034128,0.1292,0,0
CUST018849,0.1685,0,0
CUST013676,0.0743,0,0
CUST044500,0.852,1,0
CUST029204,0.6516,1,0
CUST034294,0.0982,0,0
CUST046671,0.1131,0,0
CUST042418,0.0559,0,0
CUST011824,0.1578,0,0
CUST027783,0.1639,0,0
CUST036630,0.5063,1,0
CUST043445,0.117,0,0
CUST010347,0.04,0,0
CUST028337,0.0976,0,0
CUST016842,0.8955,1,0
CUST047056,0.1646,0,0
CUST000388,0.7103,1,0
CUST012473,0.3434,0,0
CUST018123,0.1946,0,0
CUST036952,0.8379,1,0
CUST011688,0.2455,0,0
CUST028305,0.436,0,0
CUST022032,0.4669,0,0
CUST004602,0.0916,0,0
CUST031253,0.8919,1,0
CUST006146,0.094,0,0
CUST039447,0.0976,0,0
CUST046800,0.0739,0,0
CUST027903,0.0828,0,0
CUST012691,0.1323,0,0
CUST003274,0.1093,0,0
CUST006212,0.3126,0,0
CUST043872,0.0434,0,0
CUST036671,0.7978,1,0
CUST003076,0.1092,0,0
CUST031695,0.3457,0,0
CUST007017,0.2765,0,0
CUST005142,0.2055,0,0
CUST016439,0.2991,0,0
CUST046737,0.0394,0,0
CUST002627,0.1044,0,0
CUST008215,0.1606,0,0
CUST004159,0.7752,1,0
CUST005661,0.1392,0,0
CUST014452,0.1267,0,0
CUST044731,0.7716,1,0
CUST013467,0.8817,1,0
CUST038841,0.107,0,0
CUST023035,0.1109,0,0
CUST007284,0.7589,1,0
CUST042157,0.1337,0,0
CUST010193,0.1516,0,0
CUST004760,0.0811,0,0
CUST027800,0.0879,0,0
CUST020039,0.0753,0,0
CUST039524,0.6571,1,0
CUST049811,0.2441,0,0
CUST004303,0.0996,0,0
CUST028795,0.6688,1,0
CUST028897,0.8576,1,0
CUST034567,0.5041,1,0
CUST017476,0.0454,0,0
CUST005659,0.0652,0,0
CUST026437,0.7259,1,0
CUST024274,0.1602,0,0
CUST002729,0.2152,0,0
CUST010041,0.1697,0,0
CUST038232,0.8322,1,0
CUST003977,0.139,0,0
CUST040864,0.1925,0,0
CUST019018,0.5866,1,0
CUST019649,0.1879,0,0
CUST003651,0.1212,0,0
CUST029388,0.2007,0,0
CUST041826,0.1253,0,0
CUST047660,0.0507,0,0
CUST017002,0.4871,0,0
CUST040411,0.7992,1,0
CUST048373,0.0836,0,0
CUST027851,0.4769,0,0
CUST019195,0.1359,0,0
CUST037716,0.0681,0,0
CUST031277,0.1087,0,0
CUST009035,0.0851,0,0
CUST017565,0.1374,0,0
CUST027448,0.1374,0,0
CUST039484,0.4104,0,0
CUST001632,0.0568,0,0
CUST044740,0.1288,0,0
CUST013190,0.5076,1,0
CUST024839,0.0738,0,0
CUST032825,0.1845,0,0
CUST020103,0.0462,0,0
CUST017065,0.1219,0,0
CUST000552,0.3605,0,0
CUST020465,0.175,0,0
CUST037814,0.0704,0,0
CUST016724,0.0859,0,0
CUST046240,0.0597,0,0
CUST004508,0.0643,0,0
CUST047953,0.1341,0,0
CUST046880,0.047,0,0
CUST029797,0.067,0,0
CUST032286,0.1699,0,0
CUST004683,0.1339,0,0
CUST010191,0.1097,0,0
CUST015550,0.0766,0,0
CUST000587,0.0813,0,0
CUST021734,0.4005,0,0
CUST005684,0.096,0,0
CUST038783,0.1375,0,0
CUST024451,0.857,1,0
CUST025114,0.1157,0,0
CUST043142,0.0548,0,0
CUST017965,0.2301,0,0
CUST041753,0.7261,1,0
CUST026527,0.1549,0,0
CUST042495,0.1757,0,0
CUST033103,0.0392,0,0
CUST003838,0.1589,0,0
CUST015207,0.433,0,0
CUST032863,0.0748,0,0
CUST045165,0.1337,0,0
CUST029663,0.1281,0,0
CUST023664,0.1369,0,0
CUST034090,0.0952,0,0
CUST011637,0.1434,0,0
CUST021821,0.1163,0,0
CUST042123,0.0744,0,0
CUST004095,0.0491,0,0
CUST023083,0.0485,0,0
CUST038816,0.2048,0,0
CUST031583,0.0675,0,0
CUST000698,0.1665,0,0
CUST020727,0.1147,0,0
CUST019341,0.0581,0,0
CUST002996,0.5785,1,0
CUST016222,0.1467,0,0
CUST030238,0.2184,0,0
CUST036797,0.7488,1,0
CUST044076,0.8133,1,0
CUST028271,0.1521,0,0
CUST026581,0.1514,0,0
CUST024990,0.198,0,0
CUST045731,0.0584,0,0
CUST036948,0.0814,0,0
CUST010616,0.8062,1,0
CUST042198,0.0756,0,0
CUST042197,0.4982,0,0
CUST032717,0.145,0,0
CUST019128,0.0653,0,0
CUST046162,0.1783,0,0
CUST035679,0.0574,0,0
CUST042150,0.1141,0,0
CUST032422,0.0409,0,0
CUST034184,0.4005,0,0
CUST048189,0.0646,0,0
CUST021182,0.0863,0,0
CUST028083,0.3349,0,0
CUST030130,0.3287,0,0
CUST009539,0.0742,0,0
CUST043166,0.0588,0,0
CUST039522,0.0846,0,0
CUST029088,0.0675,0,0
CUST049742,0.0742,0,0
CUST008831,0.365,0,0
CUST003106,0.4968,0,0
CUST010462,0.714,1,0
CUST014260,0.0566,0,0
CUST005272,0.0727,0,0
CUST001665,0.0509,0,0
CUST021081,0.0505,0,0
CUST002636,0.7541,1,0
CUST031993,0.248,0,0
CUST034354,0.0582,0,0
CUST017786,0.3518,0,0
CUST003241,0.0937,0,0
CUST010553,0.3787,0,0
CUST031138,0.0634,0,0
CUST038963,0.115,0,0
CUST044755,0.1901,0,0
CUST035907,0.5168,1,0
CUST036236,0.6095,1,0
CUST039684,0.8411,1,1
CUST047964,0.6546,1,0
CUST020165,0.4215,0,0
CUST032894,0.2037,0,0
CUST009637,0.7357,1,0
CUST046097,0.0635,0,0
CUST028283,0.903,1,1
CUST036543,0.1696,0,0
CUST045270,0.1858,0,0
CUST029772,0.1792,0,0
CUST037544,0.3904,0,0
CUST018641,0.5433,1,0
CUST022372,0.0505,0,0
CUST029122,0.7092,1,0
CUST007565,0.4953,0,0
CUST043607,0.2563,0,0
CUST027336,0.2892,0,0
CUST031958,0.0979,0,0
CUST016808,0.8974,1,0
CUST003584,0.7752,1,0
CUST003752,0.6363,1,0
CUST031572,0.0882,0,0
CUST018044,0.1123,0,0
CUST001907,0.1814,0,0
CUST046383,0.6237,1,0
CUST036356,0.0675,0,0
CUST046820,0.0568,0,0
CUST022830,0.0931,0,0
CUST020041,0.1388,0,0
CUST026535,0.1851,0,0
CUST005676,0.1232,0,0
CUST036726,0.0407,0,0
CUST025128,0.1446,0,0
CUST033252,0.0809,0,0
CUST004442,0.131,0,0
CUST049228,0.6311,1,0
CUST018006,0.1457,0,0
CUST031072,0.1175,0,0
CUST005156,0.0775,0,0
CUST017348,0.0444,0,0
CUST046534,0.1095,0,0
CUST049299,0.0616,0,0
CUST041462,0.383,0,0
CUST048896,0.0542,0,0
CUST010801,0.0862,0,0
CUST031053,0.108,0,0
CUST021417,0.8164,1,1
CUST047008,0.1213,0,0
CUST010445,0.0616,0,0
CUST006347,0.1215,0,0
CUST008295,0.0541,0,0
CUST010687,0.0574,0,0
CUST015874,0.362,0,0
CUST039125,0.0865,0,0
CUST042570,0.4757,0,0
CUST009917,0.1656,0,0
CUST015002,0.123,0,0
CUST029942,0.1705,0,0
CUST031540,0.7811,1,0
CUST021383,0.1338,0,0
CUST012021,0.8257,1,0
CUST007509,0.0509,0,0
CUST001572,0.0844,0,0
CUST021764,0.0836,0,0
CUST017242,0.0553,0,0
CUST048866,0.2651,0,0
CUST042243,0.8297,1,1
CUST047651,0.8967,1,1
CUST035368,0.1031,0,0
CUST031350,0.321,0,0
CUST006658,0.1211,0,0
CUST007541,0.1128,0,0
CUST040111,0.1922,0,0
CUST015435,0.0389,0,0
CUST049023,0.2713,0,0
CUST032163,0.1072,0,0
CUST003660,0.1257,0,0
CUST034115,0.0643,0,0
CUST048910,0.2182,0,0
CUST041059,0.4285,0,0
CUST021058,0.111,0,0
CUST030585,0.0978,0,0
CUST016131,0.0951,0,0
CUST010914,0.0664,0,0
CUST012828,0.0675,0,0
CUST017656,0.0826,0,0
CUST034000,0.4164,0,0
CUST017078,0.3162,0,0
CUST037749,0.0567,0,0
CUST004068,0.8131,1,0
CUST035566,0.7181,1,0
CUST027588,0.5432,1,0
CUST008842,0.0919,0,0
CUST012667,0.0812,0,0
CUST024705,0.1052,0,0
CUST009372,0.6473,1,0
CUST037895,0.0536,0,0
CUST014104,0.0721,0,0
CUST024266,0.082,0,0
CUST048275,0.1721,0,0
CUST041709,0.0716,0,0
CUST003983,0.0526,0,0
CUST034305,0.3118,0,0
CUST013310,0.2277,0,0
CUST029834,0.1376,0,0
CUST025814,0.2326,0,0
CUST022827,0.1571,0,0
CUST007888,0.0646,0,0
CUST039077,0.7384,1,0
CUST022380,0.1321,0,0
CUST048296,0.0712,0,0
CUST023133,0.1685,0,0
CUST036239,0.0997,0,0
CUST047360,0.3183,0,0
CUST032881,0.1573,0,0
CUST024688,0.0611,0,0
CUST008887,0.1813,0,0
CUST043346,0.1092,0,0
CUST004288,0.0602,0,0
CUST007301,0.8991,1,0
CUST033577,0.8898,1,0
CUST043073,0.0738,0,0
CUST040263,0.1385,0,0
CUST009077,0.0595,0,0
CUST025426,0.1593,0,0
CUST007994,0.0609,0,0
CUST037883,0.2122,0,0
CUST031429,0.0595,0,0
CUST005904,0.0751,0,0
CUST001897,0.1834,0,0
CUST025783,0.2373,0,0
CUST042679,0.0723,0,0
CUST010611,0.0675,0,0
CUST013951,0.2772,0,0
CUST000016,0.1656,0,0
CUST008419,0.1011,0,0
CUST034114,0.4982,0,0
CUST029921,0.2328,0,0
CUST019411,0.4243,0,0
CUST033702,0.0952,0,0
CUST025155,0.1146,0,0
CUST003125,0.1145,0,0
CUST025326,0.1707,0,0
CUST026753,0.7287,1,0
CUST022652,0.0545,0,0
CUST015877,0.3748,0,0
CUST011364,0.3786,0,0
CUST013600,0.2455,0,0
CUST025551,0.1648,0,0
CUST017755,0.0771,0,0
CUST009314,0.4606,0,0
CUST036745,0.5979,1,0
CUST030439,0.0427,0,0
CUST024371,0.0879,0,0
CUST012052,0.1122,0,0
CUST002063,0.7364,1,0
CUST029954,0.0549,0,0
CUST022832,0.8696,1,1
CUST047369,0.1505,0,0
CUST038199,0.5547,1,0
CUST025555,0.1385,0,0
CUST049896,0.16,0,0
CUST047531,0.1187,0,0
CUST031464,0.0675,0,0
CUST030550,0.5734,1,0
CUST014613,0.047,0,0
CUST020648,0.3626,0,0
CUST045391,0.0662,0,0
CUST014609,0.852,1,0
CUST039705,0.0483,0,0
CUST017881,0.05,0,0
CUST018636,0.4772,0,0
CUST036901,0.0609,0,0
CUST007330,0.4425,0,0
CUST043766,0.0633,0,0
CUST022183,0.0728,0,0
CUST023196,0.18,0,0
CUST036203,0.6223,1,0
CUST021030,0.1744,0,0
CUST032657,0.0557,0,0
CUST004562,0.0783,0,0
CUST026128,0.3087,0,0
CUST021835,0.4123,0,0
CUST045406,0.2182,0,0
CUST046410,0.876,1,1
CUST012432,0.1042,0,0
CUST029035,0.1905,0,0
CUST028453,0.0783,0,0
CUST012322,0.0562,0,0
CUST012657,0.0571,0,0
CUST001089,0.1188,0,0
CUST039349,0.5718,1,0
CUST006997,0.1004,0,0
CUST009685,0.5454,1,0
CUST019929,0.0591,0,0
CUST031302,0.6594,1,0
CUST027624,0.7711,1,0
CUST041227,0.1263,0,0
CUST022794,0.4187,0,0
CUST005070,0.7189,1,0
CUST005591,0.0632,0,0
CUST003531,0.5683,1,0
CUST025991,0.1089,0,0
CUST013026,0.0654,0,0
CUST024576,0.0742,0,0
CUST040941,0.0715,0,0
CUST013835,0.0947,0,0
CUST041370,0.1799,0,0
CUST043363,0.0458,0,0
CUST026460,0.3081,0,0
CUST009008,0.6218,1,0
CUST042318,0.39,0,0
CUST044337,0.8237,1,0
CUST029545,0.125,0,0
CUST018698,0.0431,0,0
CUST038545,0.0716,0,0
CUST021786,0.5212,1,0
CUST045508,0.8794,1,1
CUST019743,0.0867,0,0
CUST001001,0.7378,1,0
CUST006694,0.0675,0,0
CUST038671,0.0542,0,0
CUST010378,0.7879,1,0
CUST024183,0.1932,0,0
CUST042961,0.1584,0,0
CUST010112,0.1409,0,0
CUST016542,0.0827,0,0
CUST016267,0.2267,0,0
CUST041845,0.1817,0,0
CUST038300,0.5213,1,0
CUST042636,0.0524,0,0
CUST029288,0.1122,0,0
CUST006054,0.8974,1,1
CUST019237,0.1766,0,0
CUST013556,0.1117,0,0
CUST029604,0.1073,0,0
CUST002851,0.0835,0,0
CUST017573,0.0601,0,0
CUST047483,0.1315,0,0
CUST023963,0.0675,0,0
CUST013809,0.7961,1,1
CUST003930,0.1337,0,0
CUST034117,0.0434,0,0
CUST034953,0.0793,0,0
CUST027557,0.2922,0,0
CUST006388,0.8991,1,1
CUST013495,0.2559,0,0
CUST031459,0.152,0,0
CUST005298,0.0921,0,0
CUST001501,0.1096,0,0
CUST023833,0.0563,0,0
CUST004478,0.1427,0,0
CUST040755,0.0836,0,0
CUST014595,0.0927,0,0
CUST017641,0.4655,0,0
CUST007690,0.1617,0,0
CUST024507,0.0722,0,0
CUST041144,0.4797,0,0
CUST028059,0.139,0,0
CUST020791,0.4624,0,0
CUST019391,0.852,1,1
CUST036798,0.0759,0,0
CUST013279,0.1519,0,0
CUST029321,0.6746,1,0
CUST041151,0.8367,1,0
CUST015315,0.4826,0,0
CUST045873,0.3582,0,0
CUST034911,0.8873,1,0
CUST000664,0.0396,0,0
CUST016292,0.0618,0,0
CUST009897,0.2728,0,0
CUST006574,0.0496,0,0
CUST014108,0.1609,0,0
CUST012229,0.3081,0,0
CUST002292,0.6295,1,1
CUST031733,0.356,0,1
CUST042673,0.124,0,0
CUST045166,0.2652,0,0
CUST024383,0.0652,0,0
CUST026673,0.0614,0,0
CUST028929,0.8052,1,0
CUST049193,0.0961,0,0
CUST019432,0.8707,1,1
CUST020280,0.0675,0,0
CUST018429,0.1571,0,0
CUST044026,0.1938,0,0
CUST049582,0.3037,0,0
CUST006428,0.0549,0,0
CUST036475,0.4182,0,0
CUST036248,0.6077,1,0
CUST011744,0.0601,0,0
CUST018728,0.1586,0,0
CUST027713,0.1053,0,0
CUST042167,0.0753,0,0
CUST021803,0.8421,1,0
CUST024624,0.0884,0,0
CUST020751,0.1762,0,0
CUST008839,0.3929,0,0
CUST037441,0.1166,0,0
CUST018513,0.0664,0,0
CUST047729,0.1078,0,0
CUST002486,0.0561,0,0
CUST049056,0.2997,0,0
CUST038401,0.8566,1,0
CUST032611,0.2478,0,0
CUST046145,0.0789,0,0
CUST013464,0.1142,0,0
CUST008832,0.0675,0,0
CUST048826,0.1091,0,0
CUST029484,0.4425,0,0
CUST030506,0.1039,0,0
CUST026282,0.5466,1,0
CUST004469,0.7483,1,0
CUST004670,0.1597,0,0
CUST009985,0.0531,0,0
CUST022160,0.0968,0,0
CUST015826,0.1808,0,0
CUST038866,0.085,0,0
CUST019946,0.0544,0,0
CUST045534,0.0852,0,0
CUST030706,0.6311,1,0
CUST005431,0.5455,1,0
CUST017447,0.0888,0,0
CUST020828,0.1031,0,0
CUST034266,0.3016,0,0
CUST040076,0.7966,1,1
CUST049894,0.0878,0,0
CUST040034,0.1926,0,0
CUST014364,0.0675,0,0
CUST009646,0.5585,1,0
CUST034462,0.1949,0,0
CUST022285,0.1426,0,0
CUST048779,0.1302,0,0
CUST018858,0.2202,0,0
CUST016351,0.852,1,0
CUST011307,0.2063,0,0
CUST020998,0.0587,0,0
CUST034307,0.1773,0,0
CUST020106,0.0586,0,0
CUST026237,0.1173,0,0
CUST028204,0.4097,0,0
CUST023755,0.731,1,0
CUST013699,0.5343,1,0
CUST008363,0.122,0,0
CUST016416,0.6094,1,0
CUST047295,0.2318,0,0
CUST047732,0.0773,0,0
CUST011108,0.5802,1,0
CUST001598,0.0656,0,0
CUST028970,0.8852,1,1
CUST012969,0.0731,0,0
CUST021139,0.1992,0,0
CUST025861,0.2342,0,0
CUST038011,0.7684,1,0
CUST030638,0.2233,0,0
CUST049898,0.0383,0,0
CUST002053,0.0855,0,0
CUST042309,0.1493,0,0
CUST027207,0.1871,0,0
CUST031782,0.0502,0,0
CUST018899,0.8623,1,1
CUST010144,0.3831,0,0
CUST026125,0.2312,0,0
CUST019145,0.2219,0,0
CUST042276,0.475,0,0
CUST037293,0.0596,0,0
CUST031824,0.0467,0,0
CUST047495,0.4367,0,0
CUST047380,0.2538,0,0
CUST018313,0.8033,1,0
CUST016032,0.0347,0,0
CUST006043,0.1346,0,0
CUST006194,0.062,0,0
CUST013283,0.8079,1,0
CUST037559,0.1053,0,0
CUST039990,0.8898,1,0
CUST034949,0.0665,0,0
CUST038959,0.3959,0,1
CUST010576,0.0525,0,0
CUST019465,0.1163,0,0
CUST010317,0.8898,1,1
CUST012470,0.7517,1,0
CUST045307,0.2403,0,0
CUST041846,0.0844,0,0
CUST012925,0.6143,1,0
CUST027304,0.4928,0,0
CUST048921,0.1678,0,0
CUST019885,0.1064,0,0
CUST017682,0.1511,0,0
CUST030907,0.6195,1,0
CUST031018,0.6138,1,0
CUST011201,0.1156,0,0
CUST017962,0.3798,0,0
CUST001589,0.0749,0,0
CUST013338,0.4774,0,0
CUST035133,0.0967,0,0
CUST003520,0.238,0,0
CUST037586,0.1564,0,0
CUST002876,0.1112,0,0
CUST001751,0.0453,0,0
CUST039507,0.0876,0,0
CUST022272,0.3672,0,0
CUST020481,0.0675,0,0
CUST017007,0.1144,0,0
CUST049510,0.0893,0,0
CUST029971,0.2816,0,0
CUST042716,0.0716,0,0
CUST017003,0.0707,0,0
CUST041339,0.0419,0,0
CUST019621,0.1086,0,0
CUST002271,0.0733,0,0
CUST025656,0.7249,1,1
CUST001065,0.0675,0,0
CUST045950,0.0675,0,0
CUST003154,0.084,0,0
CUST028584,0.0517,0,0
CUST010048,0.6857,1,0
CUST049145,0.0516,0,0
CUST017839,0.1586,0,0
CUST020107,0.4686,0,0
CUST021459,0.2567,0,0
CUST030851,0.2247,0,0
CUST037516,0.0714,0,0
CUST049929,0.2266,0,0
CUST034677,0.9005,1,0
CUST003056,0.0604,0,0
CUST043933,0.2283,0,0
CUST004945,0.0432,0,0
CUST031497,0.077,0,0
CUST046621,0.0849,0,0
CUST005265,0.8974,1,1
CUST039722,0.1012,0,0
CUST015704,0.3183,0,0
CUST047264,0.0795,0,0
CUST002152,0.0621,0,0
CUST045931,0.3651,0,0
CUST049612,0.2197,0,0
CUST015079,0.6557,1,0
CUST027834,0.4379,0,0
CUST034122,0.1749,0,0
CUST016282,0.2133,0,0
CUST014641,0.2293,0,0
CUST019851,0.5766,1,0
CUST023970,0.1048,0,0
CUST025750,0.2665,0,0
CUST022901,0.0988,0,0
CUST005419,0.1137,0,0
CUST021780,0.0797,0,0
CUST045748,0.0573,0,0
CUST016722,0.0546,0,0
CUST049674,0.0531,0,0
CUST028274,0.0573,0,0
CUST005723,0.0407,0,0
CUST046917,0.7036,1,0
CUST018372,0.8991,1,0
CUST001814,0.3037,0,0
CUST040294,0.0635,0,0
CUST037794,0.0936,0,0
CUST035496,0.0802,0,0
CUST014890,0.3729,0,0
CUST033114,0.6559,1,0
CUST029236,0.1375,0,0
CUST024088,0.0633,0,0
CUST005823,0.0615,0,0
CUST018254,0.0897,0,0
CUST017145,0.1937,0,0
CUST043623,0.3378,0,0
CUST014775,0.8916,1,0
CUST029480,0.077,0,0
CUST023763,0.3366,0,0
CUST002281,0.3625,0,0
CUST041516,0.0932,0,0
CUST023471,0.1477,0,0
CUST033157,0.2565,0,0
CUST034862,0.1417,0,0
CUST004171,0.7821,1,0
CUST010285,0.8791,1,0
CUST023981,0.0675,0,0
CUST021662,0.1236,0,0
CUST004197,0.1374,0,0
CUST034065,0.0681,0,0
CUST012340,0.0823,0,0
CUST023969,0.1922,0,0
CUST007278,0.0668,0,0
CUST039549,0.0591,0,0
CUST048646,0.1391,0,0
CUST042327,0.1043,0,0
CUST019094,0.0437,0,0
CUST001472,0.733,1,0
CUST002456,0.0716,0,0
CUST012163,0.0753,0,0
CUST010562,0.871,1,0
CUST032245,0.1772,0,0
CUST042624,0.1699,0,0
CUST020898,0.1131,0,0
CUST005824,0.2006,0,0
CUST021760,0.3126,0,0
CUST028125,0.0942,0,0
CUST003631,0.0562,0,0
CUST013063,0.5624,1,0
CUST018022,0.6035,1,0
CUST018108,0.1216,0,0
CUST043050,0.5348,1,0
CUST028784,0.0422,0,0
CUST009566,0.0872,0,0
CUST047522,0.7816,1,0
CUST029680,0.2787,0,0
CUST003622,0.8454,1,0
CUST038804,0.1156,0,0
CUST016138,0.7839,1,0
CUST039122,0.6475,1,0
CUST006382,0.0885,0,0
CUST026800,0.0618,0,0
CUST018333,0.1011,0,0
CUST011171,0.1179,0,0
CUST047977,0.0803,0,0
CUST024113,0.7093,1,0
CUST037779,0.1361,0,0
CUST022320,0.0579,0,0
CUST045630,0.5421,1,1
CUST042964,0.4677,0,0
CUST044301,0.0694,0,0
CUST026485,0.1704,0,0
CUST016028,0.0904,0,0
CUST019280,0.1549,0,0
CUST007845,0.313,0,0
CUST002118,0.0666,0,0
CUST004087,0.216,0,0
CUST033679,0.1658,0,0
CUST035767,0.0999,0,0
CUST035543,0.3032,0,0
CUST047223,0.0627,0,0
CUST005495,0.381,0,0
CUST037347,0.0703,0,0
CUST008142,0.108,0,0
CUST022509,0.1887,0,0
CUST016341,0.1826,0,0
CUST009521,0.0477,0,0
CUST037909,0.4362,0,0
CUST004853,0.2038,0,0
CUST004224,0.0643,0,0
CUST001884,0.2699,0,0
CUST026524,0.0775,0,0
CUST014670,0.1549,0,0
CUST040083,0.058,0,0
CUST022423,0.0509,0,0
CUST018964,0.087,0,0
CUST037043,0.6901,1,0
CUST039674,0.1688,0,0
CUST045121,0.099,0,0
CUST021800,0.4773,0,0
CUST015693,0.0395,0,0
CUST037028,0.7007,1,0
CUST013195,0.0908,0,0
CUST017557,0.5402,1,0
CUST041133,0.3688,0,0
CUST038552,0.1086,0,0
CUST035931,0.1105,0,0
CUST002785,0.4354,0,0
CUST021963,0.1728,0,0
CUST030170,0.1163,0,0
CUST000551,0.0835,0,0
CUST004821,0.0862,0,0
CUST016434,0.0571,0,0
CUST040823,0.1039,0,0
CUST017206,0.0778,0,0
CUST027640,0.0675,0,0
CUST000998,0.045,0,0
CUST039765,0.0902,0,0
CUST016468,0.7069,1,0
CUST035204,0.0592,0,0
CUST010017,0.057,0,0
CUST028748,0.6902,1,0
CUST028393,0.0599,0,0
CUST021738,0.1166,0,0
CUST028661,0.0399,0,0
CUST015788,0.0883,0,0
CUST039999,0.0412,0,0
CUST028190,0.6512,1,0
CUST002005,0.2776,0,0
CUST009928,0.3787,0,0
CUST005766,0.0569,0,0
CUST042472,0.0743,0,0
CUST003690,0.6008,1,0
CUST036696,0.215,0,0
CUST005267,0.8916,1,0
CUST019115,0.3521,0,0
CUST009698,0.0985,0,0
CUST037655,0.3714,0,0
CUST021013,0.1324,0,0
CUST049488,0.852,1,0
CUST017153,0.0663,0,0
CUST017782,0.5691,1,1
CUST015320,0.0519,0,0
CUST010271,0.218,0,0
CUST032278,0.1403,0,0
CUST010825,0.1966,0,0
CUST013560,0.0577,0,0
CUST023145,0.143,0,0
CUST027585,0.0687,0,0
CUST002554,0.2077,0,0
CUST041772,0.2259,0,0
CUST045381,0.0945,0,0
CUST018970,0.6101,1,0
CUST016893,0.0557,0,0
CUST040223,0.8303,1,0
CUST006143,0.1247,0,0
CUST019868,0.1198,0,0
CUST047562,0.1776,0,0
CUST011112,0.0584,0,0
CUST008386,0.3623,0,0
CUST044443,0.3159,0,0
CUST011829,0.0785,0,0
CUST013234,0.7741,1,0
CUST029386,0.0564,0,0
CUST020046,0.1325,0,0
CUST013806,0.1718,0,0
CUST037466,0.1834,0,0
CUST042367,0.2158,0,0
CUST047634,0.0703,0,0
CUST036618,0.175,0,0
CUST031698,0.1263,0,0
CUST030171,0.6988,1,0
CUST030946,0.3302,0,0
CUST022095,0.0722,0,0
CUST017266,0.5888,1,0
CUST031578,0.0612,0,0
CUST005408,0.0951,0,0
CUST002436,0.0973,0,0
CUST030187,0.0898,0,0
CUST023160,0.6256,1,0
CUST044436,0.0675,0,0
CUST039004,0.0675,0,0
CUST049470,0.1069,0,0
CUST018389,0.3613,0,0
CUST005983,0.1818,0,0
CUST022970,0.1011,0,0
CUST046025,0.0656,0,0
CUST000779,0.1356,0,0
CUST006780,0.0488,0,0
CUST013263,0.0706,0,0
CUST030539,0.0974,0,0
CUST015856,0.2021,0,0
CUST024535,0.0646,0,0
CUST044363,0.1105,0,0
CUST007925,0.1276,0,0
CUST006782,0.0606,0,0
CUST005263,0.0812,0,0
CUST040898,0.0969,0,0
CUST043814,0.0478,0,0
CUST004365,0.2076,0,0
CUST007636,0.0706,0,0
CUST004626,0.0848,0,0
CUST034516,0.0618,0,0
CUST013053,0.0963,0,0
CUST018246,0.1035,0,0
CUST046386,0.178,0,0
CUST010011,0.1075,0,0
CUST016062,0.1058,0,0
CUST008629,0.0573,0,0
CUST016323,0.7047,1,0
CUST046810,0.0705,0,0
CUST049827,0.6139,1,0
CUST040988,0.2079,0,0
CUST007013,0.4343,0,0
CUST035945,0.887,1,0
CUST022015,0.1047,0,0
CUST017928,0.1419,0,0
CUST009750,0.2033,0,0
CUST017367,0.1498,0,0
CUST010324,0.1294,0,0
CUST031188,0.5365,1,0
CUST003709,0.4398,0,0
CUST038654,0.041,0,0
CUST025374,0.0461,0,0
CUST017503,0.088,0,0
CUST043059,0.094,0,0
CUST032789,0.8659,1,1
CUST032127,0.0687,0,0
CUST011476,0.0844,0,0
CUST010851,0.0442,0,0
CUST003224,0.0713,0,0
CUST008860,0.1771,0,0
CUST015087,0.0859,0,0
CUST006928,0.1069,0,0
CUST022673,0.0512,0,0
CUST046861,0.1652,0,0
CUST038517,0.702,1,1
CUST027463,0.0715,0,0
CUST001496,0.1024,0,0
CUST012317,0.9125,1,0
CUST009881,0.9006,1,0
CUST034813,0.5865,1,0
CUST039334,0.1167,0,0
CUST049774,0.8913,1,1
CUST006467,0.2819,0,0
CUST045606,0.0675,0,0
CUST019514,0.1486,0,0
CUST014005,0.0862,0,0
CUST002250,0.094,0,0
CUST025278,0.0858,0,0
CUST017300,0.1576,0,0
CUST003661,0.3672,0,0
CUST010754,0.4345,0,0
CUST006628,0.1227,0,0
CUST019964,0.0848,0,0
CUST032378,0.1014,0,0
CUST025868,0.3287,0,0
CUST011273,0.0675,0,0
CUST037833,0.0599,0,0
CUST039553,0.8991,1,1
CUST041557,0.1297,0,0
CUST048156,0.1467,0,0
CUST044353,0.0717,0,0
CUST014780,0.0509,0,0
CUST026937,0.852,1,1
CUST019615,0.0743,0,0
CUST029164,0.6487,1,0
CUST001045,0.1755,0,0
CUST029850,0.2295,0,0
CUST042137,0.1889,0,0
CUST048204,0.2413,0,0
CUST048181,0.9247,1,0
CUST011149,0.6143,1,0
CUST028655,0.1284,0,0
CUST016529,0.1089,0,0
CUST004734,0.8307,1,1
CUST012844,0.0693,0,0
CUST018620,0.5585,1,0
CUST046400,0.0753,0,0
CUST047209,0.0592,0,0
CUST005865,0.0662,0,0
CUST012136,0.8991,1,0
CUST049626,0.0713,0,0
CUST027596,0.8561,1,0
CUST039756,0.1814,0,0
CUST035128,0.1419,0,0
CUST026167,0.1296,0,0
CUST009660,0.1057,0,0
CUST048283,0.1713,0,0
CUST031920,0.3036,0,0
CUST034034,0.0576,0,0
CUST020109,0.4308,0,0
CUST037025,0.18,0,0
CUST018527,0.0838,0,0
CUST039837,0.719,1,0
CUST040729,0.0856,0,0
CUST044691,0.0512,0,0
CUST016976,0.0684,0,0
CUST036092,0.0675,0,0
CUST041440,0.054,0,0
CUST027170,0.0616,0,0
CUST022030,0.0694,0,0
CUST001661,0.6381,1,0
CUST020697,0.0551,0,0
CUST001667,0.3618,0,0
CUST048848,0.8974,1,0
CUST042519,0.8502,1,0
CUST025929,0.4568,0,0
CUST031234,0.5788,1,0
CUST010437,0.0442,0,0
CUST025506,0.2079,0,0
CUST032197,0.0675,0,0
CUST041706,0.1253,0,0
CUST024294,0.7007,1,0
CUST013229,0.105,0,0
CUST043862,0.1656,0,0
CUST011968,0.0889,0,0
CUST004191,0.183,0,0
CUST017853,0.0416,0,0
CUST008170,0.4109,0,0
CUST034794,0.0705,0,0
CUST003972,0.0676,0,0
CUST027797,0.0741,0,0
CUST044214,0.0552,0,0
CUST022196,0.852,1,0
CUST044775,0.0941,0,0
CUST005671,0.1305,0,0
CUST000836,0.3064,0,0
CUST025258,0.2908,0,0
CUST000218,0.254,0,0
CUST033527,0.1088,0,0
CUST011159,0.0826,0,0
CUST026967,0.0675,0,0
CUST025428,0.4922,0,0
CUST038493,0.0635,0,0
CUST015588,0.7944,1,0
CUST047465,0.1801,0,0
CUST014789,0.7837,1,0
CUST037686,0.1337,0,0
CUST027532,0.8385,1,0
CUST002121,0.1448,0,0
CUST046736,0.0459,0,0
CUST015715,0.0596,0,0
CUST022279,0.0753,0,0
CUST032564,0.1124,0,0
CUST036453,0.0385,0,0
CUST032759,0.132,0,0
CUST011376,0.0662,0,0
CUST036238,0.5963,1,0
CUST007499,0.4751,0,0
CUST011222,0.2873,0,0
CUST041453,0.0824,0,0
CUST000487,0.8415,1,0
CUST038033,0.0709,0,0
CUST041550,0.433,0,0
CUST012638,0.0933,0,0
CUST041630,0.0676,0,0
CUST010262,0.1189,0,0
CUST023192,0.0559,0,0
CUST036942,0.0384,0,0
CUST045713,0.8334,1,0
CUST008436,0.0774,0,0
CUST024964,0.3985,0,0
CUST016541,0.1756,0,0
CUST010810,0.0871,0,0
CUST008645,0.1488,0,0
CUST003330,0.0808,0,0
CUST042124,0.2522,0,0
CUST017228,0.0474,0,0
CUST030890,0.0675,0,0
CUST040332,0.0761,0,0
CUST026486,0.0753,0,0
CUST019450,0.069,0,0
CUST026296,0.0675,0,0
CUST028266,0.724,1,0
CUST009128,0.5063,1,0
CUST025004,0.6047,1,0
CUST011033,0.321,0,0
CUST042854,0.0779,0,0
CUST041284,0.0868,0,0
CUST042583,0.1346,0,0
CUST038902,0.752,1,0
CUST008079,0.7904,1,0
CUST042875,0.433,0,0
CUST015430,0.0736,0,0
CUST016800,0.0918,0,0
CUST035629,0.385,0,0
CUST018168,0.4897,0,0
CUST002327,0.0391,0,0
CUST046571,0.0578,0,0
CUST048158,0.8991,1,0
CUST026910,0.1119,0,0
CUST035463,0.0351,0,0
CUST035048,0.1102,0,0
CUST006261,0.13,0,0
CUST030417,0.1313,0,0
CUST008763,0.086,0,0
CUST049515,0.3166,0,0
CUST042508,0.1122,0,0
CUST033479,0.6626,1,0
CUST026202,0.0951,0,0
CUST010099,0.105,0,0
CUST002099,0.0649,0,0
CUST045233,0.8164,1,0
CUST009549,0.0538,0,0
CUST015440,0.0899,0,0
CUST017020,0.1053,0,0
CUST031162,0.109,0,0
CUST001833,0.042,0,0
CUST016273,0.2102,0,0
CUST033022,0.2565,0,0
CUST045487,0.1719,0,0
CUST026192,0.0769,0,0
CUST003716,0.0698,0,0
CUST035560,0.0575,0,0
CUST041048,0.0492,0,0
CUST046243,0.218,0,0
CUST048992,0.3081,0,0
CUST015280,0.1157,0,0
CUST044473,0.0685,0,0
CUST026231,0.0534,0,0
CUST048138,0.0525,0,0
CUST035143,0.086,0,0
CUST000854,0.8788,1,1
CUST025548,0.0453,0,0
CUST001442,0.1947,0,0
CUST031090,0.7525,1,0
CUST029847,0.0995,0,0
CUST042226,0.4889,0,0
CUST041250,0.1233,0,0
CUST001339,0.7845,1,0
CUST006767,0.8018,1,0
CUST033905,0.0985,0,0
CUST001673,0.0821,0,0
CUST025980,0.2631,0,0
CUST009832,0.4214,0,0
CUST020411,0.0973,0,0
CUST031998,0.0614,0,0
CUST039123,0.2683,0,0
CUST045149,0.13,0,0
CUST035700,0.0641,0,0
CUST019538,0.0613,0,0
CUST024789,0.0838,0,0
CUST042473,0.0708,0,0
CUST030694,0.0583,0,0
CUST000328,0.3589,0,0
CUST031282,0.1013,0,0
CUST021470,0.8326,1,0
CUST044455,0.0756,0,0
CUST005654,0.1308,0,0
CUST012641,0.0792,0,0
CUST040986,0.0843,0,0
CUST029943,0.1354,0,0
CUST029837,0.7985,1,0
CUST040392,0.0493,0,0
CUST022400,0.581,1,0
CUST015549,0.8991,1,0
CUST035161,0.0618,0,0
CUST006169,0.0691,0,0
CUST027688,0.1144,0,0
CUST018517,0.1672,0,0
CUST046801,0.0566,0,0
CUST032805,0.8639,1,0
CUST009351,0.1706,0,0
CUST000725,0.0414,0,0
CUST011533,0.0945,0,0
CUST038865,0.1822,0,0
CUST043601,0.6108,1,0
CUST011663,0.2512,0,0
CUST007881,0.0734,0,0
CUST004950,0.0534,0,0
CUST025935,0.6047,1,0
CUST045007,0.1139,0,0
CUST035912,0.2624,0,0
CUST030577,0.6481,1,0
CUST014857,0.6824,1,0
CUST048180,0.8877,1,0
CUST017004,0.1445,0,0
CUST003852,0.2721,0,0
CUST040446,0.5117,1,0
CUST039551,0.8352,1,1
CUST046920,0.7249,1,0
CUST032493,0.0776,0,0
CUST040809,0.0469,0,0
CUST009434,0.0674,0,0
CUST030498,0.6153,1,0
CUST035567,0.3249,0,0
CUST048662,0.0703,0,0
CUST047409,0.2244,0,0
CUST027440,0.6065,1,0
CUST046748,0.0884,0,0
CUST040846,0.2524,0,0
CUST031841,0.2245,0,0
CUST030651,0.0952,0,0
CUST044278,0.0495,0,0
CUST049346,0.6372,1,0
CUST000292,0.6442,1,0
CUST038044,0.5154,1,0
CUST007172,0.8052,1,0
CUST043114,0.0926,0,0
CUST043140,0.3928,0,0
CUST024628,0.8019,1,0
CUST041625,0.0539,0,0
CUST035843,0.0659,0,0
CUST038088,0.7589,1,0
CUST020362,0.1915,0,0
CUST034285,0.089,0,0
CUST022050,0.0365,0,0
CUST004660,0.1447,0,0
CUST036784,0.6836,1,0
CUST036377,0.4572,0,0
CUST006582,0.0675,0,0
CUST025759,0.1016,0,0
CUST000524,0.6765,1,0
CUST007884,0.0812,0,0
CUST013374,0.0458,0,0
CUST017331,0.082,0,0
CUST022819,0.1196,0,0
CUST044573,0.099,0,0
CUST032445,0.0903,0,0
CUST005115,0.066,0,0
CUST009091,0.6413,1,0
CUST043815,0.14,0,0
CUST009157,0.0355,0,0
CUST036606,0.1699,0,0
CUST033880,0.2171,0,0
CUST032371,0.0557,0,0
CUST002045,0.0507,0,0
CUST016650,0.0927,0,0
CUST036348,0.2096,0,0
CUST033746,0.2361,0,0
CUST024308,0.0675,0,0
CUST028852,0.0914,0,0
CUST005626,0.7749,1,0
CUST002763,0.0615,0,0
CUST037704,0.4543,0,0
CUST023172,0.0565,0,0
CUST023849,0.1394,0,0
CUST025856,0.061,0,0
CUST027209,0.0785,0,0
CUST027613,0.2076,0,0
CUST014697,0.1367,0,0
CUST009558,0.1709,0,0
CUST000045,0.1132,0,0
CUST024780,0.6622,1,1
CUST038619,0.0753,0,0
CUST023515,0.1346,0,0
CUST017623,0.0426,0,0
CUST008232,0.8951,1,0
CUST002475,0.7864,1,0
CUST048164,0.0673,0,0
CUST011431,0.6833,1,0
CUST005570,0.2734,0,0
CUST026536,0.6716,1,0
CUST039222,0.6005,1,0
CUST035334,0.0599,0,0
CUST034745,0.0778,0,0
CUST031458,0.061,0,0
CUST020688,0.098,0,0
CUST024246,0.6775,1,0
CUST044372,0.6258,1,0
CUST044317,0.0494,0,0
CUST027301,0.4617,0,0
CUST022297,0.0908,0,0
CUST022140,0.3827,0,0
CUST034041,0.0879,0,0
CUST022880,0.089,0,0
CUST029747,0.2789,0,0
CUST014213,0.0738,0,0
CUST006279,0.0985,0,0
CUST023118,0.3435,0,0
CUST005474,0.0931,0,0
CUST035947,0.5628,1,0
CUST019339,0.7253,1,0
CUST034143,0.1661,0,0
CUST015152,0.1314,0,0
CUST018646,0.1436,0,0
CUST041882,0.0444,0,0
CUST016597,0.7599,1,0
CUST043453,0.4792,0,0
CUST019947,0.3645,0,0
CUST022130,0.2916,0,0
CUST027802,0.1103,0,0
CUST047583,0.0431,0,0
CUST031635,0.3744,0,0
CUST003430,0.096,0,0
CUST019116,0.3721,0,0
CUST001171,0.0688,0,0
CUST023861,0.6351,1,0
CUST010340,0.0838,0,0
CUST001511,0.099,0,0
CUST017456,0.5863,1,0
CUST006069,0.1451,0,0
CUST018668,0.8626,1,0
CUST009734,0.0675,0,0
CUST002865,0.4662,0,0
CUST001116,0.1105,0,0
CUST041808,0.4773,0,0
CUST008661,0.168,0,0
CUST030389,0.1082,0,0
CUST021506,0.1043,0,0
CUST023292,0.8494,1,0
CUST029804,0.513,1,0
CUST042237,0.1943,0,0
CUST032373,0.1184,0,0
CUST011809,0.0665,0,0
CUST009892,0.0542,0,0
CUST014950,0.0726,0,0
CUST029504,0.8133,1,0
CUST018441,0.1103,0,0
CUST033169,0.3878,0,0
CUST007898,0.4104,0,0
CUST010164,0.0704,0,0
CUST028057,0.4776,0,0
CUST026441,0.1762,0,0
CUST046219,0.3403,0,0
CUST031123,0.1893,0,0
CUST011699,0.0501,0,0
CUST048653,0.0448,0,0
CUST046867,0.0634,0,0
CUST027214,0.852,1,0
CUST044912,0.0597,0,0
CUST049199,0.6487,1,0
CUST035074,0.3051,0,0
CUST036882,0.1029,0,0
CUST027349,0.055,0,0
CUST017274,0.091,0,0
CUST042844,0.2168,0,0
CUST040737,0.0521,0,0
CUST044047,0.6348,1,0
CUST001685,0.0512,0,0
CUST019910,0.0697,0,0
CUST022578,0.1854,0,0
CUST004413,0.7292,1,0
CUST025222,0.3239,0,0
CUST039741,0.0424,0,0
CUST037967,0.0675,0,0
CUST045772,0.0926,0,0
CUST049019,0.0933,0,0
CUST014491,0.062,0,0
CUST032057,0.0737,0,0
CUST013336,0.1035,0,0
CUST018796,0.0772,0,0
CUST031366,0.0602,0,0
CUST014232,0.8974,1,1
CUST047343,0.1815,0,0
CUST009743,0.0557,0,0
CUST016776,0.2886,0,0
CUST036313,0.1007,0,0
CUST011448,0.1345,0,0
CUST000079,0.1064,0,0
CUST041723,0.4092,0,0
CUST036290,0.1047,0,0
CUST044405,0.7839,1,1
CUST015044,0.1465,0,0
CUST018188,0.1229,0,0
CUST021746,0.7207,1,0
CUST023122,0.0477,0,0
CUST033682,0.2033,0,0
CUST044084,0.0914,0,0
CUST020378,0.0606,0,0
CUST021431,0.1599,0,0
CUST039087,0.0702,0,0
CUST032523,0.0516,0,0
CUST018723,0.1578,0,0
CUST036626,0.1272,0,0
CUST040371,0.0902,0,0
CUST042438,0.0675,0,0
CUST009533,0.0592,0,0
CUST014109,0.0673,0,0
CUST035906,0.1188,0,0
CUST048311,0.5652,1,0
CUST013496,0.5183,1,0
CUST042191,0.0819,0,0
CUST026610,0.3109,0,0
CUST033847,0.043,0,0
CUST046149,0.0719,0,0
CUST039386,0.6331,1,0
CUST020139,0.0557,0,0
CUST030010,0.095,0,0
CUST030764,0.7243,1,0
CUST039639,0.0855,0,0
CUST019844,0.1196,0,0
CUST040053,0.0552,0,0
CUST011531,0.117,0,0
CUST028176,0.2065,0,0
CUST019941,0.0464,0,0
CUST024392,0.2143,0,0
CUST041778,0.3645,0,0
CUST031265,0.8419,1,0
CUST014223,0.1673,0,0
CUST009431,0.0751,0,0
CUST047942,0.0578,0,0
CUST029951,0.1074,0,0
CUST044272,0.0889,0,0
CUST003649,0.4385,0,0
CUST048892,0.5716,1,0
CUST044159,0.0433,0,0
CUST008211,0.138,0,0
CUST039930,0.2892,0,0
CUST030270,0.0841,0,0
CUST035757,0.8991,1,0
CUST033741,0.0865,0,0
CUST049319,0.2726,0,0
CUST004804,0.0605,0,0
CUST009259,0.2214,0,0
CUST019547,0.2418,0,0
CUST025253,0.1417,0,0
CUST018639,0.048,0,0
CUST008054,0.1922,0,0
CUST003420,0.8997,1,1
CUST030083,0.1522,0,0
CUST034955,0.087,0,0
CUST026112,0.0753,0,0
CUST002393,0.8726,1,0
CUST009664,0.0523,0,0
CUST021070,0.8852,1,0
CUST027291,0.857,1,0
CUST015861,0.2888,0,0
CUST002034,0.7498,1,0
CUST049378,0.3741,0,0
CUST009287,0.1469,0,0
CUST037610,0.053,0,0
CUST014835,0.8393,1,0
CUST013212,0.2268,0,0
CUST008397,0.1434,0,0
CUST043738,0.1664,0,0
CUST000895,0.0882,0,0
CUST003301,0.1106,0,0
CUST013433,0.0978,0,0
CUST005845,0.1126,0,0
CUST047122,0.4795,0,0
CUST021544,0.1136,0,0
CUST042005,0.0396,0,0
CUST029294,0.5388,1,0
CUST043231,0.1231,0,0
CUST004118,0.8879,1,0
CUST005647,0.1846,0,0
CUST034713,0.351,0,0
CUST039322,0.1264,0,0
CUST004768,0.0432,0,0
CUST003478,0.8591,1,0
CUST004982,0.3547,0,0
CUST020546,0.1312,0,0
CUST041261,0.1283,0,0
CUST022447,0.0969,0,0
CUST026175,0.0449,0,0
CUST049920,0.0499,0,0
CUST036742,0.3832,0,0
CUST030782,0.1691,0,0
CUST037407,0.0564,0,0
CUST021053,0.1765,0,0
CUST022308,0.3398,0,0
CUST012129,0.1041,0,0
CUST002380,0.2417,0,0
CUST039085,0.0713,0,0
CUST029547,0.0378,0,0
CUST008412,0.1434,0,0
CUST018503,0.2772,0,0
CUST003790,0.0616,0,0
CUST018891,0.4795,0,0
CUST049251,0.2219,0,0
CUST037453,0.6249,1,0
CUST044449,0.1612,0,0
CUST031645,0.2212,0,0
CUST043295,0.094,0,0
CUST004300,0.2798,0,0
CUST002752,0.3666,0,0
CUST027497,0.1484,0,0
CUST015945,0.2103,0,0
CUST005369,0.0665,0,0
CUST024438,0.6405,1,0
CUST028090,0.4494,0,0
CUST008898,0.0898,0,0
CUST027275,0.4932,0,0
CUST033717,0.1991,0,0
CUST034367,0.2597,0,0
CUST030431,0.9257,1,0
CUST011650,0.0772,0,0
CUST007028,0.6725,1,0
CUST028477,0.8626,1,1
CUST048958,0.0582,0,0
CUST029884,0.537,1,0
CUST044211,0.1929,0,0
CUST045056,0.4527,0,0
CUST014941,0.0778,0,0
CUST040427,0.3672,0,0
CUST005336,0.1459,0,0
CUST029522,0.1066,0,0
CUST010006,0.2735,0,0
CUST004181,0.1007,0,0
CUST040358,0.7651,1,0
CUST029376,0.2602,0,0
CUST023776,0.0374,0,0
CUST044261,0.9006,1,0
CUST026871,0.2413,0,0
CUST038821,0.0683,0,0
CUST026273,0.2484,0,0
CUST044252,0.057,0,0
CUST007447,0.0644,0,0
CUST014173,0.0476,0,0
CUST030470,0.8708,1,0
CUST032401,0.0676,0,0
CUST029947,0.0398,0,0
CUST028259,0.0619,0,0
CUST023632,0.0775,0,0
CUST030592,0.4553,0,0
CUST041687,0.2423,0,0
CUST046959,0.0486,0,0
CUST011217,0.8363,1,0
CUST019048,0.0795,0,0
CUST023913,0.6644,1,0
CUST049035,0.1253,0,0
CUST007402,0.2131,0,0
CUST010997,0.1652,0,0
CUST028220,0.8626,1,0
CUST045872,0.3106,0,0
CUST024419,0.0339,0,0
CUST027019,0.0856,0,0
CUST038861,0.0918,0,0
CUST017722,0.0517,0,0
CUST005822,0.5892,1,0
CUST049261,0.3721,0,0
CUST023251,0.575,1,0
CUST015513,0.215,0,0
CUST034867,0.0783,0,0
CUST028810,0.0569,0,0
CUST019030,0.1781,0,0
CUST049381,0.2781,0,0
CUST046724,0.0843,0,0
CUST002622,0.1083,0,0
CUST049587,0.1814,0,0
CUST015306,0.0838,0,0
CUST014181,0.8414,1,0
CUST046395,0.9022,1,1
CUST046134,0.8726,1,0
CUST044929,0.1352,0,0
CUST012460,0.046,0,0
CUST026533,0.077,0,0
CUST021074,0.0789,0,0
CUST015089,0.1139,0,0
CUST023366,0.6129,1,1
CUST028411,0.7408,1,0
CUST031058,0.082,0,0
CUST037670,0.2539,0,0
CUST001100,0.1851,0,0
CUST024109,0.0662,0,0
CUST036837,0.1575,0,0
CUST040276,0.8991,1,0
CUST040261,0.0395,0,0
CUST043279,0.0573,0,0
CUST041246,0.0971,0,0
CUST041123,0.2631,0,0
CUST015083,0.0583,0,0
CUST010861,0.5779,1,0
CUST047331,0.5035,1,0
CUST016910,0.7789,1,0
CUST005636,0.1112,0,0
CUST035494,0.0973,0,0
CUST036253,0.0989,0,0
CUST013987,0.1082,0,0
CUST049952,0.1616,0,0
CUST046139,0.8545,1,0
CUST023840,0.8713,1,0
CUST047294,0.1165,0,0
CUST017355,0.0785,0,0
CUST043268,0.1073,0,0
CUST008106,0.2605,0,0
CUST049924,0.7675,1,0
CUST045421,0.8202,1,0
CUST001455,0.8991,1,1
CUST012028,0.5472,1,1
CUST005645,0.4159,0,0
CUST027658,0.0469,0,0
CUST005480,0.0545,0,0
CUST033853,0.9005,1,0
CUST035961,0.4348,0,0
CUST043567,0.5991,1,0
CUST012376,0.6143,1,0
CUST004893,0.1101,0,0
CUST010415,0.6242,1,0
CUST039924,0.1527,0,0
CUST015640,0.0855,0,0
CUST021010,0.1078,0,0
CUST014946,0.1161,0,0
CUST029580,0.3365,0,1
CUST004832,0.1774,0,0
CUST004467,0.0459,0,0
CUST043362,0.399,0,0
CUST044602,0.0826,0,0
CUST042430,0.6207,1,0
CUST032015,0.0912,0,0
CUST028887,0.1099,0,0
CUST037149,0.852,1,0
CUST047851,0.7839,1,0
CUST003360,0.1564,0,0
CUST008264,0.3581,0,0
CUST038791,0.9025,1,0
CUST013490,0.4532,0,0
CUST036586,0.1329,0,0
CUST005705,0.2494,0,0
CUST020865,0.1444,0,0
CUST004205,0.5381,1,0
CUST028995,0.0464,0,0
CUST030343,0.0439,0,0
CUST043408,0.5146,1,0
CUST048401,0.2187,0,0
CUST048684,0.5328,1,0
CUST038166,0.5775,1,0
CUST028388,0.2766,0,0
CUST016813,0.9006,1,1
CUST035227,0.0666,0,0
CUST036417,0.1453,0,0
CUST043308,0.1503,0,0
CUST014488,0.0877,0,0
CUST005873,0.0783,0,0
CUST028575,0.3409,0,0
CUST049624,0.2562,0,0
CUST003850,0.9294,1,1
CUST044917,0.0706,0,0
CUST020715,0.0805,0,0
CUST008945,0.0756,0,0
CUST043126,0.0929,0,0
CUST048249,0.0504,0,0
CUST032650,0.1124,0,0
CUST028310,0.261,0,0
CUST028377,0.1277,0,0
CUST015654,0.0619,0,0
CUST024353,0.224,0,0
CUST009912,0.3894,0,0
CUST008131,0.2271,0,0
CUST049867,0.3406,0,0
CUST029720,0.1244,0,0
CUST016962,0.4,0,0
CUST014553,0.737,1,1
CUST049190,0.6678,1,0
CUST042368,0.4425,0,0
CUST018638,0.0642,0,0
CUST022862,0.2168,0,0
CUST026021,0.0748,0,0
CUST034891,0.8991,1,0
CUST049732,0.0397,0,0
CUST043399,0.0879,0,0
CUST019549,0.0535,0,0
CUST009469,0.594,1,0
CUST038606,0.0889,0,0
CUST038676,0.1752,0,0
CUST049271,0.1884,0,0
CUST016005,0.3879,0,0
CUST008175,0.061,0,0
CUST020187,0.3234,0,0
CUST041523,0.3981,0,0
CUST033761,0.0497,0,0
CUST008329,0.0986,0,0
CUST030473,0.5617,1,0
CUST039932,0.806,1,0
CUST014247,0.8783,1,0
CUST024500,0.2345,0,0
CUST009645,0.1707,0,0
CUST002848,0.0675,0,0
CUST034739,0.0998,0,0
CUST003711,0.3291,0,0
CUST023955,0.1867,0,0
CUST018797,0.2486,0,0
CUST010529,0.7383,1,0
CUST034642,0.0598,0,0
CUST041153,0.2401,0,0
CUST006550,0.1683,0,0
CUST015193,0.8648,1,0
CUST040339,0.852,1,0
CUST041609,0.4111,0,0
CUST043997,0.3087,0,0
CUST029595,0.1022,0,0
CUST025088,0.1092,0,0
CUST012131,0.0673,0,0
CUST008984,0.0643,0,0
CUST023794,0.1659,0,0
CUST020911,0.2348,0,0
CUST001285,0.0545,0,0
CUST012786,0.6095,1,1
CUST009359,0.8991,1,0
CUST030845,0.0595,0,0
CUST015073,0.1112,0,0
CUST029801,0.0637,0,0
CUST021128,0.6886,1,0
CUST023619,0.0714,0,0
CUST002950,0.1012,0,0
CUST030163,0.0513,0,0
CUST047847,0.1914,0,0
CUST018749,0.0717,0,0
CUST039360,0.5725,1,0
CUST031159,0.0359,0,0
CUST014972,0.8894,1,0
CUST017749,0.369,0,0
CUST040911,0.2694,0,0
CUST039429,0.0631,0,0
CUST043167,0.4046,0,0
CUST008624,0.261,0,0
CUST044324,0.2795,0,0
CUST011411,0.792,1,0
CUST036108,0.0731,0,0
CUST027486,0.7523,1,0
CUST027080,0.1477,0,0
CUST044612,0.1056,0,0
CUST029213,0.4366,0,0
CUST019898,0.0675,0,0
CUST031865,0.8072,1,0
CUST018211,0.0425,0,0
CUST020560,0.0966,0,0
CUST016002,0.7363,1,0
CUST027810,0.1007,0,0
CUST006884,0.0699,0,0
CUST048361,0.1719,0,0
CUST046641,0.3748,0,0
CUST038847,0.1546,0,0
CUST025272,0.4664,0,0
CUST034916,0.9283,1,1
CUST023312,0.5671,1,0
CUST038904,0.8064,1,0
CUST034431,0.2452,0,0
CUST049030,0.8202,1,0
CUST015505,0.1297,0,0
CUST025025,0.1594,0,0
CUST011194,0.0664,0,0
CUST011775,0.0525,0,0
CUST032119,0.0716,0,0
CUST016696,0.1959,0,0
CUST001293,0.0915,0,0
CUST048697,0.129,0,0
CUST036700,0.5233,1,0
CUST021956,0.7711,1,0
CUST041117,0.5716,1,0
CUST047332,0.1835,0,0
CUST033239,0.2255,0,0
CUST023950,0.0897,0,0
CUST049876,0.0385,0,0
CUST038716,0.8974,1,0
CUST018927,0.1392,0,0
CUST010168,0.0539,0,0
CUST011133,0.7952,1,0
CUST021388,0.245,0,0
CUST031677,0.1012,0,0
CUST034028,0.426,0,0
CUST022403,0.1501,0,0
CUST033130,0.0767,0,0
CUST014908,0.3321,0,0
CUST020279,0.1099,0,0
CUST031432,0.3443,0,0
CUST037526,0.6037,1,0
CUST030983,0.0519,0,0
CUST016161,0.0734,0,0
CUST025027,0.0797,0,0
CUST031401,0.0727,0,0
CUST023450,0.0719,0,0
CUST030117,0.4412,0,0
CUST042353,0.0619,0,0
CUST004031,0.1844,0,0
CUST011205,0.6481,1,0
CUST017083,0.0943,0,0
CUST028877,0.2953,0,0
CUST042775,0.0735,0,0
CUST049109,0.1063,0,0
CUST049779,0.0831,0,0
CUST028710,0.057,0,0
CUST026685,0.6656,1,0
CUST011090,0.7782,1,0
CUST004179,0.3371,0,0
CUST037970,0.1556,0,0
CUST004360,0.341,0,0
CUST017407,0.2442,0,0
CUST043491,0.0502,0,0
CUST027027,0.0679,0,0
CUST039220,0.1395,0,0
CUST028782,0.0977,0,0
CUST021495,0.1353,0,0
CUST019625,0.1279,0,0
CUST026644,0.0611,0,0
CUST044216,0.1114,0,0
CUST046699,0.6645,1,0
CUST030939,0.1637,0,0
CUST030926,0.1402,0,0
CUST015696,0.1216,0,0
CUST028767,0.0548,0,0
CUST029120,0.419,0,0
CUST049526,0.1017,0,0
CUST043779,0.0823,0,0
CUST021047,0.8652,1,0
CUST040858,0.0936,0,0
CUST020332,0.8502,1,0
CUST016784,0.2976,0,0
CUST027727,0.0379,0,0
CUST003132,0.1768,0,0
CUST006543,0.0884,0,0
CUST039993,0.1275,0,0
CUST019589,0.118,0,0
CUST002153,0.454,0,0
CUST016316,0.0798,0,0
CUST028478,0.0465,0,0
CUST041561,0.4558,0,0
CUST037145,0.0884,0,0
CUST024234,0.0987,0,0
CUST022489,0.0559,0,0
CUST019206,0.368,0,0
CUST040164,0.3617,0,0
CUST009426,0.0573,0,0
CUST039511,0.0788,0,0
CUST006389,0.0802,0,0
CUST034842,0.0935,0,0
CUST035210,0.0723,0,0
CUST000512,0.8325,1,1
CUST031867,0.079,0,0
CUST046516,0.0668,0,0
CUST024713,0.1352,0,0
CUST033259,0.065,0,0
CUST006814,0.8398,1,0
CUST027037,0.1741,0,0
CUST033074,0.1704,0,0
CUST002828,0.1029,0,0
CUST000067,0.8894,1,1
CUST019070,0.0692,0,0
CUST006686,0.0919,0,0
CUST044218,0.1305,0,0
CUST039545,0.4814,0,0
CUST003260,0.2728,0,0
CUST029303,0.2424,0,0
CUST017998,0.0419,0,0
CUST015713,0.4018,0,0
CUST026377,0.1196,0,0
CUST026773,0.0852,0,0
CUST005241,0.6265,1,1
CUST003874,0.6646,1,0
CUST004775,0.069,0,0
CUST044180,0.065,0,0
CUST034489,0.1568,0,0
CUST014342,0.1011,0,0
CUST015716,0.1133,0,0
CUST025016,0.098,0,0
CUST029717,0.0713,0,0
CUST000500,0.7484,1,0
CUST022543,0.8814,1,0
CUST000595,0.1871,0,0
CUST034085,0.0522,0,0
CUST032047,0.0921,0,0
CUST017746,0.1942,0,0
CUST042930,0.1098,0,0
CUST009653,0.0961,0,0
CUST022413,0.2345,0,0
CUST029047,0.1015,0,0
CUST015728,0.0601,0,0
CUST038245,0.1816,0,0
CUST030710,0.8013,1,0
CUST027984,0.8688,1,1
CUST027531,0.7906,1,0
CUST028634,0.2977,0,0
CUST008883,0.8717,1,0
CUST015214,0.3183,0,0
CUST003791,0.0365,0,0
CUST023729,0.1047,0,0
CUST014224,0.5895,1,0
CUST037143,0.4702,0,0
CUST000060,0.0636,0,0
CUST021483,0.1881,0,0
CUST046805,0.3134,0,0
CUST012053,0.2755,0,1
CUST020250,0.0687,0,0
CUST019161,0.0626,0,0
CUST049021,0.0419,0,0
CUST030114,0.1379,0,0
CUST047188,0.0947,0,0
CUST034962,0.8974,1,0
CUST037508,0.3464,0,0
CUST029767,0.0902,0,0
CUST026032,0.1213,0,0
CUST029065,0.0675,0,0
CUST009965,0.6046,1,0
CUST009617,0.1424,0,0
CUST033090,0.7892,1,0
CUST022262,0.0713,0,0
CUST026802,0.3197,0,0
CUST029783,0.2133,0,0
CUST037001,0.8991,1,1
CUST006375,0.0472,0,0
CUST039975,0.2503,0,0
CUST016317,0.041,0,0
CUST007701,0.5647,1,0
CUST015579,0.5787,1,0
CUST002389,0.0407,0,0
CUST004033,0.0851,0,0
CUST040375,0.735,1,0
CUST025973,0.2484,0,0
CUST019278,0.0907,0,0
CUST040816,0.0532,0,0
CUST017157,0.0463,0,0
CUST003677,0.1618,0,0
CUST038877,0.2485,0,0
CUST044788,0.133,0,0
CUST047503,0.172,0,0
CUST017096,0.1148,0,0
CUST036888,0.3111,0,0
CUST029992,0.1356,0,0
CUST019993,0.1399,0,0
CUST027904,0.0675,0,0
CUST013392,0.0503,0,0
CUST010016,0.4061,0,0
CUST039829,0.121,0,0
CUST003395,0.1562,0,0
CUST047288,0.425,0,0
CUST017244,0.0546,0,0
CUST038242,0.1029,0,0
CUST045815,0.0779,0,0
CUST034050,0.0975,0,0
CUST020713,0.2813,0,0
CUST005222,0.0805,0,0
CUST004655,0.0488,0,0
CUST025747,0.0958,0,0
CUST014548,0.0901,0,0
CUST014610,0.8146,1,0
CUST049685,0.0663,0,0
CUST008517,0.3462,0,0
CUST041452,0.2127,0,0
CUST037541,0.2143,0,0
CUST003829,0.0754,0,0
CUST031864,0.0753,0,0
CUST049902,0.0902,0,0
CUST017783,0.0516,0,0
CUST014419,0.1758,0,0
CUST028676,0.0919,0,0
CUST049483,0.0682,0,0
CUST012193,0.5497,1,0
CUST036027,0.2144,0,0
CUST033060,0.07,0,0
CUST039480,0.0553,0,0
CUST038699,0.098,0,0
CUST040165,0.5221,1,0
CUST000120,0.0801,0,0
CUST017507,0.4692,0,0
CUST008136,0.3195,0,0
CUST027021,0.0537,0,0
CUST018003,0.1116,0,0
CUST010980,0.6351,1,0
CUST042932,0.1113,0,0
CUST031111,0.1685,0,0
CUST045152,0.6237,1,0
CUST045024,0.6634,1,0
CUST044933,0.3124,0,0
CUST025073,0.0645,0,0
CUST014738,0.0535,0,0
CUST001851,0.0801,0,0
CUST005477,0.3454,0,0
CUST022796,0.536,1,0
CUST002411,0.0749,0,0
CUST024232,0.077,0,0
CUST012387,0.4953,0,0
CUST043728,0.5404,1,0
CUST006649,0.07,0,0
CUST022353,0.0912,0,0
CUST025321,0.081,0,0
CUST026008,0.0806,0,0
CUST049806,0.0866,0,0
CUST007388,0.1376,0,0
CUST025585,0.2256,0,0
CUST005641,0.1152,0,0
CUST012597,0.2193,0,0
CUST041979,0.0539,0,0
CUST006770,0.8974,1,0
CUST004826,0.5117,1,0
CUST012155,0.0748,0,0
CUST043385,0.0938,0,0
CUST013313,0.1492,0,0
CUST020258,0.513,1,0
CUST010852,0.0752,0,0
CUST012901,0.0662,0,0
CUST041176,0.0719,0,0
CUST026741,0.0771,0,0
CUST006824,0.0957,0,0
CUST036162,0.0806,0,0
CUST008607,0.5855,1,0
CUST015286,0.0431,0,0
CUST006040,0.1316,0,0
CUST041858,0.1445,0,0
CUST024956,0.2166,0,0
CUST013451,0.8421,1,1
CUST014943,0.0708,0,0
CUST000302,0.0625,0,0
CUST026116,0.146,0,0
CUST012008,0.2482,0,0
CUST009695,0.234,0,0
CUST009492,0.1481,0,0
CUST021217,0.2555,0,0
CUST013916,0.1003,0,0
CUST024793,0.1881,0,0
CUST016795,0.0504,0,0
CUST028203,0.0613,0,0
CUST007005,0.1053,0,0
CUST048232,0.0561,0,0
CUST001439,0.1107,0,0
CUST035891,0.0513,0,0
CUST013119,0.2202,0,0
CUST003386,0.668,1,0
CUST015706,0.1599,0,0
CUST014048,0.077,0,0
CUST012794,0.0831,0,0
CUST018593,0.1931,0,0
CUST046557,0.0727,0,0
CUST039038,0.3355,0,0
CUST019521,0.1407,0,0
CUST021774,0.2768,0,0
CUST045593,0.182,0,0
CUST007108,0.6987,1,1
CUST026992,0.132,0,0
CUST011094,0.1041,0,0
CUST009597,0.57,1,0
CUST009778,0.0675,0,0
CUST000870,0.8677,1,0
CUST046203,0.3158,0,0
CUST004312,0.0685,0,0
CUST045051,0.0727,0,0
CUST001481,0.3916,0,0
CUST022366,0.074,0,0
CUST026708,0.0413,0,0
CUST046546,0.4268,0,0
CUST007147,0.23,0,0
CUST031228,0.0789,0,0
CUST014196,0.1395,0,0
CUST028312,0.8511,1,0
CUST000051,0.2211,0,0
CUST006205,0.0675,0,0
CUST000918,0.1192,0,0
CUST019239,0.9278,1,1
CUST011777,0.7299,1,0
CUST010764,0.8498,1,1
CUST039587,0.1904,0,0
CUST003959,0.1144,0,0
CUST033330,0.0838,0,0
CUST036866,0.0417,0,0
CUST036956,0.0609,0,0
CUST036860,0.1799,0,0
CUST044210,0.0795,0,0
CUST046727,0.0657,0,0
CUST027589,0.5264,1,0
CUST048927,0.108,0,0
CUST031881,0.1033,0,0
CUST031858,0.3703,0,0
CUST009710,0.3914,0,0
CUST039303,0.2406,0,0
CUST020969,0.5912,1,0
CUST043876,0.0613,0,0
CUST043875,0.1229,0,0
CUST035794,0.6718,1,0
CUST037159,0.3605,0,0
CUST030868,0.7796,1,0
CUST048500,0.0626,0,0
CUST038932,0.453,0,0
CUST006514,0.0792,0,0
CUST030420,0.3194,0,0
CUST045778,0.0765,0,0
CUST038961,0.8398,1,0
CUST017239,0.624,1,0
CUST007052,0.1597,0,0
CUST016755,0.0662,0,0
CUST032335,0.7935,1,0
CUST041647,0.6538,1,0
CUST006341,0.1053,0,0
CUST032997,0.0993,0,0
CUST013208,0.8991,1,0
CUST007628,0.6005,1,0
CUST000762,0.4978,0,0
CUST001823,0.1545,0,0
CUST044482,0.2108,0,0
CUST022344,0.089,0,0
CUST029777,0.1205,0,0
CUST027823,0.1013,0,0
CUST019550,0.1783,0,0
CUST023036,0.1648,0,0
CUST020809,0.0778,0,0
CUST034661,0.0465,0,0
CUST008511,0.7432,1,0
CUST033033,0.9259,1,0
CUST001512,0.1069,0,0
CUST032667,0.9006,1,1
CUST020947,0.0969,0,0
CUST005611,0.4375,0,0
CUST021443,0.7392,1,0
CUST001965,0.0402,0,0
CUST048533,0.0398,0,0
CUST018995,0.0432,0,0
CUST047904,0.057,0,0
CUST012019,0.0845,0,0
CUST032596,0.0582,0,0
CUST016615,0.0991,0,0
CUST023052,0.8974,1,0
CUST027322,0.8072,1,0
CUST038985,0.0589,0,0
CUST022129,0.0424,0,0
CUST043179,0.5026,1,0
CUST033983,0.2667,0,0
CUST007830,0.6641,1,0
CUST037184,0.241,0,0
CUST017532,0.7155,1,0
CUST041485,0.0469,0,0
CUST013996,0.0701,0,0
CUST026035,0.0675,0,0
CUST004686,0.1799,0,0
CUST046739,0.1287,0,0
CUST016232,0.248,0,0
CUST007206,0.0572,0,0
CUST031996,0.0696,0,0
CUST017827,0.0425,0,0
CUST029508,0.3734,0,0
CUST049241,0.0724,0,0
CUST005061,0.1097,0,0
CUST049631,0.0551,0,0
CUST027842,0.0629,0,0
CUST016376,0.0675,0,0
CUST007132,0.2122,0,0
CUST046944,0.0781,0,0
CUST020048,0.4612,0,0
CUST025949,0.1719,0,0
CUST014682,0.0719,0,0
CUST046143,0.2388,0,0
CUST026814,0.316,0,0
CUST040434,0.8213,1,1
CUST008294,0.1449,0,0
CUST025683,0.7938,1,0
CUST037978,0.1492,0,0
CUST042726,0.0618,0,0
CUST002942,0.2315,0,0
CUST028093,0.1393,0,0
CUST017280,0.8156,1,0
CUST007173,0.0591,0,0
CUST028944,0.0908,0,0
CUST023780,0.0749,0,0
CUST029605,0.0472,0,0
CUST007555,0.1002,0,0
CUST001600,0.1636,0,0
CUST039150,0.8497,1,0
CUST028479,0.9025,1,0
CUST039750,0.0737,0,0
CUST016465,0.156,0,0
CUST000252,0.3645,0,0
CUST024491,0.1247,0,0
CUST005468,0.1252,0,0
CUST042085,0.0792,0,0
CUST047957,0.0963,0,0
CUST019522,0.8131,1,0
CUST047290,0.139,0,0
CUST036028,0.0805,0,0
CUST014671,0.0747,0,0
CUST006833,0.1058,0,0
CUST022666,0.1295,0,0
CUST036234,0.933,1,1
CUST045982,0.1368,0,0
CUST013314,0.6606,1,0
CUST022778,0.1129,0,0
CUST020702,0.8728,1,0
CUST002750,0.8411,1,0
CUST029890,0.0812,0,0
CUST045455,0.5585,1,0
CUST027266,0.0772,0,0
CUST033151,0.1728,0,0
CUST039067,0.1463,0,0
CUST013050,0.2029,0,0
CUST034481,0.7904,1,0
CUST043901,0.3111,0,0
CUST025790,0.0675,0,0
CUST021768,0.1044,0,0
CUST043991,0.4665,0,0
CUST027633,0.0615,0,0
CUST013456,0.0723,0,0
CUST002802,0.0683,0,0
CUST036470,0.3994,0,0
CUST032076,0.3989,0,0
CUST038605,0.067,0,0
CUST005362,0.3164,0,0
CUST020799,0.0595,0,0
CUST023470,0.7165,1,0
CUST011060,0.116,0,0
CUST047762,0.3676,0,0
CUST034470,0.2293,0,0
CUST017654,0.1721,0,0
CUST010524,0.6386,1,0
CUST021650,0.3138,0,0
CUST006675,0.7736,1,0
CUST027318,0.5852,1,0
CUST036279,0.0616,0,0
CUST047067,0.5963,1,0
CUST018565,0.2185,0,0
CUST003431,0.0542,0,0
CUST047697,0.1489,0,0
CUST013770,0.0497,0,0
CUST024726,0.6979,1,0
CUST019578,0.096,0,0
CUST021568,0.0688,0,0
CUST002854,0.4618,0,0
CUST009424,0.1549,0,0
CUST021188,0.0936,0,0
CUST043833,0.9006,1,1
CUST014959,0.535,1,0
CUST032921,0.4425,0,0
CUST030429,0.8967,1,1
CUST036062,0.0645,0,0
CUST015342,0.0467,0,0
CUST044342,0.0833,0,0
CUST019997,0.2437,0,0
CUST007118,0.5797,1,0
CUST043221,0.0686,0,0
CUST039308,0.1597,0,0
CUST005089,0.0948,0,0
CUST002632,0.2133,0,0
CUST034401,0.0632,0,0
CUST001881,0.554,1,0
CUST003786,0.1582,0,0
CUST045301,0.0805,0,0
CUST025679,0.8392,1,0
CUST048409,0.7103,1,0
CUST035848,0.0501,0,0
CUST011332,0.5036,1,0
CUST021310,0.0675,0,0
CUST039974,0.7662,1,0
CUST025378,0.1377,0,0
CUST049493,0.0409,0,0
CUST038320,0.2233,0,0
CUST020913,0.7125,1,0
CUST049333,0.0756,0,0
CUST004029,0.1311,0,0
CUST030091,0.0607,0,0
CUST045579,0.286,0,0
CUST004379,0.0529,0,0
CUST012889,0.3195,0,0
CUST042203,0.2371,0,0
CUST032712,0.0545,0,0
CUST030753,0.1815,0,0
CUST016928,0.4975,0,0
CUST011603,0.7271,1,0
CUST007894,0.0576,0,0
CUST010729,0.4092,0,0
CUST039982,0.1217,0,0
CUST036562,0.0548,0,0
CUST036243,0.0817,0,0
CUST049602,0.0729,0,0
CUST025943,0.698,1,0
CUST024571,0.2267,0,0
CUST014323,0.4305,0,0
CUST043111,0.8154,1,0
CUST038703,0.1553,0,0
CUST041503,0.0439,0,0
CUST040285,0.2501,0,0
CUST041914,0.061,0,0
CUST032188,0.1667,0,0
CUST047160,0.0529,0,0
CUST030633,0.6743,1,0
CUST035919,0.0914,0,0
CUST045503,0.0671,0,0
CUST001948,0.0601,0,0
CUST038310,0.0596,0,0
CUST029672,0.071,0,0
CUST041770,0.0591,0,0
CUST029516,0.7611,1,0
CUST047348,0.2342,0,0
CUST002059,0.5678,1,0
CUST029704,0.4472,0,0
CUST033340,0.8087,1,0
CUST030157,0.2107,0,0
CUST037094,0.0907,0,0
CUST016629,0.1014,0,0
CUST033505,0.5794,1,1
CUST035979,0.0998,0,0
CUST016931,0.0616,0,0
CUST030639,0.5887,1,1
CUST022113,0.1139,0,0
CUST022610,0.184,0,0
CUST037770,0.185,0,0
CUST047948,0.1563,0,0
CUST002101,0.1337,0,0
CUST013758,0.1172,0,0
CUST028249,0.0562,0,0
CUST026428,0.1973,0,0
CUST012601,0.1299,0,0
CUST021311,0.0682,0,0
CUST046827,0.1688,0,0
CUST021841,0.5174,1,0
CUST016673,0.1637,0,0
CUST045037,0.0766,0,0
CUST042628,0.2406,0,0
CUST019559,0.1575,0,0
CUST039062,0.103,0,0
CUST005816,0.2976,0,0
CUST018750,0.0823,0,0
CUST033810,0.0601,0,0
CUST023107,0.0864,0,0
CUST030419,0.2342,0,0
CUST000466,0.1022,0,0
CUST038103,0.8877,1,0
CUST045386,0.6767,1,0
CUST038361,0.6908,1,0
CUST010730,0.0875,0,0
CUST049304,0.0931,0,0
CUST008380,0.0585,0,0
CUST015944,0.0531,0,0
CUST003896,0.0675,0,0
CUST049426,0.825,1,0
CUST012422,0.0834,0,0
CUST017119,0.1318,0,0
CUST022081,0.198,0,0
CUST001964,0.0716,0,0
CUST032708,0.0638,0,0
CUST045673,0.0979,0,0
CUST047040,0.046,0,0
CUST030197,0.0848,0,0
CUST040548,0.224,0,0
CUST023646,0.9141,1,0
CUST008048,0.0736,0,0
CUST041432,0.1432,0,0
CUST031673,0.1722,0,0
CUST048004,0.0376,0,0
CUST017740,0.0636,0,0
CUST021585,0.127,0,0
CUST028859,0.7873,1,0
CUST026948,0.437,0,0
CUST013187,0.062,0,0
CUST008587,0.1315,0,0
CUST044855,0.8991,1,0
CUST027351,0.1872,0,0
CUST032968,0.0808,0,0
CUST009747,0.4215,0,0
CUST034944,0.8894,1,0
CUST037307,0.9005,1,1
CUST009618,0.124,0,0
CUST003313,0.0792,0,0
CUST033498,0.1798,0,0
CUST034627,0.0862,0,0
CUST007916,0.0675,0,0
CUST033440,0.0738,0,0
CUST024018,0.8604,1,1
CUST008930,0.8473,1,0
CUST039182,0.5192,1,0
CUST008429,0.0665,0,0
CUST039313,0.1192,0,0
CUST015697,0.8703,1,1
CUST044223,0.7929,1,0
CUST015488,0.6036,1,0
CUST043754,0.1414,0,0
CUST007858,0.1988,0,0
CUST036046,0.0436,0,0
CUST034276,0.141,0,0
CUST040345,0.0601,0,0
CUST011952,0.0422,0,0
CUST000503,0.5675,1,0
CUST032896,0.1064,0,0
CUST035894,0.7402,1,0
CUST002179,0.0762,0,0
CUST034021,0.8431,1,0
CUST010681,0.5409,1,0
CUST006019,0.2422,0,0
CUST042092,0.265,0,0
CUST031280,0.0746,0,0
CUST003730,0.2104,0,0
CUST040118,0.2468,0,0
CUST048129,0.0872,0,0
CUST020078,0.2326,0,0
CUST001294,0.2476,0,0
CUST006974,0.6967,1,0
CUST004807,0.8831,1,0
CUST004696,0.543,1,0
CUST017064,0.1114,0,0
CUST013786,0.3471,0,0
CUST013785,0.0709,0,0
CUST040137,0.3619,0,0
CUST018534,0.0782,0,0
CUST026370,0.174,0,0
CUST009674,0.1621,0,0
CUST037246,0.0768,0,0
CUST019059,0.0865,0,0
CUST025690,0.0794,0,0
CUST004913,0.6455,1,0
CUST007854,0.741,1,0
CUST004222,0.6076,1,0
CUST018451,0.2497,0,0
CUST028280,0.2037,0,0
CUST025441,0.2004,0,0
CUST023016,0.4631,0,0
CUST027668,0.058,0,0
CUST015983,0.0807,0,0
CUST017535,0.066,0,0
CUST014499,0.5392,1,0
CUST048198,0.0479,0,0
CUST037700,0.0703,0,0
CUST020496,0.0948,0,0
CUST003935,0.0592,0,0
CUST016906,0.8422,1,0
CUST013171,0.0974,0,0
CUST045553,0.1299,0,0
CUST003566,0.2032,0,0
CUST038197,0.0571,0,0
CUST006091,0.0505,0,0
CUST004635,0.0682,0,0
CUST016330,0.4521,0,0
CUST021814,0.6343,1,0
CUST008108,0.1132,0,0
CUST041016,0.0961,0,0
CUST033144,0.1084,0,0
CUST046028,0.4425,0,0
CUST014057,0.1549,0,0
CUST030953,0.5254,1,0
CUST001387,0.4047,0,0
CUST016371,0.0675,0,0
CUST015524,0.0778,0,0
CUST012467,0.161,0,0
CUST042007,0.7361,1,0
CUST048534,0.2734,0,0
CUST003545,0.0824,0,0
CUST032161,0.8142,1,0
CUST025346,0.1077,0,0
CUST023629,0.2449,0,0
CUST018647,0.0639,0,0
CUST000878,0.1115,0,0
CUST017586,0.1799,0,0
CUST029430,0.0804,0,0
CUST002610,0.0526,0,0
CUST037968,0.8106,1,0
CUST042718,0.1325,0,0
CUST049108,0.644,1,0
CUST037117,0.2758,0,0
CUST042549,0.0476,0,0
CUST026033,0.1567,0,0
CUST002476,0.0783,0,0
CUST033198,0.0929,0,0
CUST001528,0.0509,0,0
CUST039485,0.2132,0,0
CUST040219,0.077,0,0
CUST018783,0.0455,0,0
CUST028914,0.0508,0,0
CUST028794,0.3277,0,0
CUST003493,0.1419,0,0
CUST007991,0.1279,0,0
CUST001635,0.7391,1,0
CUST022090,0.8659,1,0
CUST021546,0.0701,0,0
CUST016786,0.852,1,0
CUST048642,0.2758,0,0
CUST022620,0.2091,0,0
CUST019544,0.2034,0,0
CUST028945,0.5503,1,0
CUST032890,0.3829,0,0
CUST025520,0.1085,0,0
CUST049267,0.1143,0,0
CUST040964,0.2145,0,0
CUST035595,0.0397,0,0
CUST007195,0.1543,0,0
CUST000803,0.0511,0,0
CUST025061,0.5454,1,0
CUST029254,0.0585,0,0
CUST020559,0.0574,0,0
CUST040433,0.6583,1,0
CUST043870,0.0837,0,0
CUST006510,0.185,0,0
CUST034989,0.8275,1,0
CUST012921,0.2493,0,0
CUST044611,0.0753,0,0
CUST004529,0.1069,0,0
CUST046366,0.1346,0,0
CUST011994,0.0667,0,0
CUST017187,0.6736,1,0
CUST026323,0.1615,0,0
CUST044420,0.0499,0,0
CUST005240,0.1132,0,0
CUST005862,0.8879,1,0
CUST031351,0.0476,0,0
CUST009161,0.8613,1,0
CUST019666,0.2222,0,0
CUST040383,0.0658,0,0
CUST019908,0.7522,1,0
CUST016822,0.8605,1,0
CUST034487,0.1253,0,0
CUST010658,0.2656,0,0
CUST047958,0.192,0,0
CUST021788,0.2093,0,0
CUST013441,0.6509,1,0
CUST018385,0.131,0,0
CUST045260,0.061,0,0
CUST042599,0.706,1,0
CUST027012,0.0575,0,0
CUST045256,0.048,0,0
CUST029538,0.0414,0,0
CUST048384,0.2113,0,0
CUST048072,0.1139,0,0
CUST006484,0.6472,1,0
CUST040483,0.1375,0,0
CUST037309,0.2626,0,0
CUST042955,0.1628,0,0
CUST030263,0.0961,0,0
CUST009034,0.0675,0,0
CUST049743,0.8584,1,0
CUST041720,0.0395,0,0
CUST021699,0.09,0,0
CUST015982,0.3271,0,0
CUST035810,0.8589,1,0
CUST027169,0.1583,0,0
CUST021115,0.0824,0,0
CUST014136,0.1475,0,0
CUST033412,0.3778,0,0
CUST010527,0.0526,0,0
CUST017848,0.1001,0,0
CUST038715,0.0473,0,0
CUST018314,0.844,1,0
CUST011316,0.0808,0,0
CUST038775,0.4941,0,0
CUST013193,0.7384,1,0
CUST001138,0.0935,0,0
CUST003563,0.208,0,0
CUST008769,0.0835,0,0
CUST037505,0.1108,0,0
CUST008959,0.1099,0,0
CUST007969,0.1353,0,0
CUST011544,0.0918,0,0
CUST033373,0.2611,0,0
CUST026935,0.1057,0,0
CUST029832,0.7756,1,0
CUST048678,0.0834,0,0
CUST026975,0.0934,0,0
CUST000443,0.1171,0,0
CUST012568,0.2672,0,0
CUST010451,0.0753,0,0
CUST002730,0.0753,0,0
CUST029287,0.1505,0,0
CUST007643,0.2691,0,0
CUST044875,0.7952,1,0
CUST048582,0.2384,0,0
CUST032785,0.1504,0,0
CUST003910,0.083,0,0
CUST043404,0.1511,0,0
CUST048774,0.0905,0,0
CUST026818,0.0967,0,0
CUST033163,0.0621,0,0
CUST023909,0.0802,0,0
CUST006795,0.3434,0,0
CUST045849,0.1438,0,1
CUST035962,0.0753,0,0
CUST039238,0.0846,0,0
CUST049449,0.0611,0,0
CUST009331,0.1736,0,0
CUST011326,0.1038,0,0
CUST009929,0.7716,1,0
CUST036783,0.0483,0,0
CUST020116,0.1371,0,0
CUST034884,0.0753,0,0
CUST018983,0.0672,0,0
CUST002634,0.0753,0,0
CUST035778,0.5457,1,0
CUST032499,0.2987,0,0
CUST025381,0.2866,0,0
CUST010693,0.0737,0,0
CUST036392,0.0795,0,0
CUST021864,0.3519,0,0
CUST008374,0.1946,0,0
CUST015602,0.0782,0,0
CUST035602,0.145,0,0
CUST044387,0.0952,0,0
CUST025455,0.1786,0,0
CUST028868,0.4055,0,0
CUST007740,0.9186,1,1
CUST043379,0.0394,0,0
CUST033594,0.1132,0,0
CUST015864,0.102,0,0
CUST044069,0.0704,0,0
CUST047372,0.3616,0,0
CUST025453,0.0545,0,0
CUST001982,0.7791,1,0
CUST046668,0.0592,0,0
CUST006459,0.1022,0,0
CUST000834,0.1562,0,0
CUST013469,0.6572,1,0
CUST001554,0.7032,1,0
CUST012032,0.7753,1,0
CUST036137,0.0728,0,0
CUST032331,0.163,0,0
CUST018691,0.4486,0,0
CUST001696,0.148,0,0
CUST042555,0.7215,1,1
CUST000294,0.2082,0,0
CUST012086,0.7762,1,1
CUST003080,0.7015,1,0
CUST003926,0.0885,0,0
CUST011370,0.7712,1,0
CUST028024,0.2592,0,0
CUST017831,0.8541,1,0
CUST038074,0.0559,0,0
CUST040444,0.135,0,0
CUST036153,0.5865,1,0
CUST029872,0.8611,1,1
CUST036840,0.1228,0,0
CUST048104,0.9025,1,1
CUST012598,0.098,0,0
CUST012775,0.5626,1,0
CUST033095,0.5878,1,0
CUST016182,0.0753,0,0
CUST011481,0.057,0,0
CUST038010,0.1028,0,0
CUST036116,0.6967,1,0
CUST041355,0.5963,1,1
CUST007251,0.8991,1,0
CUST031575,0.6914,1,0
CUST003377,0.063,0,0
CUST002493,0.1126,0,0
CUST040215,0.0675,0,0
CUST003704,0.104,0,0
CUST017312,0.1129,0,0
CUST007812,0.0582,0,0
CUST002178,0.8891,1,0
CUST048566,0.0728,0,0
CUST014389,0.1801,0,0
CUST021066,0.5956,1,0
CUST035033,0.3805,0,0
CUST044795,0.7517,1,0
CUST039176,0.0795,0,0
CUST006110,0.1145,0,0
CUST018676,0.5535,1,0
CUST038857,0.2205,0,0
CUST005790,0.3223,0,0
CUST044505,0.3911,0,0
CUST038501,0.8063,1,0
CUST014667,0.1409,0,0
CUST036355,0.3187,0,0
CUST027392,0.5067,1,0
CUST020569,0.0389,0,0
CUST011875,0.1593,0,0
CUST001541,0.2043,0,0
CUST035124,0.1109,0,0
CUST005151,0.0847,0,0
CUST040424,0.0722,0,0
CUST046579,0.0815,0,0
CUST020943,0.0593,0,0
CUST034557,0.2046,0,0
CUST040058,0.0584,0,0
CUST026668,0.6673,1,0
CUST008347,0.0567,0,0
CUST046131,0.1748,0,0
CUST027271,0.0889,0,0
CUST020750,0.6634,1,0
CUST030657,0.4518,0,0
CUST040869,0.2439,0,0
CUST019744,0.0557,0,0
CUST004865,0.5089,1,0
CUST019937,0.0462,0,0
CUST004109,0.6679,1,0
CUST031507,0.1227,0,0
CUST035043,0.0974,0,0
CUST003875,0.396,0,0
CUST032389,0.134,0,0
CUST046133,0.145,0,0
CUST010474,0.0865,0,0
CUST034412,0.4763,0,0
CUST004441,0.0469,0,0
CUST011379,0.0945,0,0
CUST029917,0.0884,0,0
CUST012932,0.4432,0,0
CUST006414,0.4269,0,0
CUST047513,0.3151,0,0
CUST002874,0.0744,0,0
CUST042577,0.278,0,0
CUST016773,0.2725,0,0
CUST023061,0.8877,1,0
CUST047602,0.7484,1,1
CUST027386,0.0596,0,0
CUST044940,0.783,1,0
CUST043789,0.2225,0,0
CUST019675,0.3925,0,0
CUST005087,0.4005,0,0
CUST038386,0.084,0,0
CUST023446,0.1035,0,0
CUST028406,0.5719,1,0
CUST030496,0.0937,0,0
CUST006716,0.0703,0,0
CUST016186,0.094,0,0
CUST010249,0.0873,0,0
CUST005454,0.0339,0,0
CUST026805,0.8879,1,1
CUST047251,0.8484,1,1
CUST013926,0.1108,0,0
CUST037229,0.0508,0,0
CUST012380,0.1921,0,0
CUST049136,0.0876,0,0
CUST021482,0.0711,0,0
CUST041877,0.1871,0,0
CUST019069,0.7464,1,0
CUST003152,0.0769,0,0
CUST049446,0.6591,1,0
CUST043940,0.2249,0,0
CUST023046,0.1272,0,0
CUST015427,0.0504,0,0
CUST013870,0.7871,1,0
CUST009450,0.0772,0,0
CUST031836,0.1005,0,0
CUST038459,0.4376,0,0
CUST023889,0.1024,0,0
CUST040136,0.0472,0,0
CUST003432,0.0557,0,0
CUST047417,0.1011,0,0
CUST036293,0.1122,0,0
CUST025437,0.7948,1,0
CUST018789,0.1904,0,0
CUST025725,0.2595,0,0
CUST021915,0.0615,0,0
CUST034836,0.3756,0,0
CUST037667,0.7752,1,0
CUST036050,0.2903,0,0
CUST008006,0.0675,0,0
CUST017575,0.0809,0,0
CUST003328,0.1779,0,0
CUST000157,0.8253,1,0
CUST007230,0.0652,0,0
CUST027100,0.0527,0,0
CUST022137,0.8231,1,0
CUST022228,0.3672,0,0
CUST022801,0.5372,1,0
CUST038692,0.0546,0,0
CUST020983,0.8503,1,0
CUST026076,0.1777,0,0
CUST048117,0.0675,0,0
CUST030089,0.3551,0,0
CUST000491,0.0489,0,0
CUST027507,0.1713,0,0
CUST009531,0.1879,0,0
CUST011761,0.0476,0,0
CUST005065,0.0531,0,0
CUST015281,0.102,0,0
CUST023437,0.9268,1,1
CUST036922,0.1993,0,0
CUST033385,0.852,1,0
CUST040749,0.1725,0,0
CUST016208,0.1568,0,0
CUST029093,0.5117,1,0
CUST041645,0.1258,0,0
CUST035681,0.0701,0,0
CUST013940,0.1845,0,0
CUST013636,0.0753,0,0
CUST008273,0.4031,0,0
CUST027203,0.1424,0,0
CUST043638,0.0652,0,0
CUST009596,0.5026,1,0
CUST037975,0.0655,0,0
CUST004997,0.5076,1,0
CUST005926,0.1923,0,0
CUST016321,0.0565,0,0
CUST019587,0.0572,0,0
CUST036099,0.0367,0,0
CUST031065,0.1742,0,0
CUST001087,0.0721,0,0
CUST002783,0.2661,0,0
CUST030606,0.09,0,0
CUST011394,0.1598,0,0
CUST003098,0.6005,1,0
CUST039197,0.8727,1,0
CUST035534,0.1147,0,0
CUST002119,0.0627,0,0
CUST025389,0.1393,0,0
CUST045463,0.069,0,0
CUST019402,0.1525,0,0
CUST001905,0.1275,0,0
CUST028248,0.0829,0,0
CUST022622,0.0828,0,0
CUST028853,0.5779,1,0
CUST011782,0.8951,1,0
CUST020129,0.7738,1,0
CUST047486,0.0757,0,0
CUST044632,0.2826,0,0
CUST020343,0.162,0,0
CUST011999,0.114,0,0
CUST042184,0.089,0,0
CUST031086,0.3615,0,0
CUST007271,0.0578,0,0
CUST023655,0.1196,0,0
CUST021148,0.0905,0,0
CUST043036,0.1276,0,0
CUST034857,0.1965,0,0
CUST021406,0.2012,0,0
CUST015997,0.0628,0,0
CUST017523,0.6901,1,0
CUST016067,0.0539,0,0
CUST016614,0.0974,0,0
CUST011453,0.1615,0,0
CUST020273,0.1373,0,0
CUST038678,0.5028,1,0
CUST017116,0.0604,0,0
CUST032209,0.1081,0,0
CUST009470,0.0966,0,0
CUST020615,0.7614,1,0
CUST023078,0.0536,0,0
CUST008909,0.127,0,0
CUST002976,0.042,0,0
CUST011654,0.0732,0,0
CUST036034,0.0694,0,0
CUST005208,0.2237,0,0
CUST042066,0.0556,0,0
CUST011206,0.0488,0,0
CUST038756,0.0661,0,0
CUST024781,0.0405,0,0
CUST024138,0.0351,0,0
CUST032135,0.1274,0,0
CUST004066,0.8991,1,1
CUST024361,0.0675,0,0
CUST028858,0.0874,0,0
CUST025238,0.8991,1,0
CUST033500,0.0582,0,0
CUST045677,0.0949,0,0
CUST024757,0.1042,0,0
CUST035734,0.0739,0,0
CUST038928,0.0907,0,0
CUST006126,0.0439,0,0
CUST031500,0.0684,0,0
CUST007444,0.0868,0,0
CUST042136,0.0757,0,0
CUST030705,0.1051,0,0
CUST039958,0.5976,1,1
CUST010051,0.4395,0,0
CUST046909,0.1225,0,0
CUST039544,0.0963,0,0
CUST038122,0.7952,1,0
CUST038168,0.0675,0,0
CUST035041,0.862,1,0
CUST008701,0.0567,0,0
CUST003240,0.0463,0,0
CUST043823,0.0959,0,0
CUST022165,0.2259,0,0
CUST035018,0.3197,0,0
CUST020792,0.4067,0,0
CUST011781,0.066,0,0
CUST027415,0.2941,0,0
CUST028426,0.1822,0,0
CUST005508,0.0753,0,0
CUST002881,0.4386,0,0
CUST032843,0.0675,0,0
CUST024009,0.0486,0,0
CUST048108,0.1507,0,0
CUST027720,0.1292,0,0
CUST040626,0.6669,1,0
CUST007142,0.6911,1,0
CUST034304,0.1109,0,0
CUST026703,0.2252,0,0
CUST033065,0.0637,0,0
CUST028840,0.096,0,0
CUST019046,0.0649,0,0
CUST002105,0.6254,1,0
CUST023753,0.0605,0,0
CUST044595,0.8595,1,0
CUST015096,0.1896,0,0
CUST047133,0.3438,0,0
CUST010949,0.0808,0,0
CUST020380,0.5852,1,0
CUST012014,0.0522,0,0
CUST029034,0.1011,0,0
CUST034053,0.0754,0,0
CUST034203,0.7408,1,1
CUST033622,0.7583,1,0
CUST035069,0.1029,0,0
CUST008745,0.0753,0,0
CUST004264,0.6856,1,0
CUST040659,0.3072,0,0
CUST007226,0.1282,0,0
CUST029013,0.3876,0,0
CUST045230,0.0806,0,0
CUST009657,0.1331,0,0
CUST032353,0.0477,0,0
CUST025225,0.1672,0,0
CUST019203,0.8953,1,0
CUST012516,0.0437,0,0
CUST047631,0.0618,0,0
CUST011862,0.0604,0,0
CUST023383,0.0364,0,0
CUST020992,0.077,0,0
CUST020881,0.4425,0,0
CUST010864,0.1339,0,0
CUST037464,0.1152,0,0
CUST009947,0.2921,0,0
CUST010607,0.0421,0,0
CUST024540,0.08,0,0
CUST042337,0.771,1,0
CUST027408,0.1532,0,0
CUST017249,0.2373,0,0
CUST044985,0.1688,0,0
CUST022330,0.0818,0,0
CUST008531,0.1024,0,0
CUST015885,0.068,0,0
CUST015071,0.0686,0,0
CUST031600,0.2786,0,0
CUST002321,0.1697,0,0
CUST047104,0.0753,0,0
CUST009192,0.8972,1,0
CUST046594,0.0861,0,0
CUST028651,0.793,1,0
CUST029627,0.1133,0,0
CUST042921,0.1605,0,0
CUST033350,0.0517,0,0
CUST022109,0.7476,1,0
CUST035050,0.0507,0,0
CUST009045,0.062,0,0
CUST043600,0.5842,1,0
CUST033871,0.4637,0,0
CUST048711,0.1192,0,0
CUST022948,0.3512,0,0
CUST049642,0.0753,0,0
CUST034791,0.0778,0,0
CUST006994,0.0599,0,0
CUST021475,0.0825,0,0
CUST045250,0.4425,0,0
CUST025015,0.1134,0,0
CUST026492,0.0644,0,0
CUST012353,0.8871,1,0
CUST033979,0.1578,0,0
CUST045269,0.1663,0,0
CUST016656,0.0946,0,0
CUST034707,0.1641,0,0
CUST020608,0.0662,0,0
CUST007986,0.8869,1,1
CUST009477,0.0901,0,0
CUST021501,0.0998,0,0
CUST005158,0.1704,0,0
CUST024685,0.0675,0,0
CUST042420,0.8018,1,0
CUST045976,0.0827,0,0
CUST031615,0.0782,0,0
CUST019672,0.08,0,0
CUST025826,0.0556,0,0
CUST040438,0.0991,0,0
CUST012464,0.0848,0,0
CUST012098,0.1103,0,0
CUST004103,0.7175,1,0
CUST039375,0.0988,0,0
CUST027939,0.46,0,0
CUST004673,0.1132,0,0
CUST045340,0.3349,0,0
CUST016347,0.0803,0,0
CUST020775,0.4568,0,0
CUST034712,0.0593,0,0
CUST047272,0.1889,0,0
CUST008431,0.1877,0,0
CUST039226,0.1124,0,0
CUST039909,0.0789,0,0
CUST005524,0.3812,0,0
CUST042566,0.2223,0,0
CUST031819,0.1734,0,0
CUST032071,0.0565,0,0
CUST029955,0.2198,0,0
CUST005410,0.5912,1,0
CUST022079,0.4958,0,0
CUST022923,0.0675,0,0
CUST002719,0.1156,0,0
CUST031191,0.1125,0,0
CUST005549,0.0644,0,0
CUST038050,0.0746,0,0
CUST006539,0.0609,0,0
CUST042582,0.1765,0,0
CUST024499,0.0856,0,0
CUST049203,0.8953,1,0
CUST038056,0.8937,1,0
CUST042524,0.2148,0,0
CUST026098,0.6998,1,0
CUST039452,0.0431,0,0
CUST047658,0.7886,1,0
CUST037082,0.4779,0,0
CUST024915,0.0591,0,0
CUST038097,0.2626,0,0
CUST030424,0.0576,0,0
CUST009554,0.1137,0,0
CUST007911,0.8042,1,0
CUST041361,0.2735,0,0
CUST016796,0.3768,0,0
CUST005421,0.884,1,0
CUST010152,0.2511,0,0
CUST018193,0.1511,0,0
CUST037353,0.0944,0,0
CUST014580,0.0615,0,0
CUST001503,0.1475,0,0
CUST008748,0.2352,0,0
CUST017556,0.0553,0,0
CUST041559,0.0753,0,0
CUST011492,0.1659,0,0
CUST016472,0.7489,1,0
CUST017914,0.3947,0,0
CUST021260,0.0904,0,0
CUST040256,0.8814,1,1
CUST008469,0.0929,0,0
CUST029384,0.4642,0,0
CUST032904,0.1531,0,0
CUST023977,0.1962,0,0
CUST024937,0.0553,0,0
CUST019297,0.0813,0,0
CUST001834,0.1816,0,0
CUST023207,0.1302,0,0
CUST042273,0.3253,0,0
CUST027712,0.5265,1,0
CUST042086,0.0526,0,0
CUST046540,0.2647,0,0
CUST034509,0.319,0,0
CUST035831,0.1175,0,0
CUST022311,0.1261,0,0
CUST005113,0.7531,1,0
CUST047806,0.0675,0,0
CUST014348,0.0491,0,0
CUST039633,0.5433,1,0
CUST012246,0.6318,1,0
CUST032734,0.0777,0,0
CUST024231,0.1367,0,0
CUST046606,0.0947,0,0
CUST037423,0.1032,0,0
CUST044417,0.0618,0,0
CUST049796,0.0732,0,0
CUST003247,0.1792,0,0
CUST017167,0.0809,0,0
CUST023851,0.454,0,0
CUST037468,0.7933,1,0
CUST000663,0.0955,0,0
CUST034968,0.0913,0,0
CUST009749,0.1218,0,0
CUST009198,0.059,0,0
CUST019664,0.0661,0,0
CUST001151,0.101,0,0
CUST028501,0.8991,1,1
CUST029495,0.3645,0,0
CUST009707,0.2798,0,0
CUST046093,0.0669,0,0
CUST043988,0.0447,0,0
CUST012993,0.3125,0,0
CUST011327,0.5074,1,0
CUST029956,0.2177,0,0
CUST004060,0.0675,0,0
CUST037359,0.0852,0,0
CUST023810,0.0853,0,0
CUST018582,0.2613,0,0
CUST022897,0.0898,0,0
CUST020524,0.1592,0,0
CUST010623,0.079,0,0
CUST006427,0.0954,0,0
CUST043106,0.0632,0,0
CUST015767,0.411,0,0
CUST038225,0.0812,0,0
CUST020328,0.5777,1,0
CUST001602,0.2701,0,0
CUST004316,0.0598,0,0
CUST005587,0.1404,0,0
CUST016392,0.1283,0,0
CUST010701,0.8446,1,1
CUST026328,0.2126,0,0
CUST034240,0.0706,0,0
CUST020873,0.6561,1,0
CUST045286,0.051,0,0
CUST030613,0.5778,1,0
CUST036813,0.0511,0,0
CUST037713,0.4259,0,0
CUST005011,0.371,0,0
CUST001675,0.4604,0,0
CUST008874,0.7361,1,0
CUST041615,0.1169,0,0
CUST001654,0.5298,1,0
CUST013340,0.062,0,0
CUST030987,0.1143,0,0
CUST011877,0.5222,1,0
CUST014691,0.0996,0,0
CUST039187,0.5389,1,0
CUST046351,0.1562,0,0
CUST013650,0.7375,1,0
CUST038682,0.0509,0,0
CUST005825,0.1406,0,0
CUST028413,0.0483,0,0
CUST027586,0.0557,0,0
CUST019081,0.0719,0,0
CUST012171,0.0885,0,0
CUST013365,0.057,0,0
CUST031038,0.0901,0,0
CUST048422,0.0538,0,0
CUST029636,0.7416,1,0
CUST024416,0.6972,1,0
CUST045060,0.8164,1,0
CUST030274,0.2343,0,0
CUST007216,0.2879,0,0
CUST044445,0.0675,0,0
CUST040765,0.0644,0,0
CUST003674,0.2128,0,0
CUST037399,0.3242,0,0
CUST026880,0.852,1,0
CUST027420,0.1649,0,0
CUST036635,0.0579,0,0
CUST026463,0.0616,0,0
CUST018155,0.0799,0,0
CUST001394,0.0837,0,0
CUST017668,0.6005,1,0
CUST032795,0.6164,1,0
CUST031293,0.8856,1,1
CUST039534,0.098,0,0
CUST044962,0.0531,0,0
CUST028613,0.0968,0,0
CUST006103,0.1546,0,0
CUST043074,0.124,0,0
CUST017314,0.1253,0,0
CUST006553,0.8969,1,1
CUST023906,0.2986,0,0
CUST048532,0.1048,0,0
CUST030415,0.352,0,0
CUST007726,0.5565,1,0
CUST009976,0.0655,0,0
CUST048904,0.1743,0,0
CUST045620,0.1205,0,0
CUST035852,0.0459,0,0
CUST024941,0.3097,0,0
CUST015151,0.3617,0,0
CUST015215,0.1972,0,1
CUST047671,0.3879,0,0
CUST032855,0.0907,0,0
CUST004346,0.1733,0,0
CUST022497,0.3245,0,1
CUST022838,0.2037,0,0
CUST015891,0.1708,0,0
CUST040274,0.0425,0,0
CUST001707,0.0688,0,0
CUST034167,0.8558,1,0
CUST033641,0.5794,1,0
CUST042885,0.0704,0,0
CUST049432,0.6842,1,0
CUST032631,0.0485,0,0
CUST040525,0.5374,1,0
CUST036949,0.1075,0,0
CUST016021,0.1135,0,0
CUST039359,0.1126,0,0
CUST005739,0.0907,0,0
CUST017789,0.6921,1,1
CUST010248,0.1031,0,0
CUST040151,0.0665,0,0
CUST041231,0.794,1,0
CUST047326,0.3836,0,0
CUST002382,0.0354,0,0
CUST043743,0.1305,0,0
CUST001048,0.0887,0,0
CUST019660,0.0992,0,0
CUST048175,0.9247,1,1
CUST040607,0.0855,0,0
CUST011926,0.1253,0,0
CUST042466,0.0771,0,0
CUST018595,0.8991,1,1
CUST006822,0.068,0,0
CUST008420,0.2659,0,0
CUST043586,0.0722,0,0
CUST019218,0.1219,0,0
CUST037678,0.1784,0,0
CUST022571,0.0927,0,0
CUST001231,0.0919,0,0
CUST016739,0.1658,0,0
CUST022498,0.0402,0,0
CUST016163,0.113,0,0
CUST035585,0.0793,0,0
CUST032711,0.1051,0,0
CUST012127,0.2549,0,0
CUST046039,0.2443,0,0
CUST041383,0.0718,0,0
CUST039528,0.0607,0,0
CUST008992,0.197,0,0
CUST032173,0.0419,0,0
CUST019096,0.1162,0,0
CUST042697,0.0481,0,0
CUST001645,0.7615,1,0
CUST018392,0.1972,0,0
CUST030975,0.2145,0,0
CUST012873,0.206,0,0
CUST011262,0.0817,0,0
CUST032707,0.7752,1,0
CUST041191,0.2099,0,0
CUST012065,0.0861,0,0
CUST022952,0.0882,0,0
CUST002672,0.0673,0,0
CUST013860,0.0616,0,0
CUST038508,0.1502,0,0
CUST014098,0.0737,0,0
CUST010557,0.1269,0,0
CUST015935,0.1861,0,0
CUST025797,0.0666,0,0
CUST049997,0.2809,0,0
CUST006659,0.1029,0,0
CUST001357,0.1516,0,0
CUST047284,0.139,0,0
CUST008750,0.7702,1,0
CUST049618,0.1696,0,0
CUST048281,0.0556,0,0
CUST043811,0.1097,0,0
CUST047924,0.0563,0,0
CUST024637,0.0921,0,0
CUST029264,0.0376,0,0
CUST047814,0.0594,0,0
CUST002432,0.0716,0,0
CUST016268,0.0846,0,0
CUST025642,0.8162,1,0
CUST025137,0.1761,0,0
CUST019982,0.1498,0,0
CUST038318,0.3016,0,0
CUST003310,0.1199,0,0
CUST041394,0.5457,1,0
CUST034507,0.5429,1,0
CUST001190,0.0456,0,0
CUST031204,0.4888,0,0
CUST045828,0.1413,0,0
CUST025435,0.0637,0,0
CUST012776,0.8563,1,1
CUST039426,0.1744,0,0
CUST003553,0.0386,0,0
CUST032262,0.0772,0,0
CUST028035,0.1079,0,0
CUST021319,0.0936,0,0
CUST020627,0.3527,0,0
CUST033079,0.1335,0,0
CUST003063,0.0745,0,0
CUST006495,0.0647,0,0
CUST036047,0.6471,1,0
CUST036140,0.4092,0,0
CUST009587,0.5764,1,0
CUST034571,0.7995,1,1
CUST010265,0.096,0,0
CUST016979,0.0765,0,0
CUST034644,0.4669,0,0
CUST013017,0.0585,0,0
CUST012064,0.1997,0,0
CUST047608,0.1872,0,0
CUST027166,0.0748,0,0
CUST040820,0.7196,1,0
CUST009753,0.9006,1,1
CUST038077,0.3672,0,0
CUST029276,0.2119,0,0
CUST018178,0.8276,1,0
CUST040246,0.1751,0,0
CUST000530,0.0941,0,0
CUST037424,0.0562,0,0
CUST008455,0.2118,0,0
CUST046461,0.4436,0,0
CUST024276,0.0372,0,0
CUST012654,0.8394,1,0
CUST042684,0.2946,0,0
CUST022546,0.417,0,0
CUST001633,0.4427,0,0
CUST032525,0.0516,0,0
CUST039933,0.098,0,0
CUST016047,0.084,0,0
CUST016117,0.1929,0,0
CUST002531,0.4633,0,1
CUST031250,0.0875,0,0
CUST030519,0.073,0,0
CUST029266,0.0502,0,0
CUST007739,0.1884,0,0
CUST030145,0.0839,0,0
CUST036921,0.0677,0,0
CUST006421,0.0649,0,0
CUST010320,0.4187,0,0
CUST029844,0.0416,0,0
CUST012391,0.0894,0,0
CUST009830,0.045,0,0
CUST049024,0.1014,0,0
CUST044023,0.1079,0,0
CUST018998,0.0962,0,0
CUST027114,0.1628,0,1
CUST011505,0.0787,0,0
CUST043203,0.1108,0,0
CUST012295,0.5122,1,0
CUST035151,0.8142,1,0
CUST024747,0.6005,1,1
CUST024355,0.1367,0,0
CUST049141,0.6547,1,0
CUST044191,0.1779,0,0
CUST024031,0.1201,0,0
CUST047629,0.0681,0,0
CUST024818,0.1342,0,0
CUST022929,0.24,0,0
CUST009168,0.1743,0,0
CUST015915,0.0859,0,0
CUST044754,0.1916,0,0
CUST039523,0.137,0,0
CUST013143,0.2223,0,0
CUST044635,0.1701,0,0
CUST049232,0.1561,0,0
CUST016470,0.1249,0,0
CUST041776,0.9277,1,1
CUST019407,0.6115,1,0
CUST016908,0.1147,0,0
CUST033691,0.7569,1,1
CUST043178,0.1813,0,0
CUST029865,0.8306,1,1
CUST049339,0.044,0,0
CUST047892,0.2233,0,0
CUST048965,0.077,0,0
CUST028992,0.194,0,0
CUST013845,0.123,0,0
CUST026911,0.0505,0,0
CUST015457,0.1505,0,0
CUST014942,0.0779,0,0
CUST047238,0.0731,0,0
CUST018589,0.0495,0,0
CUST030815,0.0707,0,0
CUST001865,0.0789,0,0
CUST003800,0.197,0,0
CUST020172,0.2193,0,0
CUST048815,0.6104,1,0
CUST016284,0.3081,0,0
CUST017021,0.061,0,0
CUST017184,0.4335,0,0
CUST010393,0.1425,0,0
CUST001771,0.0656,0,0
CUST017185,0.8531,1,0
CUST016609,0.1077,0,0
CUST001779,0.0573,0,0
CUST008439,0.5794,1,0
CUST033774,0.5659,1,0
CUST024077,0.0591,0,0
CUST031639,0.1594,0,0
CUST023079,0.179,0,0
CUST007545,0.4783,0,0
CUST031054,0.0895,0,0
CUST037234,0.0708,0,0
CUST048940,0.054,0,0
CUST048247,0.587,1,0
CUST033478,0.0557,0,0
CUST030236,0.0448,0,0
CUST003748,0.8991,1,0
CUST000751,0.0753,0,0
CUST031453,0.0557,0,0
CUST049750,0.1295,0,0
CUST049819,0.191,0,0
CUST012949,0.0781,0,0
CUST018880,0.0825,0,0
CUST044966,0.7972,1,0
CUST030300,0.173,0,0
CUST047802,0.0792,0,0
CUST029702,0.064,0,0
CUST020212,0.0937,0,0
CUST030733,0.8504,1,1
CUST039872,0.6008,1,0
CUST015843,0.0733,0,0
CUST003960,0.5165,1,0
CUST027254,0.2408,0,0
CUST025053,0.0794,0,0
CUST029347,0.064,0,0
CUST004646,0.7796,1,0
CUST015454,0.7309,1,0
CUST007892,0.0503,0,0
CUST016849,0.0573,0,0
CUST049702,0.0913,0,0
CUST037263,0.0552,0,0
CUST002466,0.2316,0,0
CUST048327,0.2536,0,0
CUST022223,0.5963,1,0
CUST041473,0.128,0,0
CUST009423,0.7852,1,0
CUST014612,0.0904,0,0
CUST038256,0.0618,0,0
CUST036524,0.0518,0,0
CUST009678,0.8898,1,0
CUST003181,0.7924,1,0
CUST026232,0.7039,1,1
CUST008574,0.4635,0,0
CUST001270,0.1019,0,0
CUST021762,0.0771,0,0
CUST037337,0.1132,0,0
CUST043367,0.0904,0,0
CUST031945,0.1296,0,0
CUST043888,0.0907,0,0
CUST039916,0.0696,0,0
CUST038304,0.0701,0,0
CUST037892,0.0492,0,0
CUST012451,0.9131,1,0
CUST000109,0.7564,1,0
CUST015817,0.2467,0,0
CUST042130,0.8694,1,0
CUST049103,0.4953,0,0
CUST044975,0.073,0,0
CUST030787,0.1091,0,0
CUST010843,0.1201,0,0
CUST036237,0.0557,0,0
CUST027297,0.1263,0,0
CUST039859,0.8322,1,0
CUST010984,0.0675,0,0
CUST046981,0.2994,0,0
CUST038880,0.5454,1,0
CUST026220,0.5683,1,0
CUST041818,0.512,1,0
CUST017814,0.0748,0,0
CUST041406,0.0748,0,0
CUST022029,0.1808,0,0
CUST019754,0.4461,0,0
CUST037619,0.5355,1,0
CUST016377,0.5026,1,0
CUST022167,0.1673,0,0
CUST029333,0.0615,0,0
CUST025697,0.1425,0,0
CUST011018,0.1824,0,0
CUST007171,0.0856,0,0
CUST001217,0.8692,1,1
CUST029462,0.0933,0,0
CUST036514,0.7001,1,0
CUST036994,0.0708,0,0
CUST006380,0.2817,0,0
CUST029282,0.0662,0,0
CUST028595,0.0797,0,0
CUST001086,0.0758,0,0
CUST012581,0.047,0,0
CUST024011,0.0643,0,0
CUST025616,0.0539,0,0
CUST005750,0.887,1,1
CUST012121,0.1551,0,0
CUST028592,0.3611,0,0
CUST034550,0.1046,0,0
CUST013232,0.0613,0,0
CUST023050,0.1286,0,0
CUST013788,0.3672,0,0
CUST026528,0.0765,0,0
CUST042061,0.3448,0,0
CUST019583,0.0782,0,0
CUST010625,0.7262,1,0
CUST039382,0.068,0,0
CUST042277,0.0797,0,0
CUST006786,0.0636,0,0
CUST036623,0.1085,0,0
CUST024566,0.8956,1,0
CUST042615,0.1353,0,0
CUST043744,0.127,0,0
CUST029389,0.2123,0,0
CUST022739,0.1151,0,0
CUST012128,0.8131,1,0
CUST023690,0.0733,0,0
CUST038668,0.049,0,0
CUST019912,0.0635,0,0
CUST002553,0.1144,0,0
CUST022633,0.0763,0,0
CUST018363,0.0743,0,0
CUST044678,0.0624,0,0
CUST003159,0.1375,0,0
CUST040038,0.4007,0,0
CUST042956,0.0844,0,0
CUST040531,0.0391,0,0
CUST010948,0.2831,0,0
CUST034130,0.1396,0,0
CUST043829,0.0643,0,0
CUST007983,0.5769,1,1
CUST001536,0.3389,0,0
CUST046220,0.082,0,0
CUST021325,0.8951,1,0
CUST010591,0.0642,0,0
CUST034321,0.0773,0,0
CUST009127,0.0577,0,0
CUST021029,0.0625,0,0
CUST027258,0.0828,0,0
CUST032238,0.1511,0,0
CUST023017,0.8814,1,0
CUST014636,0.0461,0,0
CUST023757,0.6255,1,1
CUST032872,0.0631,0,0
CUST008882,0.6223,1,0
CUST013578,0.777,1,0
CUST033029,0.1162,0,0
CUST011633,0.3241,0,0
CUST001630,0.1263,0,0
CUST010009,0.1974,0,0
CUST014288,0.5403,1,0
CUST046260,0.1477,0,0
CUST012933,0.0802,0,0
CUST009335,0.1512,0,0
CUST011788,0.0857,0,0
CUST017997,0.1352,0,0
CUST003101,0.5503,1,0
CUST030144,0.3193,0,0
CUST032569,0.0675,0,0
CUST003223,0.628,1,1
CUST003810,0.0687,0,0
CUST018667,0.0675,0,0
CUST039811,0.0592,0,0
CUST043589,0.1781,0,0
CUST009583,0.2038,0,0
CUST033910,0.3672,0,0
CUST036870,0.0627,0,0
CUST046059,0.8743,1,0
CUST036230,0.1577,0,0
CUST015521,0.1281,0,0
CUST000276,0.0586,0,0
CUST034589,0.7982,1,0
CUST041520,0.7829,1,0
CUST010333,0.3787,0,0
CUST027907,0.4092,0,0
CUST002282,0.0452,0,0
CUST048463,0.0618,0,0
CUST022115,0.53,1,0
CUST005737,0.0648,0,0
CUST045905,0.0919,0,0
CUST005438,0.5596,1,0
CUST032792,0.6499,1,0
CUST037517,0.1214,0,0
CUST044229,0.0602,0,0
CUST001409,0.2511,0,0
CUST016764,0.8006,1,0
CUST046315,0.1708,0,0
CUST000184,0.3949,0,0
CUST002343,0.1095,0,0
CUST039288,0.0675,0,0
CUST047606,0.2748,0,0
CUST026255,0.0971,0,0
CUST015941,0.592,1,0
CUST032364,0.1337,0,0
CUST035717,0.114,0,0
CUST023520,0.0506,0,0
CUST031873,0.3022,0,0
CUST035132,0.1586,0,0
CUST025092,0.7472,1,0
CUST008816,0.8974,1,1
CUST036725,0.0565,0,0
CUST000546,0.5673,1,0
CUST041553,0.1352,0,0
CUST009212,0.0781,0,0
CUST049291,0.1083,0,0
CUST007084,0.0538,0,0
CUST049308,0.1688,0,0
CUST037666,0.192,0,0
CUST015126,0.8595,1,0
CUST000228,0.0601,0,0
CUST042525,0.0989,0,0
CUST010160,0.0933,0,0
CUST010113,0.7651,1,1
CUST015166,0.0645,0,0
CUST012397,0.0821,0,0
CUST009464,0.8457,1,0
CUST022181,0.0749,0,0
CUST015263,0.1688,0,0
CUST002740,0.8991,1,1
CUST040612,0.2388,0,0
CUST002867,0.1486,0,0
CUST048709,0.2462,0,0
CUST047195,0.0522,0,0
CUST024115,0.0558,0,0
CUST032878,0.8591,1,0
CUST028697,0.1774,0,0
CUST007801,0.0592,0,0
CUST026938,0.3154,0,0
CUST000467,0.2013,0,0
CUST000332,0.1203,0,0
CUST002888,0.4235,0,0
CUST015623,0.3765,0,0
CUST003789,0.0791,0,0
CUST034258,0.1909,0,0
CUST046777,0.8877,1,0
CUST023847,0.4165,0,0
CUST028645,0.1386,0,0
CUST048648,0.0804,0,0
CUST028226,0.167,0,0
CUST028678,0.058,0,0
CUST045288,0.0465,0,0
CUST022277,0.0616,0,0
CUST044913,0.1809,0,0
CUST036695,0.0969,0,0
CUST046555,0.2989,0,0
CUST026942,0.1707,0,0
CUST030948,0.1478,0,0
CUST047129,0.86,1,0
CUST018687,0.1733,0,0
CUST033836,0.2674,0,0
CUST017279,0.0754,0,0
CUST001388,0.0467,0,0
CUST017015,0.0753,0,0
CUST021649,0.2046,0,0
CUST023819,0.0709,0,0
CUST030972,0.0564,0,0
CUST005607,0.21,0,0
CUST008693,0.0675,0,0
CUST044684,0.2312,0,0
CUST006584,0.1187,0,0
CUST014387,0.0709,0,0
CUST000825,0.175,0,0
CUST025563,0.3138,0,0
CUST010959,0.0555,0,0
CUST011874,0.0825,0,0
CUST028908,0.8991,1,1
CUST007861,0.8252,1,0
CUST022797,0.138,0,0
CUST004418,0.0955,0,0
CUST006837,0.0515,0,0
CUST049274,0.7992,1,1
CUST044935,0.2975,0,0
CUST006455,0.1913,0,0
CUST024001,0.8102,1,0
CUST026445,0.3754,0,0
CUST020371,0.0818,0,0
CUST000481,0.8991,1,1
CUST028016,0.1255,0,0
CUST037663,0.2327,0,0
CUST002745,0.4562,0,0
CUST023824,0.0963,0,0
CUST002004,0.536,1,0
CUST038721,0.7008,1,1
CUST014778,0.0489,0,0
CUST005819,0.0902,0,0
CUST031408,0.0857,0,0
CUST003947,0.1129,0,0
CUST032143,0.4731,0,0
CUST033667,0.4114,0,0
CUST032494,0.0617,0,0
CUST043545,0.0929,0,0
CUST039023,0.4002,0,0
CUST018134,0.117,0,0
CUST025717,0.403,0,0
CUST038720,0.0459,0,0
CUST000736,0.0675,0,0
CUST007633,0.0538,0,0
CUST023831,0.1653,0,0
CUST039372,0.4792,0,0
CUST018222,0.0717,0,0
CUST032696,0.0859,0,0
CUST021080,0.2055,0,0
CUST036968,0.0604,0,0
CUST002661,0.0727,0,0
CUST008664,0.1511,0,0
CUST007100,0.4509,0,0
CUST032350,0.6834,1,0
CUST002641,0.0575,0,0
CUST037593,0.7569,1,1
CUST033855,0.0735,0,0
CUST034638,0.0621,0,0
CUST046898,0.3438,0,0
CUST038920,0.0382,0,0
CUST021827,0.0502,0,0
CUST047412,0.132,0,0
CUST045156,0.5579,1,0
CUST044667,0.0671,0,0
CUST024006,0.0502,0,0
CUST013166,0.1013,0,0
CUST032882,0.0931,0,0
CUST033792,0.4257,0,0
CUST006469,0.0751,0,0
CUST028545,0.081,0,0
CUST017673,0.6672,1,0
CUST040984,0.065,0,0
CUST026791,0.8991,1,0
CUST014666,0.2679,0,0
CUST045781,0.2661,0,0
CUST031166,0.1874,0,0
CUST045044,0.5963,1,0
CUST041100,0.8717,1,0
CUST041947,0.1548,0,0
CUST019611,0.1578,0,0
CUST031829,0.8772,1,0
CUST032317,0.103,0,0
CUST033833,0.0923,0,0
CUST019396,0.0709,0,0
CUST044478,0.0719,0,0
CUST033634,0.1019,0,0
CUST017951,0.0918,0,0
CUST008401,0.0428,0,0
CUST011283,0.1803,0,0
CUST023925,0.3133,0,0
CUST008306,0.0418,0,0
CUST031040,0.0553,0,0
CUST041883,0.8914,1,0
CUST024837,0.0626,0,0
CUST021605,0.5629,1,0
CUST017512,0.08,0,0
CUST027653,0.0618,0,0
CUST029020,0.1331,0,0
CUST006892,0.0801,0,0
CUST047929,0.0667,0,0
CUST024821,0.0675,0,0
CUST010641,0.1678,0,0
CUST018573,0.8877,1,0
CUST049132,0.1379,0,0
CUST029033,0.1741,0,0
CUST031932,0.1215,0,0
CUST043693,0.2729,0,0
CUST017374,0.0909,0,0
CUST039394,0.8337,1,0
CUST002079,0.0659,0,0
CUST013585,0.0777,0,0
CUST002812,0.2213,0,0
CUST032627,0.6077,1,0
CUST018398,0.0537,0,0
CUST004313,0.0509,0,0
CUST019889,0.0578,0,0
CUST042394,0.0709,0,0
CUST000290,0.6936,1,0
CUST031580,0.0643,0,0
CUST019446,0.2159,0,0
CUST006011,0.0847,0,0
CUST048012,0.8991,1,0
CUST023637,0.4023,0,0
CUST008488,0.153,0,0
CUST027400,0.0752,0,0
CUST022478,0.0875,0,0
CUST013849,0.0631,0,0
CUST004766,0.0711,0,0
CUST029916,0.0785,0,0
CUST037846,0.8131,1,0
CUST013533,0.2077,0,0
CUST038403,0.0725,0,0
CUST009497,0.0629,0,0
CUST047103,0.0879,0,0
CUST014391,0.2027,0,0
CUST032791,0.0525,0,0
CUST026834,0.105,0,0
CUST001841,0.1926,0,0
CUST023916,0.1521,0,0
CUST002581,0.5302,1,0
CUST044189,0.0585,0,0
CUST034156,0.0675,0,0
CUST023748,0.3467,0,0
CUST029980,0.3733,0,0
CUST011706,0.0904,0,0
CUST006057,0.059,0,0
CUST041953,0.5193,1,0
CUST002417,0.0544,0,0
CUST030711,0.0968,0,0
CUST039233,0.6097,1,0
CUST017865,0.852,1,0
CUST023245,0.0458,0,0
CUST021003,0.8974,1,0
CUST021749,0.0674,0,0
CUST033725,0.2224,0,0
CUST008355,0.1003,0,0
CUST046287,0.0459,0,0
CUST049523,0.1427,0,0
CUST030792,0.0581,0,0
CUST005338,0.1941,0,0
CUST003772,0.1271,0,0
CUST049542,0.037,0,0
CUST004516,0.0716,0,0
CUST032567,0.0562,0,0
CUST035720,0.173,0,0
CUST022220,0.0574,0,0
CUST005334,0.0406,0,0
CUST020729,0.1013,0,0
CUST001315,0.3411,0,0
CUST007594,0.1325,0,0
CUST023373,0.4929,0,0
CUST041887,0.0955,0,0
CUST023413,0.0383,0,0
CUST022556,0.1026,0,0
CUST006558,0.8283,1,1
CUST026798,0.1965,0,0
CUST038807,0.7215,1,0
CUST028698,0.4067,0,0
CUST047807,0.055,0,0
CUST033395,0.0687,0,0
CUST039333,0.3081,0,0
CUST043017,0.2104,0,0
CUST005141,0.0499,0,0
CUST019577,0.8281,1,1
CUST017481,0.8361,1,0
CUST046199,0.0458,0,0
CUST028209,0.2133,0,0
CUST014283,0.2484,0,0
CUST038289,0.1187,0,0
CUST024066,0.1206,0,0
CUST034672,0.1406,0,0
CUST047303,0.0675,0,0
CUST011482,0.1982,0,0
CUST046230,0.1781,0,0
CUST015708,0.0661,0,0
CUST016832,0.0657,0,0
CUST035088,0.0983,0,0
CUST022107,0.1427,0,0
CUST034043,0.0849,0,0
CUST010987,0.1062,0,0
CUST030919,0.0393,0,0
CUST023455,0.5009,1,0
CUST033879,0.0756,0,0
CUST008448,0.1688,0,0
CUST040301,0.5479,1,0
CUST040067,0.2277,0,0
CUST032671,0.068,0,0
CUST039726,0.5212,1,0
CUST032750,0.7752,1,1
CUST014395,0.8517,1,1
CUST005966,0.1473,0,0
CUST035273,0.0776,0,0
CUST014261,0.339,0,0
CUST011768,0.1004,0,0
CUST043171,0.0619,0,0
CUST031531,0.1004,0,0
CUST045170,0.1117,0,0
CUST013113,0.0733,0,0
CUST044698,0.0675,0,0
CUST002447,0.0823,0,0
CUST016556,0.7969,1,1
CUST025024,0.0774,0,0
CUST047111,0.0401,0,0
CUST035821,0.8552,1,1
CUST012224,0.1052,0,0
CUST035555,0.0349,0,0
CUST043688,0.6872,1,0
CUST040283,0.0563,0,0
CUST042892,0.0746,0,0
CUST032283,0.1317,0,0
CUST007724,0.9025,1,1
CUST012831,0.6396,1,0
CUST014013,0.4525,0,0
CUST004666,0.0665,0,0
CUST017568,0.0788,0,0
CUST048734,0.2385,0,0
CUST023693,0.0875,0,0
CUST048009,0.2315,0,0
CUST035219,0.1141,0,0
CUST002764,0.1051,0,0
CUST023146,0.069,0,0
CUST036488,0.4945,0,0
CUST044600,0.1337,0,0
CUST000771,0.1649,0,0
CUST035121,0.6005,1,0
CUST004263,0.6075,1,0
CUST000650,0.693,1,0
CUST038143,0.0633,0,0
CUST035557,0.1014,0,0
CUST024653,0.2933,0,0
CUST031529,0.8765,1,0
CUST012143,0.0965,0,0
CUST036267,0.0633,0,0
CUST007175,0.316,0,0
CUST020063,0.143,0,0
CUST029229,0.2438,0,0
CUST007866,0.7816,1,0
CUST023296,0.4264,0,0
CUST000645,0.0582,0,0
CUST018338,0.2503,0,0
CUST034047,0.0522,0,0
CUST025900,0.6837,1,0
CUST041506,0.79,1,0
CUST017741,0.2421,0,0
CUST007547,0.0888,0,0
CUST030488,0.0667,0,0
CUST002008,0.0469,0,0
CUST013315,0.1607,0,0
CUST033301,0.0542,0,0
CUST042686,0.1926,0,0
CUST038785,0.0538,0,0
CUST000884,0.1374,0,0
CUST026324,0.8102,1,1
CUST040296,0.1874,0,0
CUST036954,0.0641,0,0
CUST032556,0.6275,1,0
CUST043553,0.068,0,0
CUST045072,0.1017,0,0
CUST023415,0.0618,0,0
CUST012294,0.4796,0,0
CUST013624,0.132,0,0
CUST031658,0.8164,1,0
CUST042287,0.0534,0,0
CUST009565,0.5389,1,0
CUST021524,0.1087,0,0
CUST027387,0.08,0,0
CUST049909,0.5457,1,0
CUST047098,0.0639,0,0
CUST012280,0.1267,0,0
CUST044700,0.0724,0,0
CUST009648,0.2263,0,0
CUST048676,0.7209,1,0
CUST022441,0.8322,1,0
CUST028314,0.1721,0,0
CUST013723,0.2577,0,0
CUST044414,0.0814,0,0
CUST022125,0.1091,0,0
CUST033278,0.1886,0,0
CUST045930,0.0893,0,0
CUST007767,0.1474,0,0
CUST015651,0.2843,0,0
CUST028387,0.8085,1,0
CUST031381,0.2945,0,0
CUST030968,0.4215,0,0
CUST033016,0.1943,0,0
CUST037795,0.1343,0,0
CUST004952,0.2249,0,0
CUST005217,0.5117,1,0
CUST010116,0.0621,0,0
CUST010724,0.0618,0,0
CUST002351,0.0902,0,0
CUST030129,0.0872,0,0
CUST031142,0.6411,1,0
CUST034493,0.0976,0,0
CUST048423,0.0999,0,0
CUST006930,0.0564,0,0
CUST006813,0.1928,0,0
CUST012711,0.0529,0,0
CUST015445,0.0461,0,0
CUST039153,0.0706,0,0
CUST016875,0.5881,1,0
CUST019130,0.1026,0,0
CUST049726,0.0784,0,0
CUST005019,0.2078,0,0
CUST043311,0.1736,0,0
CUST049616,0.0867,0,0
CUST030501,0.7144,1,0
CUST020392,0.0901,0,0
CUST041535,0.5762,1,0
CUST036681,0.063,0,0
CUST039188,0.8395,1,0
CUST042307,0.1289,0,0
CUST030963,0.0745,0,0
CUST037651,0.1032,0,0
CUST021996,0.0981,0,0
CUST006471,0.2211,0,0
CUST041384,0.3161,0,0
CUST012539,0.1565,0,0
CUST034074,0.1369,0,0
CUST042927,0.0543,0,0
CUST049544,0.8961,1,0
CUST017607,0.7523,1,0
CUST004837,0.1211,0,0
CUST017620,0.0919,0,0
CUST019487,0.286,0,0
CUST031758,0.1094,0,0
CUST022682,0.1433,0,0
CUST034709,0.0815,0,0
CUST001013,0.86,1,1
CUST002988,0.8991,1,0
CUST005318,0.7275,1,0
CUST029606,0.0575,0,0
CUST002469,0.0763,0,0
CUST008534,0.1374,0,0
CUST046574,0.2506,0,0
CUST031017,0.2175,0,0
CUST039863,0.0808,0,0
CUST045874,0.9294,1,0
CUST023688,0.1466,0,0
CUST027378,0.1327,0,0
CUST036894,0.0383,0,0
CUST023326,0.099,0,0
CUST041545,0.494,0,0
CUST020324,0.0584,0,0
CUST022730,0.529,1,0
CUST006643,0.6769,1,0
CUST040661,0.0661,0,0
CUST020787,0.1813,0,0
CUST043584,0.1878,0,0
CUST007038,0.2419,0,0
CUST018090,0.0574,0,0
CUST046934,0.0519,0,0
CUST045481,0.1148,0,0
CUST009914,0.0644,0,0
CUST013961,0.2012,0,0
CUST047571,0.0822,0,0
CUST036567,0.3551,0,0
CUST009910,0.4321,0,0
CUST008867,0.4926,0,0
CUST012850,0.4373,0,0
CUST036411,0.0495,0,0
CUST014327,0.0675,0,0
CUST009600,0.0922,0,0
CUST040460,0.73,1,0
CUST036318,0.8326,1,0
CUST017378,0.0813,0,0
CUST015093,0.0765,0,0
CUST045289,0.0888,0,0
CUST009283,0.0575,0,0
CUST031261,0.0557,0,0
CUST004302,0.139,0,0
CUST014030,0.1337,0,0
CUST024758,0.0891,0,0
CUST044615,0.0944,0,0
CUST023315,0.549,1,0
CUST015832,0.0626,0,0
CUST047628,0.107,0,0
CUST026654,0.8303,1,0
CUST007296,0.0517,0,0
CUST041226,0.0725,0,0
CUST034998,0.0753,0,0
CUST049239,0.0832,0,0
CUST029304,0.5019,1,0
CUST001164,0.0505,0,0
CUST035343,0.1619,0,0
CUST024560,0.8836,1,0
CUST030850,0.148,0,0
CUST011372,0.1138,0,0
CUST030716,0.088,0,0
CUST033046,0.2014,0,0
CUST023528,0.0635,0,0
CUST004017,0.05,0,0
CUST027054,0.0443,0,0
CUST037078,0.0757,0,0
CUST041670,0.1083,0,0
CUST007756,0.0806,0,0
CUST033901,0.1299,0,0
CUST009264,0.1022,0,0
CUST013508,0.1232,0,0
CUST038004,0.0889,0,0
CUST018907,0.115,0,0
CUST047614,0.4014,0,0
CUST005190,0.0563,0,0
CUST030393,0.111,0,0
CUST039651,0.0806,0,0
CUST026015,0.5076,1,0
CUST007704,0.0707,0,0
CUST042598,0.3182,0,0
CUST027107,0.0901,0,0
CUST041617,0.0978,0,0
CUST036617,0.1824,0,0
CUST033017,0.0557,0,0
CUST018226,0.2436,0,0
CUST048560,0.5076,1,1
CUST033111,0.1341,0,0
CUST039577,0.0791,0,0
CUST011804,0.0862,0,0
CUST044650,0.6774,1,0
CUST042786,0.1347,0,0
CUST040979,0.4659,0,0
CUST012563,0.8991,1,1
CUST046957,0.2066,0,0
CUST001737,0.1837,0,0
CUST012111,0.0798,0,0
CUST009407,0.0723,0,0
CUST027118,0.4678,0,0
CUST012452,0.0703,0,0
CUST012681,0.0401,0,0
CUST009357,0.085,0,0
CUST007189,0.6808,1,1
CUST004588,0.356,0,0
CUST013465,0.7648,1,0
CUST004946,0.7656,1,0
CUST034238,0.0719,0,0
CUST006916,0.0624,0,0
CUST030989,0.0753,0,0
CUST009300,0.3382,0,0
CUST045993,0.1008,0,0
CUST014207,0.4198,0,0
CUST001422,0.0584,0,0
CUST021633,0.1086,0,0
CUST044295,0.3017,0,0
CUST035706,0.1122,0,0
CUST045036,0.112,0,0
CUST015161,0.1074,0,0
CUST038555,0.0414,0,0
CUST028456,0.0526,0,0
CUST044761,0.1457,0,0
CUST049805,0.2467,0,0
CUST003164,0.0855,0,0
CUST004836,0.1035,0,0
CUST001030,0.1087,0,0
CUST028585,0.0978,0,0
CUST002747,0.077,0,0
CUST010392,0.8858,1,0
CUST024165,0.0365,0,0
CUST010757,0.0741,0,0
CUST023351,0.6005,1,0
CUST037096,0.5814,1,0
CUST003238,0.6143,1,0
CUST023343,0.0488,0,0
CUST032824,0.0647,0,0
CUST027009,0.1597,0,0
CUST006934,0.0642,0,0
CUST038072,0.0664,0,0
CUST032514,0.0702,0,0
CUST004907,0.3188,0,0
CUST016911,0.7521,1,1
CUST005546,0.0681,0,0
CUST036021,0.0559,0,0
CUST018846,0.4257,0,0
CUST022866,0.0763,0,0
CUST000222,0.5963,1,0
CUST001277,0.6005,1,0
CUST037540,0.0711,0,0
CUST018839,0.0861,0,0
CUST027116,0.6504,1,0
CUST018361,0.4371,0,0
CUST045557,0.4406,0,0
CUST030772,0.0597,0,0
CUST029268,0.4901,0,0
CUST041569,0.0869,0,0
CUST024858,0.0498,0,0
CUST033170,0.0735,0,0
CUST013009,0.0632,0,0
CUST047993,0.3236,0,0
CUST014163,0.2861,0,0
CUST033426,0.3427,0,0
CUST036483,0.1247,0,0
CUST001235,0.1158,0,0
CUST022623,0.5963,1,0
CUST032993,0.499,0,0
CUST048168,0.0902,0,0
CUST005895,0.4874,0,0
CUST046214,0.1125,0,0
CUST017386,0.2735,0,0
CUST005214,0.2133,0,0
CUST002663,0.1785,0,0
CUST005785,0.1155,0,0
CUST039458,0.0909,0,0
CUST022972,0.1292,0,0
CUST032544,0.2957,0,0
CUST043807,0.1005,0,0
CUST043842,0.0414,0,0
CUST035614,0.0597,0,0
CUST034864,0.5912,1,0
CUST041461,0.3179,0,0
CUST010257,0.0731,0,0
CUST044022,0.1011,0,0
CUST016428,0.1827,0,0
CUST045177,0.1395,0,0
CUST037408,0.1123,0,0
CUST012619,0.0837,0,0
CUST035239,0.1913,0,0
CUST041863,0.2476,0,0
CUST037165,0.1353,0,0
CUST015501,0.7265,1,0
CUST023827,0.0904,0,0
CUST045537,0.0901,0,0
CUST020265,0.0554,0,0
CUST028524,0.2244,0,0
CUST002300,0.291,0,0
CUST024215,0.6594,1,1
CUST041661,0.5775,1,0
CUST022854,0.067,0,0
CUST020564,0.0715,0,0
CUST011763,0.077,0,0
CUST025567,0.2049,0,0
CUST015366,0.2782,0,0
CUST023523,0.2937,0,0
CUST036419,0.8372,1,0
CUST044822,0.054,0,0
CUST039641,0.1998,0,0
CUST013544,0.2843,0,0
CUST047656,0.1202,0,0
CUST048622,0.0711,0,0
CUST021714,0.0502,0,0
CUST047980,0.043,0,0
CUST018883,0.0545,0,0
CUST026187,0.1045,0,0
CUST002416,0.0547,0,0
CUST006322,0.1032,0,0
CUST045696,0.0746,0,0
CUST009368,0.0719,0,0
CUST023365,0.2702,0,0
CUST008613,0.1444,0,0
CUST045292,0.048,0,0
CUST005181,0.1122,0,0
CUST009458,0.2493,0,0
CUST015186,0.9316,1,1
CUST002831,0.0469,0,0
CUST042847,0.1187,0,0
CUST026771,0.2046,0,0
CUST028540,0.0807,0,0
CUST022790,0.0682,0,0
CUST040314,0.3671,0,1
CUST035052,0.7614,1,0
CUST037572,0.3706,0,0
CUST035471,0.0753,0,0
CUST011898,0.3979,0,0
CUST024620,0.2205,0,0
CUST033929,0.1782,0,0
CUST034317,0.0584,0,0
CUST040474,0.0675,0,0
CUST028806,0.2654,0,0
CUST022978,0.6111,1,0
CUST040848,0.135,0,0
CUST046246,0.0862,0,0
CUST048034,0.1017,0,0
CUST003544,0.0632,0,0
CUST049714,0.0718,0,0
CUST046270,0.3387,0,0
CUST015220,0.153,0,0
CUST038147,0.0594,0,0
CUST002071,0.0975,0,0
CUST046384,0.6697,1,0
CUST038180,0.2737,0,0
CUST039550,0.0661,0,0
CUST031587,0.1414,0,0
CUST032298,0.6915,1,0
CUST035473,0.1624,0,0
CUST019463,0.0601,0,0
CUST008284,0.1887,0,0
CUST047087,0.1573,0,0
CUST042538,0.1505,0,0
CUST048005,0.0886,0,0
CUST020552,0.1157,0,0
CUST003877,0.1126,0,0
CUST030309,0.0389,0,0
CUST025623,0.0538,0,0
CUST005452,0.0726,0,0
CUST033631,0.0675,0,0
CUST020993,0.1097,0,0
CUST024095,0.1558,0,0
CUST021250,0.0908,0,0
CUST012907,0.0611,0,0
CUST008350,0.0404,0,0
CUST044562,0.7224,1,0
CUST025432,0.0836,0,0
CUST026310,0.0733,0,0
CUST021095,0.0975,0,0
CUST032850,0.0953,0,0
CUST004252,0.1902,0,0
CUST023811,0.0896,0,0
CUST018428,0.7337,1,0
CUST044239,0.0407,0,0
CUST048135,0.1265,0,0
CUST006120,0.8893,1,0
CUST003390,0.1109,0,0
CUST024310,0.0753,0,0
CUST014102,0.1688,0,0
CUST008983,0.0973,0,0
CUST029857,0.0675,0,0
CUST029468,0.3545,0,0
CUST032783,0.1638,0,0
CUST018812,0.0693,0,0
CUST007826,0.0689,0,0
CUST010802,0.0855,0,0
CUST019531,0.4223,0,0
CUST038544,0.0471,0,0
CUST040875,0.3532,0,0
CUST020036,0.0778,0,0
CUST003480,0.1078,0,0
CUST000824,0.0675,0,0
CUST028224,0.0846,0,0
CUST030949,0.4079,0,0
CUST027738,0.0749,0,0
CUST032591,0.8861,1,1
CUST043698,0.3696,0,0
CUST001153,0.0485,0,0
CUST022121,0.8834,1,0
CUST040772,0.1199,0,0
CUST032803,0.1009,0,0
CUST013296,0.1116,0,0
CUST028851,0.2106,0,0
CUST007012,0.8626,1,1
CUST022190,0.5076,1,0
CUST030973,0.2111,0,0
CUST036210,0.1717,0,0
CUST007281,0.0549,0,0
CUST048769,0.2018,0,0
CUST049405,0.1423,0,0
CUST040981,0.2577,0,0
CUST013401,0.1602,0,0
CUST015576,0.7801,1,0
CUST010282,0.0604,0,0
CUST029150,0.0591,0,0
CUST010911,0.4366,0,0
CUST024181,0.8498,1,0
CUST017617,0.2398,0,0
CUST037478,0.0449,0,0
CUST006037,0.0862,0,0
CUST025738,0.1706,0,0
CUST036342,0.079,0,0
CUST019626,0.1854,0,0
CUST034718,0.1337,0,0
CUST004311,0.2899,0,0
CUST033338,0.1361,0,0
CUST002675,0.0426,0,0
CUST041038,0.1912,0,0
CUST007967,0.0649,0,0
CUST023416,0.0868,0,0
CUST018551,0.1551,0,0
CUST003497,0.368,0,0
CUST000616,0.1106,0,0
CUST030166,0.4548,0,0
CUST019356,0.0609,0,0
CUST005273,0.2222,0,0
CUST018042,0.1979,0,0
CUST020623,0.3017,0,0
CUST026198,0.054,0,0
CUST012697,0.0716,0,0
CUST031175,0.3721,0,0
CUST005388,0.1634,0,0
CUST045477,0.4218,0,0
CUST018257,0.0906,0,0
CUST035458,0.0874,0,0
CUST005835,0.3143,0,0
CUST042398,0.368,0,0
CUST030856,0.0674,0,0
CUST046988,0.5293,1,0
CUST031699,0.6848,1,0
CUST038689,0.7404,1,0
CUST045403,0.0965,0,0
CUST018145,0.0822,0,0
CUST002325,0.0743,0,0
CUST008262,0.0967,0,0
CUST013453,0.1351,0,0
CUST027250,0.826,1,0
CUST016290,0.0651,0,0
CUST004537,0.2709,0,0
CUST039209,0.0757,0,0
CUST020240,0.0935,0,0
CUST010750,0.3625,0,0
CUST027553,0.2533,0,0
CUST032341,0.0492,0,0
CUST012421,0.1439,0,0
CUST013350,0.3078,0,0
CUST011955,0.2723,0,0
CUST017534,0.0796,0,0
CUST014865,0.1541,0,0
CUST044919,0.1457,0,0
CUST047469,0.1194,0,0
CUST012149,0.7247,1,0
CUST042890,0.1325,0,0
CUST015443,0.8916,1,0
CUST011306,0.0757,0,0
CUST031825,0.1706,0,0
CUST005291,0.5505,1,0
CUST003393,0.121,0,0
CUST019474,0.0723,0,0
CUST042131,0.0513,0,0
CUST042761,0.1285,0,0
CUST009435,0.2817,0,0
CUST014722,0.1025,0,0
CUST049211,0.0685,0,0
CUST049032,0.0787,0,0
CUST034415,0.083,0,0
CUST011841,0.4725,0,0
CUST039636,0.4281,0,1
CUST045647,0.1275,0,0
CUST041906,0.0627,0,0
CUST012173,0.0518,0,0
CUST020956,0.7807,1,0
CUST015766,0.0876,0,0
CUST015037,0.1045,0,0
CUST010832,0.1611,0,0
CUST046022,0.079,0,0
CUST029057,0.2507,0,0
CUST049462,0.1253,0,0
CUST046853,0.5756,1,0
CUST025965,0.556,1,0
CUST006094,0.0645,0,0
CUST023517,0.1596,0,0
CUST001886,0.1569,0,0
CUST040910,0.1748,0,0
CUST013013,0.1076,0,0
CUST004656,0.2734,0,0
CUST008803,0.5525,1,0
CUST044365,0.1954,0,0
CUST042901,0.2365,0,0
CUST036389,0.3757,0,0
CUST005603,0.0763,0,0
CUST045141,0.0731,0,0
CUST039099,0.0431,0,0
CUST032646,0.0633,0,0
CUST009022,0.198,0,0
CUST022006,0.1093,0,0
CUST030542,0.7739,1,1
CUST016422,0.134,0,0
CUST003773,0.1879,0,0
CUST033086,0.0483,0,0
CUST029087,0.0835,0,0
CUST000773,0.1709,0,0
CUST038875,0.6931,1,0
CUST018546,0.1336,0,0
CUST013536,0.1117,0,0
CUST007319,0.3724,0,0
CUST002358,0.0466,0,0
CUST026962,0.1954,0,0
CUST006862,0.1621,0,0
CUST025997,0.8772,1,0
CUST003062,0.2421,0,0
CUST047247,0.0619,0,0
CUST044289,0.0998,0,0
CUST040436,0.2081,0,0
CUST006353,0.2537,0,0
CUST020427,0.3075,0,0
CUST034394,0.116,0,0
CUST005678,0.9006,1,0
CUST032256,0.4264,0,0
CUST017483,0.0669,0,0
CUST010484,0.6666,1,0
CUST038388,0.1108,0,0
CUST017714,0.0618,0,0
CUST008285,0.0481,0,0
CUST020454,0.2391,0,0
CUST016112,0.8774,1,1
CUST046562,0.8821,1,0
CUST020565,0.1043,0,0
CUST036152,0.0919,0,0
CUST038029,0.1424,0,0
CUST038483,0.5026,1,0
CUST007518,0.4557,0,0
CUST004823,0.77,1,1
CUST000856,0.2421,0,0
CUST033540,0.0788,0,0
CUST042915,0.0815,0,0
CUST040106,0.1405,0,0
CUST037285,0.0637,0,0
CUST008276,0.742,1,0
CUST044673,0.0856,0,0
CUST020617,0.0679,0,0
CUST029730,0.1181,0,0
CUST044735,0.1646,0,0
CUST041632,0.0649,0,0
CUST028309,0.8916,1,1
CUST018925,0.4086,0,0
CUST035996,0.4923,0,0
CUST011082,0.4576,0,0
CUST047910,0.1684,0,0
CUST048290,0.0972,0,0
CUST022249,0.0987,0,0
CUST034613,0.0692,0,0
CUST012633,0.048,0,0
CUST015402,0.6143,1,0
CUST008390,0.1748,0,0
CUST026044,0.0571,0,0
CUST001026,0.0947,0,0
CUST041823,0.8386,1,0
CUST016496,0.438,0,0
CUST031804,0.3111,0,0
CUST043197,0.1815,0,0
CUST011287,0.1232,0,0
CUST016588,0.1369,0,0
CUST048591,0.058,0,0
CUST010371,0.145,0,0
CUST015236,0.0652,0,0
CUST045942,0.8796,1,0
CUST034201,0.1015,0,0
CUST029713,0.0557,0,0
CUST049458,0.0614,0,0
CUST003866,0.5795,1,0
CUST031768,0.0919,0,0
CUST042063,0.7374,1,0
CUST033363,0.0756,0,0
CUST011487,0.7778,1,0
CUST041241,0.037,0,0
CUST023890,0.0549,0,0
CUST042763,0.6494,1,1
CUST022523,0.2776,0,0
CUST000020,0.057,0,0
CUST047698,0.3914,0,0
CUST037986,0.4226,0,0
CUST027594,0.0985,0,0
CUST034403,0.2377,0,0
CUST027406,0.8087,1,0
CUST001028,0.0977,0,0
CUST013904,0.8003,1,0
CUST042616,0.7902,1,0
CUST014008,0.1131,0,0
CUST020253,0.8626,1,1
CUST038043,0.0759,0,0
CUST000133,0.0838,0,0
CUST032996,0.0577,0,0
CUST024103,0.0778,0,0
CUST010935,0.3007,0,0
CUST005488,0.1577,0,0
CUST004310,0.285,0,0
CUST010919,0.0837,0,0
CUST028004,0.0675,0,0
CUST018602,0.3132,0,0
CUST021386,0.9025,1,1
CUST002114,0.662,1,0
CUST014829,0.0675,0,0
CUST039481,0.1206,0,0
CUST039986,0.3589,0,1
CUST009756,0.0881,0,0
CUST046527,0.1332,0,0
CUST023436,0.1256,0,0
CUST032749,0.0847,0,0
CUST015685,0.5794,1,0
CUST032045,0.0575,0,0
CUST003449,0.058,0,0
CUST049785,0.6979,1,1
CUST023440,0.2387,0,0
CUST023449,0.2092,0,0
CUST015455,0.1074,0,0
CUST045474,0.4083,0,0
CUST038846,0.1165,0,0
CUST011893,0.0704,0,0
CUST034311,0.0862,0,0
CUST020921,0.0688,0,0
CUST035229,0.077,0,0
CUST033852,0.0413,0,0
CUST039626,0.0428,0,0
CUST006977,0.1391,0,0
CUST031604,0.1682,0,0
CUST010263,0.1481,0,0
CUST034063,0.0924,0,0
CUST040821,0.1618,0,0
CUST019489,0.1613,0,0
CUST047003,0.3081,0,0
CUST047718,0.3117,0,0
CUST025936,0.2325,0,0
CUST036785,0.0614,0,0
CUST027932,0.8997,1,0
CUST030969,0.423,0,0
CUST002239,0.0565,0,0
CUST018457,0.4395,0,0
CUST038114,0.8991,1,0
CUST006735,0.1292,0,0
CUST030266,0.0781,0,0
CUST036574,0.1575,0,0
CUST041181,0.0599,0,0
CUST048675,0.041,0,0
CUST037734,0.0557,0,0
CUST023742,0.058,0,0
CUST030977,0.0752,0,0
CUST002299,0.4188,0,0
CUST043405,0.0901,0,0
CUST001817,0.0626,0,0
CUST008713,0.0729,0,0
CUST009794,0.0675,0,0
CUST031684,0.1984,0,0
CUST047742,0.114,0,0
CUST032181,0.0834,0,0
CUST046760,0.1088,0,0
CUST037739,0.1765,0,0
CUST038367,0.8591,1,0
CUST038645,0.1123,0,0
CUST015019,0.5484,1,0
CUST001497,0.0782,0,0
CUST017136,0.9083,1,1
CUST019991,0.0888,0,0
CUST025304,0.0519,0,0
CUST042207,0.1585,0,0
CUST041562,0.0376,0,0
CUST033934,0.7268,1,0
CUST008403,0.1719,0,0
CUST049937,0.0586,0,0
CUST011277,0.0795,0,0
CUST046956,0.0548,0,0
CUST035469,0.0881,0,0
CUST047165,0.0984,0,0
CUST017933,0.0894,0,0
CUST024526,0.4376,0,0
CUST001932,0.3714,0,0
CUST029594,0.0849,0,0
CUST042942,0.2986,0,0
CUST011845,0.4909,0,0
CUST007773,0.0693,0,0
CUST044899,0.6274,1,0
CUST029598,0.6479,1,0
CUST001822,0.1026,0,0
CUST042741,0.0584,0,0
CUST008454,0.102,0,0
CUST025654,0.0462,0,0
CUST005186,0.8118,1,0
CUST030834,0.1743,0,0
CUST049594,0.0968,0,0
CUST014447,0.054,0,0
CUST035374,0.4955,0,0
CUST014617,0.0897,0,0
CUST040831,0.7485,1,1
CUST021842,0.6764,1,0
CUST046323,0.5496,1,0
CUST049017,0.1078,0,0
CUST023232,0.8898,1,0
CUST049099,0.5017,1,0
CUST008997,0.7472,1,0
CUST031707,0.1371,0,0
CUST017685,0.358,0,1
CUST017066,0.1495,0,0
CUST014568,0.0574,0,0
CUST013256,0.0571,0,0
CUST034389,0.6232,1,0
CUST016828,0.0884,0,0
CUST023100,0.0655,0,1
CUST018040,0.1289,0,0
CUST015399,0.0509,0,0
CUST032830,0.0394,0,0
CUST008857,0.2969,0,0
CUST029689,0.1649,0,0
CUST024792,0.1908,0,0
CUST007201,0.049,0,0
CUST021560,0.7919,1,0
CUST004764,0.0912,0,0
CUST004674,0.1108,0,0
CUST013505,0.0862,0,0
CUST026207,0.0671,0,0
CUST033245,0.0913,0,0
CUST002421,0.1794,0,0
CUST018442,0.1134,0,0
CUST039936,0.0453,0,0
CUST006667,0.1157,0,0
CUST024850,0.0753,0,0
CUST024159,0.0757,0,0
CUST026518,0.6033,1,0
CUST023115,0.1048,0,0
CUST009271,0.336,0,0
CUST045334,0.2052,0,0
CUST003526,0.0604,0,0
CUST037239,0.4692,0,0
CUST025483,0.0503,0,0
CUST036167,0.3913,0,0
CUST014571,0.7987,1,0
CUST016407,0.0884,0,0
CUST041730,0.1045,0,0
CUST038066,0.0813,0,0
CUST020910,0.8505,1,1
CUST000346,0.337,0,0
CUST036652,0.1093,0,0
CUST015655,0.0364,0,0
CUST024357,0.1487,0,0
CUST007611,0.3096,0,0
CUST002994,0.0386,0,0
CUST010251,0.0675,0,0
CUST002555,0.6793,1,0
CUST012069,0.0675,0,0
CUST017855,0.5943,1,0
CUST037044,0.5999,1,0
CUST030251,0.0675,0,0
CUST045595,0.0884,0,0
CUST029671,0.6369,1,0
CUST011397,0.2005,0,0
CUST038215,0.8146,1,0
CUST041728,0.1811,0,0
CUST048277,0.1057,0,0
CUST024114,0.6618,1,0
CUST002285,0.0818,0,0
CUST045953,0.1858,0,0
CUST009065,0.0789,0,0
CUST014566,0.4234,0,0
CUST022391,0.1163,0,0
CUST039179,0.1057,0,0
CUST032531,0.8991,1,0
CUST004664,0.9294,1,0
CUST034168,0.1001,0,0
CUST029298,0.0495,0,0
CUST023829,0.1159,0,0
CUST049850,0.1275,0,0
CUST041344,0.0836,0,0
CUST044924,0.249,0,0
CUST019682,0.1727,0,0
CUST029543,0.8991,1,1
CUST017732,0.4723,0,0
CUST010195,0.6329,1,0
CUST005165,0.0401,0,0
CUST035542,0.8613,1,0
CUST044338,0.0449,0,0
CUST014414,0.1508,0,0
CUST032895,0.0883,0,0
CUST031608,0.8156,1,0
CUST014748,0.0383,0,0
CUST025001,0.5825,1,1
CUST037349,0.8237,1,1
CUST041025,0.0819,0,0
CUST007946,0.3078,0,0
CUST004055,0.8688,1,1
CUST046127,0.1394,0,0
CUST048176,0.2316,0,0
CUST008462,0.0675,0,0
CUST037512,0.1192,0,0
CUST019041,0.2122,0,1
CUST023410,0.083,0,0
CUST033625,0.7678,1,0
CUST048474,0.0396,0,0
CUST008023,0.0443,0,0
CUST036426,0.8131,1,0
CUST012394,0.2841,0,0
CUST048141,0.0893,0,0
CUST014769,0.0552,0,0
CUST012872,0.0579,0,0
CUST029698,0.7725,1,0
CUST003300,0.0739,0,0
CUST036154,0.107,0,0
CUST041501,0.0675,0,0
CUST042699,0.1506,0,0
CUST034952,0.2169,0,0
CUST016637,0.1259,0,0
CUST028504,0.2413,0,0
CUST010177,0.1348,0,0
CUST043475,0.1206,0,0
CUST044607,0.2523,0,0
CUST000675,0.3429,0,0
CUST035774,0.0676,0,0
CUST030935,0.0866,0,0
CUST030715,0.0675,0,0
CUST047173,0.2259,0,0
CUST020850,0.0534,0,0
CUST011052,0.1042,0,0
CUST018325,0.1798,0,0
CUST031310,0.0632,0,0
CUST001933,0.0865,0,0
CUST045688,0.1453,0,0
CUST038939,0.0608,0,0
CUST019693,0.2044,0,0
CUST002038,0.0553,0,0
CUST041319,0.1076,0,0
CUST020199,0.0662,0,0
CUST031152,0.3349,0,0
CUST024053,0.1509,0,0
CUST015780,0.925,1,1
CUST013734,0.3499,0,0
CUST016881,0.1097,0,0
CUST026936,0.0905,0,0
CUST018510,0.4425,0,0
CUST004091,0.0675,0,0
CUST031386,0.1534,0,0
CUST010512,0.0781,0,0
CUST000557,0.0624,0,0
CUST017154,0.0728,0,0
CUST043255,0.0495,0,0
CUST022501,0.5673,1,0
CUST037723,0.085,0,0
CUST004009,0.8897,1,0
CUST021751,0.3595,0,0
CUST037171,0.7796,1,0
CUST003337,0.4381,0,0
CUST034416,0.0903,0,0
CUST032746,0.1468,0,0
CUST044234,0.0869,0,0
CUST048764,0.0807,0,0
CUST044808,0.4004,0,0
CUST043990,0.4441,0,0
CUST000892,0.8974,1,1
CUST039800,0.0495,0,0
CUST035957,0.1053,0,0
CUST033358,0.1015,0,0
CUST046202,0.0628,0,0
CUST038355,0.0602,0,0
CUST007259,0.0509,0,0
CUST012792,0.0802,0,0
CUST012696,0.1466,0,0
CUST010650,0.3996,0,0
CUST028416,0.0629,0,0
CUST010427,0.0936,0,0
CUST016328,0.0834,0,0
CUST046360,0.0828,0,0
CUST011691,0.5244,1,0
CUST027482,0.8577,1,0
CUST043464,0.0693,0,0
CUST000634,0.3898,0,0
CUST017369,0.1574,0,0
CUST000758,0.2774,0,0
CUST044982,0.0603,0,0
CUST047225,0.3851,0,0
CUST014361,0.1445,0,0
CUST040486,0.8877,1,0
CUST003901,0.1212,0,0
CUST046052,0.1994,0,0
CUST025596,0.6988,1,0
CUST017522,0.7415,1,0
CUST021285,0.5655,1,0
CUST042213,0.4799,0,0
CUST042342,0.5248,1,0
CUST012297,0.0625,0,0
CUST031042,0.0577,0,0
CUST001621,0.8898,1,1
CUST009040,0.1195,0,0
CUST027929,0.0675,0,0
CUST044018,0.5507,1,0
CUST048743,0.0675,0,0
CUST012960,0.0723,0,0
CUST004788,0.1515,0,0
CUST032365,0.3927,0,0
CUST011189,0.5922,1,0
CUST010774,0.0444,0,0
CUST005973,0.0967,0,0
CUST042313,0.0581,0,0
CUST037215,0.1431,0,0
CUST024567,0.0569,0,0
CUST018273,0.051,0,0
CUST030858,0.0623,0,0
CUST028346,0.1619,0,0
CUST010745,0.0522,0,0
CUST032290,0.2205,0,0
CUST044262,0.5293,1,0
CUST031257,0.1169,0,0
CUST004256,0.077,0,0
CUST034821,0.0643,0,0
CUST004357,0.0732,0,0
CUST027970,0.4808,0,0
CUST038366,0.0606,0,0
CUST009507,0.079,0,0
CUST002225,0.4486,0,0
CUST017887,0.0907,0,0
CUST024422,0.0631,0,0
CUST004725,0.102,0,0
CUST032689,0.1853,0,0
CUST016261,0.1239,0,0
CUST013608,0.1388,0,0
CUST011054,0.1599,0,0
CUST045721,0.0927,0,0
CUST042222,0.2122,0,0
CUST019295,0.1154,0,0
CUST042908,0.0485,0,0
CUST018947,0.0675,0,0
CUST008339,0.4067,0,0
CUST046900,0.6034,1,0
CUST023055,0.05,0,0
CUST035076,0.1388,0,0
CUST001282,0.1083,0,0
CUST035840,0.0961,0,0
CUST031398,0.4201,0,0
CUST023022,0.1106,0,0
CUST003612,0.0839,0,0
CUST025803,0.061,0,0
CUST040493,0.049,0,0
CUST003554,0.1324,0,0
CUST018688,0.8668,1,0
CUST037527,0.1202,0,0
CUST030580,0.0579,0,0
CUST032601,0.0906,0,0
CUST049748,0.0675,0,0
CUST033283,0.0644,0,0
CUST041604,0.1345,0,0
CUST003334,0.8974,1,0
CUST029927,0.0697,0,0
CUST021364,0.1306,0,0
CUST008543,0.899,1,0
CUST011767,0.0951,0,0
CUST019044,0.2647,0,0
CUST026413,0.1811,0,0
CUST027436,0.8002,1,0
CUST033960,0.0634,0,0
CUST047336,0.0675,0,0
CUST001519,0.3403,0,0
CUST001325,0.0707,0,0
CUST030637,0.8569,1,0
CUST018741,0.6291,1,0
CUST017526,0.0496,0,0
CUST024300,0.1487,0,0
CUST017553,0.0755,0,0
CUST037599,0.0808,0,0
CUST036466,0.0675,0,0
CUST047180,0.5457,1,0
CUST013037,0.1459,0,0
CUST028989,0.1267,0,0
CUST035352,0.0683,0,0
CUST027380,0.0961,0,0
CUST037421,0.1972,0,0
CUST027610,0.1144,0,0
CUST008344,0.2658,0,0
CUST036485,0.0459,0,0
CUST003569,0.0574,0,0
CUST036993,0.1404,0,0
CUST043438,0.4698,0,0
CUST024769,0.3084,0,0
CUST003925,0.0842,0,0
CUST035599,0.1701,0,0
CUST028735,0.1164,0,0
CUST047454,0.0746,0,0
CUST025412,0.8919,1,1
CUST020045,0.2079,0,0
CUST042080,0.0407,0,0
CUST044990,0.1598,0,0
CUST017509,0.1364,0,0
CUST049352,0.1095,0,0
CUST038393,0.3787,0,0
CUST002395,0.4074,0,0
CUST032321,0.8943,1,0
CUST012332,0.141,0,0
CUST049362,0.1601,0,0
CUST002840,0.6005,1,0
CUST019752,0.0604,0,0
CUST010834,0.254,0,0
CUST013358,0.1298,0,0
CUST009309,0.7355,1,1
CUST026339,0.0371,0,0
CUST013096,0.0856,0,0
CUST008760,0.8021,1,0
CUST037677,0.1282,0,0
CUST011099,0.1453,0,0
CUST026508,0.0675,0,0
CUST006483,0.0753,0,0
CUST015086,0.0415,0,0
CUST040171,0.1795,0,0
CUST039435,0.368,0,0
CUST027374,0.1029,0,0
CUST045095,0.6333,1,0
CUST012454,0.415,0,0
CUST034767,0.0961,0,0
CUST015922,0.8872,1,0
CUST001813,0.9041,1,1
CUST049950,0.2714,0,0
CUST016778,0.1071,0,0
CUST040249,0.0626,0,0
CUST000272,0.0724,0,0
CUST047149,0.108,0,0
CUST028325,0.3528,0,0
CUST030225,0.4631,0,0
CUST038206,0.0614,0,0
CUST012078,0.195,0,0
CUST028441,0.352,0,0
CUST023839,0.8133,1,0
CUST002576,0.7749,1,1
CUST038684,0.0618,0,0
CUST024583,0.15,0,0
CUST026808,0.1205,0,0
CUST046046,0.5749,1,0
CUST018192,0.1087,0,0
CUST015556,0.1163,0,0
CUST018468,0.0656,0,0
CUST003410,0.2734,0,0
CUST000608,0.0712,0,0
CUST037522,0.6167,1,0
CUST029222,0.0904,0,0
CUST046343,0.1285,0,0
CUST003343,0.8602,1,0
CUST017995,0.8991,1,0
CUST040862,0.1298,0,0
CUST024217,0.0674,0,0
CUST006542,0.5116,1,0
CUST012882,0.1286,0,0
CUST014127,0.0778,0,0
CUST043828,0.1194,0,0
CUST026874,0.075,0,0
CUST009094,0.8519,1,0
CUST038163,0.0967,0,0
CUST027434,0.071,0,0
CUST004334,0.0471,0,0
CUST024920,0.0894,0,0
CUST044870,0.0517,0,0
CUST046119,0.5433,1,0
CUST024546,0.5277,1,0
CUST002570,0.4054,0,0
CUST026215,0.0672,0,0
CUST034483,0.1707,0,0
CUST033961,0.0957,0,0
CUST016191,0.1028,0,0
CUST034546,0.1144,0,0
CUST038940,0.2271,0,0
CUST004996,0.403,0,0
CUST011292,0.1289,0,0
CUST000071,0.1011,0,0
CUST039011,0.2949,0,0
CUST045107,0.0964,0,0
CUST042506,0.1015,0,0
CUST024467,0.0813,0,0
CUST040197,0.4669,0,1
CUST013717,0.2,0,0
CUST044936,0.0675,0,0
CUST020988,0.0652,0,0
CUST013046,0.4318,0,0
CUST040955,0.0733,0,0
CUST020995,0.0675,0,0
CUST045794,0.0634,0,0
CUST032490,0.092,0,0
CUST005021,0.9006,1,0
CUST049766,0.0592,0,0
CUST035217,0.0869,0,0
CUST021000,0.5963,1,0
CUST035799,0.5766,1,0
CUST046100,0.3333,0,0
CUST036400,0.7716,1,0
CUST014335,0.067,0,0
CUST015378,0.0572,0,0
CUST043532,0.0885,0,0
CUST037553,0.1899,0,0
CUST029154,0.5166,1,0
CUST048340,0.0834,0,0
CUST045365,0.4221,0,0
CUST023542,0.4005,0,0
CUST002530,0.8606,1,0
CUST038776,0.6896,1,0
CUST000275,0.8393,1,0
CUST045199,0.2577,0,0
CUST038413,0.0495,0,0
CUST010652,0.0793,0,0
CUST036835,0.0835,0,0
CUST023738,0.5777,1,0
CUST030257,0.8445,1,0
CUST027394,0.4005,0,0
CUST034449,0.113,0,0
CUST018614,0.5122,1,0
CUST046111,0.0725,0,0
CUST001092,0.1182,0,0
CUST022135,0.0518,0,0
CUST022357,0.0668,0,0
CUST007419,0.1442,0,0
CUST015844,0.4238,0,0
CUST028030,0.536,1,0
CUST027609,0.6092,1,0
CUST011857,0.2831,0,0
CUST048282,0.0891,0,0
CUST018224,0.0675,0,0
CUST036282,0.5144,1,0
CUST041128,0.8357,1,0
CUST017428,0.2512,0,0
CUST005978,0.0813,0,0
CUST021028,0.8991,1,0
CUST024529,0.8102,1,0
CUST013419,0.1096,0,0
CUST048914,0.0849,0,0
CUST049963,0.1416,0,0
CUST032019,0.0833,0,0
CUST037151,0.0769,0,0
CUST043626,0.0919,0,0
CUST015388,0.3865,0,0
CUST000070,0.0724,0,0
CUST013836,0.0586,0,0
CUST022265,0.1157,0,0
CUST016048,0.2168,0,0
CUST028084,0.3809,0,0
CUST037182,0.8498,1,0
CUST016953,0.0454,0,0
CUST007468,0.1185,0,0
CUST030768,0.1108,0,0
CUST027433,0.8467,1,0
CUST003055,0.2024,0,0
CUST018403,0.1876,0,0
CUST026745,0.0675,0,0
CUST042960,0.8154,1,0
CUST004824,0.0821,0,0
CUST042752,0.0587,0,0
CUST025923,0.075,0,0
CUST030302,0.2007,0,0
CUST032498,0.0866,0,0
CUST047972,0.2003,0,0
CUST044381,0.5879,1,0
CUST032588,0.0385,0,0
CUST015024,0.0424,0,0
CUST040163,0.8868,1,0
CUST037335,0.0891,0,0
CUST018705,0.4148,0,0
CUST020500,0.7807,1,0
CUST049149,0.1082,0,0
CUST044350,0.3887,0,0
CUST032322,0.1843,0,0
CUST037866,0.07,0,0
CUST035619,0.0862,0,0
CUST007401,0.108,0,0
CUST023262,0.6354,1,0
CUST001440,0.466,0,0
CUST042777,0.2224,0,0
CUST030258,0.152,0,0
CUST000707,0.3514,0,0
CUST005844,0.1271,0,0
CUST008674,0.1543,0,0
CUST038712,0.3594,0,0
CUST012708,0.1189,0,0
CUST040896,0.3835,0,0
CUST015771,0.1252,0,0
CUST013677,0.4953,0,0
CUST043177,0.0672,0,0
CUST015971,0.1725,0,0
CUST033528,0.6069,1,0
CUST019505,0.1029,0,0
CUST007831,0.1493,0,0
CUST008844,0.8309,1,0
CUST042798,0.4953,0,0
CUST038823,0.8623,1,1
CUST021994,0.3789,0,0
CUST043365,0.516,1,0
CUST035901,0.0618,0,0
CUST042156,0.5028,1,0
CUST042017,0.168,0,0
CUST017000,0.0815,0,0
CUST021142,0.8894,1,0
CUST047584,0.3457,0,0
CUST003848,0.0449,0,0
CUST019930,0.8822,1,0
CUST044790,0.6059,1,0
CUST032220,0.5531,1,0
CUST031948,0.0907,0,0
CUST031169,0.1683,0,0
CUST010034,0.1084,0,0
CUST035970,0.3438,0,0
CUST031010,0.0623,0,0
CUST041760,0.1209,0,0
CUST026687,0.0533,0,0
CUST035066,0.4849,0,0
CUST035564,0.1337,0,0
CUST007136,0.1896,0,0
CUST006280,0.1027,0,0
CUST024108,0.1128,0,0
CUST029930,0.0416,0,0
CUST020364,0.1303,0,0
CUST011063,0.1083,0,0
CUST049595,0.427,0,0
CUST005552,0.0945,0,0
CUST014066,0.0722,0,0
CUST004705,0.111,0,0
CUST043066,0.0961,0,0
CUST000354,0.0522,0,0
CUST005616,0.096,0,0
CUST007536,0.1277,0,0
CUST030381,0.1065,0,0
CUST035670,0.5171,1,0
CUST006681,0.1019,0,0
CUST004545,0.0682,0,0
CUST034373,0.1311,0,0
CUST005534,0.1902,0,0
CUST048234,0.0989,0,0
CUST034479,0.1827,0,0
CUST027401,0.1503,0,0
CUST021089,0.068,0,0
CUST027039,0.4275,0,0
CUST004440,0.0704,0,0
CUST045238,0.2405,0,0
CUST027124,0.2864,0,1
CUST020412,0.8375,1,0
CUST024267,0.1877,0,0
CUST049002,0.8013,1,1
CUST020818,0.1425,0,0
CUST042795,0.0777,0,0
CUST031851,0.7601,1,0
CUST017159,0.4702,0,0
CUST031710,0.3087,0,0
CUST032170,0.0675,0,0
CUST024912,0.12,0,0
CUST017657,0.0786,0,0
CUST006308,0.0675,0,0
CUST012571,0.5939,1,0
CUST013767,0.0725,0,0
CUST047500,0.1161,0,0
CUST017961,0.0566,0,0
CUST048929,0.2573,0,0
CUST023707,0.166,0,0
CUST046858,0.8817,1,1
CUST036843,0.1006,0,0
CUST049740,0.217,0,0
CUST032148,0.4092,0,0
CUST046963,0.0598,0,0
CUST009675,0.4738,0,0
CUST031001,0.0557,0,0
CUST029558,0.1078,0,0
CUST005277,0.0604,0,0
CUST049198,0.0837,0,0
CUST039140,0.0482,0,0
CUST047789,0.2997,0,0
CUST035040,0.4895,0,0
CUST012007,0.1179,0,0
CUST008516,0.284,0,0
CUST038579,0.7965,1,0
CUST048524,0.1112,0,0
CUST038416,0.2476,0,0
CUST048252,0.0614,0,0
CUST014711,0.1326,0,0
CUST046063,0.0602,0,0
CUST024802,0.0912,0,0
CUST015841,0.3694,0,0
CUST015038,0.1021,0,0
CUST019082,0.528,1,0
CUST049948,0.0524,0,0
CUST022356,0.038,0,0
CUST047350,0.1636,0,0
CUST021234,0.9117,1,1
CUST006947,0.8171,1,1
CUST028832,0.102,0,0
CUST027873,0.8517,1,0
CUST030255,0.6104,1,0
CUST044886,0.0724,0,0
CUST004276,0.208,0,0
CUST049478,0.2657,0,0
CUST002305,0.1061,0,0
CUST030756,0.0912,0,0
CUST046656,0.0802,0,0
CUST003854,0.376,0,0
CUST018172,0.4686,0,0
CUST023031,0.1051,0,0
CUST021248,0.8131,1,0
CUST017252,0.6284,1,0
CUST046623,0.0784,0,0
CUST005071,0.1403,0,0
CUST044471,0.5008,1,0
CUST019204,0.5667,1,0
CUST019378,0.6025,1,0
CUST013082,0.1202,0,0
CUST049384,0.0806,0,0
CUST034197,0.8678,1,1
CUST013952,0.0384,0,0
CUST026067,0.0815,0,0
CUST035847,0.3487,0,0
CUST025120,0.0712,0,0
CUST045465,0.0587,0,0
CUST018502,0.4215,0,0
CUST014681,0.1499,0,0
CUST003175,0.0675,0,0
CUST042672,0.0495,0,0
CUST022218,0.2132,0,0
CUST034467,0.3991,0,0
CUST020473,0.4254,0,0
CUST024048,0.7224,1,0
CUST038230,0.1016,0,0
CUST032326,0.1061,0,0
CUST006058,0.1097,0,0
CUST006265,0.0628,0,0
CUST009791,0.2587,0,0
CUST040985,0.3267,0,0
CUST025135,0.0716,0,0
CUST022916,0.2519,0,0
CUST035733,0.483,0,0
CUST021836,0.2787,0,0
CUST048208,0.207,0,0
CUST034690,0.1197,0,0
CUST017070,0.131,0,0
CUST029931,0.0903,0,0
CUST005887,0.0789,0,0
CUST028683,0.0543,0,0
CUST002394,0.0741,0,0
CUST010159,0.1688,0,0
CUST026856,0.8086,1,0
CUST044269,0.4192,0,0
CUST032336,0.0746,0,0
CUST007105,0.4005,0,0
CUST006804,0.1374,0,0
CUST024940,0.1003,0,0
CUST029259,0.0498,0,0
CUST039043,0.0592,0,0
CUST046511,0.4507,0,0
CUST042755,0.6908,1,0
CUST010844,0.1039,0,0
CUST031320,0.1265,0,0
CUST028001,0.0499,0,0
CUST042962,0.1048,0,0
CUST029503,0.1752,0,0
CUST027827,0.0833,0,0
CUST004767,0.8717,1,0
CUST017405,0.1025,0,0
CUST022642,0.077,0,0
CUST033785,0.0675,0,0
CUST041457,0.0581,0,0
CUST003763,0.0789,0,0
CUST023134,0.1365,0,0
CUST010688,0.4201,0,0
CUST043153,0.3485,0,0
CUST041270,0.0461,0,0
CUST031241,0.1622,0,0
CUST047863,0.0557,0,0
CUST033926,0.1534,0,0
CUST011144,0.3607,0,0
CUST012604,0.2267,0,0
CUST013586,0.0662,0,0
CUST005114,0.0832,0,0
CUST013395,0.2047,0,0
CUST019055,0.0895,0,0
CUST047625,0.0716,0,0
CUST018293,0.1667,0,0
CUST011164,0.8937,1,0
CUST008133,0.088,0,0
CUST041367,0.1911,0,0
CUST041514,0.0921,0,0
CUST011270,0.3018,0,0
CUST014594,0.1954,0,0
CUST010793,0.2038,0,0
CUST026667,0.2099,0,0
CUST034356,0.2227,0,0
CUST031211,0.3708,0,0
CUST048771,0.1464,0,0
CUST023234,0.1428,0,0
CUST041360,0.0602,0,0
CUST044397,0.0593,0,0
CUST036398,0.0391,0,0
CUST042173,0.2111,0,0
CUST040180,0.2419,0,0
CUST012661,0.1864,0,0
CUST036141,0.0634,0,0
CUST033588,0.154,0,0
CUST016234,0.6021,1,0
CUST031135,0.0809,0,0
CUST047778,0.1377,0,0
CUST040293,0.0878,0,0
CUST005738,0.1507,0,0
CUST039203,0.0537,0,0
CUST024573,0.0737,0,0
CUST020140,0.057,0,0
CUST033162,0.5049,1,0
CUST001957,0.0465,0,0
CUST028334,0.0578,0,0
CUST040073,0.1057,0,0
CUST000798,0.11,0,0
CUST045568,0.1042,0,0
CUST005639,0.0896,0,0
CUST031884,0.1151,0,0
CUST024740,0.063,0,0
CUST040369,0.0452,0,0
CUST040832,0.4675,0,0
CUST004387,0.7571,1,0
CUST020361,0.8834,1,0
CUST036407,0.0963,0,0
CUST032976,0.6404,1,0
CUST016894,0.1517,0,0
CUST035178,0.0753,0,0
CUST046349,0.0999,0,0
CUST036876,0.3597,0,0
CUST010726,0.0999,0,0
CUST000400,0.1062,0,0
CUST011342,0.7992,1,0
CUST013045,0.0768,0,0
CUST003865,0.9108,1,1
CUST003963,0.6813,1,0
CUST029967,0.0949,0,0
CUST047770,0.7485,1,0
CUST029991,0.1924,0,0
CUST003041,0.2023,0,0
CUST025816,0.0709,0,0
CUST014236,0.8053,1,0
CUST038955,0.7268,1,0
CUST013276,0.0495,0,0
CUST045663,0.0514,0,0
CUST018785,0.7696,1,0
CUST015665,0.046,0,0
CUST012281,0.0821,0,0
CUST043579,0.2799,0,0
CUST005686,0.0675,0,0
CUST010260,0.0538,0,0
CUST033064,0.0994,0,0
CUST028804,0.8017,1,0
CUST025149,0.5673,1,0
CUST026395,0.7628,1,0
CUST034609,0.0924,0,0
CUST017173,0.1133,0,0
CUST031795,0.7985,1,0
CUST046968,0.6045,1,1
CUST008487,0.121,0,0
CUST007449,0.1337,0,0
CUST026334,0.8519,1,0
CUST003355,0.4588,0,0
CUST048179,0.1145,0,0
CUST036570,0.0916,0,0
CUST038670,0.1761,0,0
CUST029322,0.2409,0,0
CUST043910,0.0772,0,0
CUST030859,0.1276,0,0
CUST001368,0.0753,0,0
CUST038210,0.1807,0,0
CUST036828,0.0998,0,0
CUST047905,0.0616,0,0
CUST011552,0.0862,0,0
CUST032527,0.0553,0,0
CUST047773,0.3067,0,0
CUST039609,0.1582,0,0
CUST002385,0.1994,0,0
CUST011858,0.0643,0,0
CUST039966,0.2813,0,0
CUST040228,0.0461,0,0
CUST007511,0.1876,0,0
CUST014511,0.1395,0,0
CUST040713,0.1787,0,0
CUST005044,0.0549,0,0
CUST018496,0.0882,0,0
CUST040088,0.1352,0,0
CUST034922,0.1362,0,0
CUST013055,0.1249,0,0
CUST025665,0.6533,1,0
CUST035225,0.0976,0,0
CUST008242,0.099,0,0
CUST018890,0.1119,0,0
CUST015437,0.3442,0,0
CUST001222,0.0519,0,0
CUST021481,0.0546,0,0
CUST020598,0.2029,0,0
CUST016373,0.2646,0,0
CUST042766,0.1475,0,0
CUST001570,0.1629,0,0
CUST012215,0.0675,0,0
CUST047436,0.1799,0,0
CUST005025,0.1849,0,0
CUST017060,0.0721,0,0
CUST049619,0.1082,0,0
CUST025144,0.5585,1,0
CUST020133,0.1415,0,0
CUST001842,0.096,0,0
CUST025722,0.0529,0,0
CUST026159,0.5678,1,0
CUST009494,0.0395,0,0
CUST015185,0.7149,1,0
CUST038907,0.0634,0,0
CUST015932,0.1798,0,0
CUST046018,0.0802,0,0
CUST042096,0.0553,0,0
CUST040190,0.0822,0,0
CUST028809,0.066,0,0
CUST023228,0.0525,0,0
CUST017394,0.0771,0,0
CUST042381,0.0771,0,0
CUST024132,0.2734,0,0
CUST034298,0.7839,1,1
CUST038119,0.2,0,0
CUST009901,0.054,0,0
CUST004220,0.1244,0,0
CUST049015,0.0781,0,0
CUST017031,0.0724,0,0
CUST014071,0.1863,0,0
CUST012839,0.2026,0,0
CUST031848,0.2973,0,0
CUST016399,0.0684,0,0
CUST018032,0.0662,0,0
CUST007006,0.0396,0,0
CUST016332,0.1368,0,0
CUST031150,0.0707,0,0
CUST018182,0.077,0,0
CUST024060,0.0803,0,0
CUST002320,0.3305,0,0
CUST044114,0.8659,1,0
CUST003064,0.0707,0,0
CUST010998,0.0675,0,0
CUST008817,0.352,0,1
CUST048616,0.0716,0,0
CUST035695,0.058,0,0
CUST007998,0.8561,1,0
CUST041736,0.0885,0,0
CUST037653,0.1235,0,0
CUST018140,0.1221,0,0
CUST029902,0.0545,0,0
CUST023710,0.0798,0,0
CUST047520,0.119,0,0
CUST012230,0.3812,0,0
CUST035266,0.283,0,0
CUST039146,0.4643,0,0
CUST044771,0.0675,0,0
CUST039856,0.6913,1,0
CUST006070,0.2734,0,0
CUST003594,0.1511,0,0
CUST028821,0.1811,0,0
CUST004491,0.3336,0,0
CUST027323,0.1072,0,0
CUST049760,0.0392,0,0
CUST002755,0.0632,0,0
CUST028160,0.052,0,0
CUST048412,0.2778,0,0
CUST024815,0.0647,0,0
CUST027747,0.6544,1,0
CUST044120,0.0692,0,0
CUST017626,0.2275,0,0
CUST027943,0.0933,0,0
CUST004839,0.2086,0,0
CUST031186,0.0594,0,0
CUST011826,0.4558,0,0
CUST022010,0.6077,1,0
CUST001853,0.0675,0,0
CUST007577,0.3651,0,0
CUST002494,0.059,0,0
CUST016574,0.1468,0,0
CUST002833,0.4497,0,0
CUST011740,0.1304,0,0
CUST009740,0.1117,0,0
CUST049089,0.7839,1,0
CUST040272,0.4818,0,0
CUST010599,0.0644,0,0
CUST039219,0.0823,0,0
CUST025005,0.0799,0,0
CUST049966,0.3816,0,0
CUST037384,0.2144,0,0
CUST005357,0.3682,0,0
CUST020905,0.0737,0,0
CUST041811,0.0473,0,0
CUST021603,0.1838,0,0
CUST023096,0.3481,0,0
CUST031676,0.0788,0,0
CUST001902,0.1312,0,0
CUST027737,0.1231,0,0
CUST046464,0.1243,0,0
CUST029506,0.337,0,0
CUST008841,0.5578,1,0
CUST016922,0.1701,0,0
CUST032454,0.6779,1,1
CUST046707,0.1096,0,0
CUST005759,0.1331,0,0
CUST035055,0.7337,1,1
CUST040243,0.433,0,0
CUST046001,0.8008,1,0
CUST049622,0.0642,0,0
CUST044812,0.6463,1,0
CUST003928,0.7634,1,0
CUST002503,0.8991,1,1
CUST005667,0.0451,0,0
CUST032920,0.1544,0,0
CUST023501,0.1019,0,0
CUST023876,0.1421,0,0
CUST020732,0.0493,0,0
CUST028570,0.3672,0,0
CUST015273,0.1126,0,0
CUST017972,0.5411,1,0
CUST023692,0.146,0,0
CUST009124,0.0587,0,0
CUST025787,0.4527,0,0
CUST009412,0.1027,0,0
CUST000865,0.0786,0,0
CUST032935,0.0421,0,0
CUST003451,0.0515,0,0
CUST003858,0.2271,0,0
CUST035284,0.2874,0,0
CUST043225,0.1514,0,0
CUST011135,0.0933,0,0
CUST013406,0.0457,0,0
CUST039326,0.3319,0,0
CUST001613,0.1556,0,0
CUST035114,0.1108,0,0
CUST014804,0.2038,0,0
CUST018742,0.8018,1,0
CUST042219,0.0783,0,0
CUST047723,0.7162,1,0
CUST018045,0.1647,0,0
CUST004412,0.0814,0,0
CUST020645,0.0607,0,0
CUST013047,0.2701,0,0
CUST005154,0.0693,0,0
CUST043957,0.0575,0,0
CUST042263,0.6005,1,0
CUST043452,0.0618,0,0
CUST000567,0.105,0,0
CUST033347,0.0531,0,0
CUST011534,0.6916,1,0
CUST001033,0.2674,0,0
CUST037868,0.0992,0,0
CUST035418,0.3681,0,0
CUST003525,0.6642,1,0
CUST018931,0.0985,0,0
CUST010896,0.5963,1,0
CUST009037,0.7721,1,0
CUST040554,0.0748,0,0
CUST037388,0.2992,0,0
CUST043097,0.7768,1,0
CUST020539,0.2481,0,0
CUST034340,0.0769,0,0
CUST007079,0.0753,0,0
CUST029000,0.3834,0,0
CUST004875,0.2003,0,0
CUST001147,0.6542,1,0
CUST026655,0.297,0,0
CUST005052,0.372,0,0
CUST023391,0.4727,0,0
CUST026996,0.135,0,0
CUST004726,0.7665,1,0
CUST039908,0.1604,0,0
CUST015639,0.0858,0,0
CUST039778,0.3917,0,0
CUST027582,0.796,1,0
CUST025273,0.1647,0,0
CUST044801,0.0578,0,0
CUST018973,0.9231,1,0
CUST040409,0.3394,0,0
CUST015422,0.637,1,0
CUST019015,0.1761,0,0
CUST011794,0.0978,0,0
CUST003293,0.0699,0,0
CUST005968,0.1615,0,0
CUST011641,0.2806,0,0
CUST041349,0.1161,0,0
CUST031872,0.1627,0,0
CUST045094,0.5673,1,1
CUST018919,0.0519,0,0
CUST038337,0.079,0,0
CUST013612,0.1691,0,0
CUST025609,0.0994,0,0
CUST030469,0.0511,0,0
CUST023478,0.1334,0,0
CUST031517,0.5338,1,0
CUST008577,0.2042,0,0
CUST014547,0.8632,1,0
CUST047296,0.2216,0,0
CUST021424,0.088,0,0
CUST011087,0.1094,0,0
CUST029166,0.0751,0,0
CUST041838,0.1709,0,0
CUST010568,0.0753,0,0
CUST042105,0.0629,0,0
CUST011769,0.3544,0,0
CUST025827,0.0852,0,0
CUST037807,0.0767,0,0
CUST039871,0.0635,0,0
CUST026488,0.7424,1,0
CUST036620,0.9294,1,1
CUST004800,0.2561,0,0
CUST000657,0.5058,1,1
CUST021969,0.0691,0,0
CUST048725,0.1139,0,0
CUST006209,0.0467,0,0
CUST008121,0.0626,0,0
CUST022892,0.4425,0,0
CUST046870,0.1512,0,0
CUST037429,0.8107,1,0
CUST047404,0.1687,0,0
CUST042886,0.7935,1,0
CUST032755,0.3148,0,0
CUST001585,0.2725,0,0
CUST004782,0.0796,0,0
CUST034849,0.8613,1,1
CUST025302,0.0731,0,0
CUST034617,0.084,0,0
CUST020619,0.4387,0,0
CUST026679,0.0961,0,0
CUST043640,0.0688,0,0
CUST013318,0.1462,0,0
CUST008089,0.0835,0,0
CUST013036,0.2102,0,0
CUST006122,0.1356,0,0
CUST006276,0.6006,1,0
CUST035590,0.5956,1,0
CUST026973,0.0844,0,0
CUST024444,0.5673,1,0
CUST043865,0.4792,0,0
CUST001059,0.1256,0,0
CUST015636,0.8879,1,0
CUST046536,0.3975,0,0
CUST025896,0.6472,1,0
CUST033400,0.0434,0,0
CUST005729,0.2124,0,0
CUST018900,0.266,0,0
CUST004888,0.1672,0,0
CUST017633,0.1127,0,0
CUST024822,0.337,0,0
CUST008971,0.5202,1,0
CUST042240,0.0837,0,0
CUST046989,0.1353,0,0
CUST036705,0.063,0,0
CUST020284,0.0852,0,0
CUST033932,0.1498,0,0
CUST039083,0.0493,0,0
CUST002433,0.2988,0,0
CUST033643,0.072,0,0
CUST031789,0.0573,0,0
CUST021385,0.2205,0,0
CUST018103,0.2,0,0
CUST039787,0.1436,0,0
CUST029866,0.2541,0,0
CUST039076,0.1025,0,0
CUST010828,0.2064,0,0
CUST024104,0.7418,1,0
CUST020521,0.3495,0,0
CUST044946,0.1574,0,0
CUST036087,0.1369,0,0
CUST014579,0.356,0,0
CUST010518,0.3407,0,0
CUST011462,0.1162,0,0
CUST035373,0.0616,0,0
CUST029012,0.7128,1,0
CUST029021,0.0582,0,0
CUST028815,0.0734,0,0
CUST018152,0.0558,0,0
CUST037011,0.45,0,0
CUST020220,0.177,0,0
CUST048853,0.1122,0,0
CUST008326,0.2343,0,0
CUST047020,0.1969,0,0
CUST024596,0.0937,0,0
CUST040431,0.0941,0,0
CUST035775,0.0919,0,0
CUST046706,0.1798,0,0
CUST031598,0.1703,0,0
CUST021229,0.2042,0,0
CUST027320,0.2282,0,0
CUST012650,0.0653,0,0
CUST007161,0.472,0,0
CUST046761,0.2187,0,0
CUST022287,0.0493,0,0
CUST038833,0.1081,0,0
CUST043487,0.8664,1,0
CUST010674,0.1547,0,0
CUST000705,0.0622,0,0
CUST049428,0.1655,0,0
CUST002497,0.688,1,0
CUST012935,0.2451,0,0
CUST011872,0.0623,0,0
CUST027660,0.1665,0,0
CUST010222,0.0594,0,0
CUST011642,0.1943,0,0
CUST041780,0.0939,0,0
CUST012398,0.069,0,0
CUST023953,0.1395,0,0
CUST015009,0.0579,0,0
CUST014815,0.1196,0,0
CUST018736,0.049,0,0
CUST034614,0.2592,0,0
CUST033734,0.1518,0,0
CUST030108,0.3762,0,0
CUST035513,0.1008,0,0
CUST034447,0.0704,0,0
CUST006778,0.0544,0,0
CUST006379,0.403,0,0
CUST035251,0.1569,0,0
CUST035895,0.8322,1,0
CUST011218,0.0715,0,0
CUST009622,0.0654,0,0
CUST022753,0.0712,0,0
CUST019539,0.0896,0,0
CUST036826,0.0557,0,0
CUST014326,0.1766,0,0
CUST032118,0.1159,0,0
CUST032115,0.0532,0,0
CUST029945,0.2267,0,0
CUST019104,0.5491,1,0
CUST043265,0.5765,1,0
CUST020038,0.3161,0,0
CUST020431,0.8821,1,0
CUST003676,0.0708,0,0
CUST035726,0.0832,0,0
CUST000508,0.0936,0,0
CUST047605,0.2281,0,0
CUST015040,0.054,0,0
CUST000448,0.8853,1,0
CUST019726,0.2297,0,0
CUST012169,0.1275,0,0
CUST049007,0.0846,0,0
CUST003775,0.7648,1,0
CUST045497,0.0556,0,0
CUST025970,0.3991,0,0
CUST048330,0.0666,0,0
CUST032811,0.2101,0,0
CUST024147,0.4313,0,0
CUST015926,0.0446,0,0
CUST043458,0.0483,0,0
CUST008969,0.1554,0,0
CUST031482,0.1302,0,0
CUST024385,0.0743,0,0
CUST011596,0.1087,0,0
CUST001438,0.1233,0,0
CUST047391,0.0835,0,0
CUST000786,0.0823,0,0
CUST048669,0.7877,1,0
CUST010432,0.7789,1,0
CUST014861,0.0399,0,0
CUST040150,0.2549,0,0
CUST016175,0.214,0,0
CUST018770,0.0594,0,0
CUST026529,0.4599,0,0
CUST019835,0.5257,1,0
CUST029342,0.0819,0,0
CUST048784,0.5293,1,0
CUST046771,0.112,0,0
CUST029613,0.151,0,0
CUST010973,0.0753,0,0
CUST007782,0.0753,0,0
CUST017267,0.1372,0,0
CUST034410,0.2297,0,0
CUST031961,0.0914,0,0
CUST032475,0.7839,1,1
CUST040993,0.5828,1,0
CUST013429,0.2127,0,0
CUST033552,0.0389,0,0
CUST019627,0.1178,0,0
CUST037467,0.0977,0,0
CUST049423,0.0581,0,0
CUST013051,0.0697,0,0
CUST043499,0.1032,0,0
CUST027330,0.2733,0,0
CUST047827,0.0534,0,0
CUST002515,0.0944,0,0
CUST048390,0.0675,0,0
CUST014313,0.1314,0,0
CUST048655,0.5159,1,0
CUST019814,0.1056,0,0
CUST031118,0.5161,1,0
CUST036063,0.4884,0,0
CUST003899,0.0596,0,0
CUST010707,0.2474,0,0
CUST022861,0.1997,0,0
CUST014903,0.8613,1,0
CUST008213,0.2113,0,0
CUST033399,0.8656,1,1
CUST000742,0.0461,0,0
CUST009291,0.1044,0,0
CUST017211,0.513,1,0
CUST008296,0.1099,0,0
CUST007695,0.0431,0,0
CUST040360,0.1272,0,0
CUST029030,0.2599,0,0
CUST023276,0.3073,0,0
CUST046521,0.1196,0,0
CUST010186,0.1282,0,0
CUST025586,0.1122,0,0
CUST047164,0.1216,0,0
CUST014948,0.4435,0,0
CUST031056,0.8991,1,0
CUST015847,0.0815,0,0
CUST015951,0.0675,0,0
CUST028163,0.0367,0,0
CUST040824,0.0494,0,0
CUST025476,0.8203,1,0
CUST049341,0.5982,1,0
CUST025989,0.0687,0,0
CUST043252,0.2787,0,0
CUST013839,0.0675,0,0
CUST008657,0.8156,1,0
CUST006752,0.1578,0,0
CUST002742,0.3672,0,0
CUST036641,0.082,0,0
CUST032784,0.4258,0,0
CUST043804,0.0843,0,0
CUST005225,0.6143,1,0
CUST042001,0.0425,0,0
CUST034247,0.1379,0,0
CUST000639,0.4211,0,0
CUST006263,0.1024,0,0
CUST024901,0.9341,1,1
CUST008535,0.0584,0,0
CUST037251,0.0557,0,0
CUST038175,0.0502,0,0
CUST032288,0.3681,0,0
CUST012103,0.8991,1,0
CUST028596,0.0403,0,0
CUST039874,0.0733,0,0
CUST027985,0.0602,0,0
CUST006530,0.8062,1,0
CUST018869,0.3081,0,0
CUST008434,0.145,0,0
CUST039588,0.0671,0,0
CUST035668,0.362,0,0
CUST034868,0.0597,0,0
CUST044490,0.0686,0,0
CUST018911,0.2056,0,0
CUST007491,0.8991,1,1
CUST033942,0.1404,0,0
CUST004648,0.8357,1,0
CUST032911,0.1427,0,0
CUST005427,0.1015,0,0
CUST031613,0.8133,1,0
CUST046791,0.8974,1,0
CUST008069,0.1076,0,0
CUST025394,0.0784,0,0
CUST020938,0.8624,1,0
CUST006705,0.1611,0,0
CUST025638,0.6861,1,0
CUST021976,0.1706,0,0
CUST014231,0.2961,0,0
CUST028128,0.0833,0,0
CUST002173,0.2602,0,0
CUST015869,0.1613,0,0
CUST025938,0.0622,0,0
CUST010279,0.6361,1,0
CUST032626,0.4227,0,0
CUST037233,0.1511,0,0
CUST034873,0.1035,0,0
CUST032416,0.0443,0,0
CUST045341,0.1846,0,0
CUST010413,0.5028,1,0
CUST027282,0.1456,0,0
CUST047073,0.0762,0,0
CUST014172,0.0787,0,0
CUST029432,0.2192,0,0
CUST018375,0.7496,1,0
CUST046940,0.433,0,0
CUST017320,0.0937,0,0
CUST047792,0.0907,0,0
CUST029215,0.2144,0,0
CUST010584,0.3759,0,1
CUST044657,0.0675,0,0
CUST003485,0.5466,1,0
CUST029728,0.4083,0,0
CUST008638,0.055,0,0
CUST044133,0.1516,0,0
CUST007235,0.1287,0,0
CUST037805,0.0957,0,0
CUST004872,0.5298,1,0
CUST048155,0.0782,0,0
CUST013155,0.4394,0,0
CUST031062,0.9006,1,1
CUST006985,0.0935,0,0
CUST041626,0.1006,0,0
CUST018730,0.867,1,0
CUST036336,0.6167,1,0
CUST043045,0.3695,0,0
CUST004619,0.2396,0,0
CUST046393,0.1314,0,0
CUST047354,0.0561,0,0
CUST046828,0.0397,0,0
CUST020570,0.8008,1,0
CUST041404,0.0782,0,0
CUST019575,0.1024,0,0
CUST034025,0.0581,0,0
CUST029459,0.1035,0,0
CUST047108,0.125,0,0
CUST011922,0.5585,1,0
CUST017006,0.7696,1,0
CUST038055,0.0851,0,0
CUST029668,0.0665,0,0
CUST004507,0.6499,1,0
CUST000574,0.3104,0,0
CUST016324,0.1533,0,0
CUST005586,0.2057,0,0
CUST003862,0.4506,0,0
CUST018119,0.0409,0,0
CUST001892,0.0604,0,0
CUST049215,0.5071,1,0
CUST003111,0.0753,0,0
CUST018302,0.1284,0,0
CUST043847,0.0741,0,0
CUST044441,0.1087,0,0
CUST011899,0.3655,0,0
CUST024801,0.2371,0,0
CUST024885,0.0894,0,0
CUST012231,0.1841,0,0
CUST042364,0.7021,1,0
CUST032695,0.088,0,0
CUST019382,0.3257,0,0
CUST048450,0.3456,0,0
CUST039718,0.0523,0,0
CUST039427,0.8916,1,0
CUST038244,0.0934,0,0
CUST041207,0.6921,1,0
CUST010603,0.2273,0,0
CUST027441,0.5212,1,0
CUST045415,0.0898,0,0
CUST048372,0.0703,0,0
CUST044934,0.1812,0,0
CUST025655,0.0755,0,0
CUST048570,0.0879,0,0
CUST038014,0.3378,0,0
CUST016769,0.0387,0,0
CUST038662,0.1725,0,0
CUST023054,0.089,0,0
CUST047743,0.5667,1,0
CUST007862,0.0776,0,0
CUST016461,0.3672,0,0
CUST043568,0.3254,0,0
CUST003002,0.1714,0,0
CUST013176,0.0789,0,0
CUST033644,0.0703,0,0
CUST027714,0.0815,0,0
CUST006893,0.0597,0,0
CUST012401,0.1462,0,0
CUST007405,0.0485,0,0
CUST002743,0.0573,0,0
CUST042113,0.8917,1,1
CUST009689,0.6812,1,0
CUST000564,0.1484,0,0
CUST033336,0.6005,1,0
CUST017695,0.2331,0,0
CUST010096,0.2913,0,0
CUST028581,0.1484,0,1
CUST032660,0.0451,0,0
CUST043437,0.1173,0,0
CUST013740,0.0499,0,0
CUST022282,0.8363,1,1
CUST030110,0.0667,0,0
CUST029171,0.1926,0,0
CUST003967,0.0971,0,0
CUST037636,0.0625,0,0
CUST024647,0.8772,1,0
CUST003141,0.6898,1,0
CUST002985,0.728,1,0
CUST013837,0.0675,0,0
CUST025652,0.038,0,0
CUST014992,0.0675,0,0
CUST023147,0.0715,0,0
CUST034346,0.0585,0,0
CUST027787,0.2441,0,0
CUST039629,0.0457,0,0
CUST002846,0.1598,0,0
CUST032272,0.0715,0,0
CUST041976,0.7498,1,0
CUST024046,0.0918,0,0
CUST047903,0.4408,0,0
CUST037232,0.1116,0,0
CUST008135,0.0646,0,0
CUST034637,0.151,0,0
CUST026639,0.3561,0,0
CUST044435,0.1882,0,0
CUST004926,0.6898,1,0
CUST003411,0.1565,0,0
CUST014017,0.6686,1,0
CUST005630,0.1097,0,0
CUST023814,0.6691,1,0
CUST049973,0.0655,0,0
CUST030740,0.1875,0,0
CUST031098,0.2143,0,0
CUST046759,0.0815,0,0
CUST033683,0.1259,0,0
CUST017363,0.0549,0,0
CUST046951,0.1185,0,0
CUST042232,0.2267,0,0
CUST034818,0.2204,0,0
CUST041536,0.0675,0,0
CUST037126,0.0961,0,0
CUST009764,0.807,1,0
CUST011385,0.4101,0,1
CUST017699,0.4196,0,0
CUST015128,0.2573,0,0
CUST019711,0.0934,0,0
CUST000573,0.1034,0,0
CUST018660,0.2267,0,0
CUST032932,0.5137,1,0
CUST022615,0.0954,0,0
CUST041534,0.1924,0,0
CUST023859,0.8595,1,0
CUST016854,0.1175,0,0
CUST024285,0.0611,0,0
CUST004236,0.0593,0,0
CUST043353,0.8171,1,0
CUST029175,0.2689,0,0
CUST017804,0.0638,0,0
CUST034171,0.0731,0,0
CUST046494,0.1892,0,0
CUST021141,0.0793,0,0
CUST009222,0.1671,0,0
CUST016947,0.0544,0,0
CUST012903,0.1044,0,0
CUST034772,0.8334,1,0
CUST016444,0.8991,1,0
CUST025751,0.1319,0,0
CUST000159,0.694,1,0
CUST000926,0.4735,0,0
CUST004813,0.8012,1,0
CUST045154,0.1047,0,0
CUST048055,0.5409,1,0
CUST009998,0.0988,0,0
CUST009977,0.0578,0,0
CUST036145,0.0516,0,0
CUST018368,0.0476,0,0
CUST044647,0.4967,0,0
CUST018825,0.0603,0,0
CUST010182,0.0837,0,0
CUST005212,0.0359,0,0
CUST040724,0.0955,0,0
CUST046821,0.0907,0,0
CUST030833,0.8422,1,0
CUST042793,0.0504,0,0
CUST004304,0.0488,0,0
CUST044627,0.1181,0,0
CUST010305,0.0784,0,0
CUST001155,0.0572,0,0
CUST035680,0.0553,0,0
CUST007772,0.7634,1,0
CUST045878,0.11,0,0
CUST024601,0.0646,0,0
CUST014441,0.1031,0,0
CUST045989,0.6745,1,0
CUST017222,0.0895,0,0
CUST011751,0.4311,0,0
CUST042967,0.2041,0,0
CUST009523,0.0454,0,0
CUST038520,0.1022,0,0
CUST036269,0.1684,0,0
CUST000971,0.1108,0,0
CUST018112,0.156,0,0
CUST003648,0.4227,0,0
CUST023892,0.3125,0,0
CUST006462,0.2267,0,0
CUST016974,0.346,0,0
CUST001970,0.4517,0,0
CUST002784,0.1093,0,0
CUST023640,0.091,0,0
CUST038001,0.5246,1,0
CUST022105,0.3241,0,0
CUST027157,0.0461,0,0
CUST008793,0.1192,0,0
CUST049996,0.0784,0,0
CUST004451,0.1337,0,0
CUST000716,0.4974,0,0
CUST000899,0.0749,0,0
CUST004013,0.1084,0,0
CUST037790,0.6005,1,0
CUST017039,0.0525,0,0
CUST006775,0.3975,0,0
CUST041265,0.1467,0,0
CUST034126,0.2267,0,0
CUST023209,0.0486,0,0
CUST025105,0.0831,0,0
CUST002041,0.6005,1,0
CUST033221,0.6638,1,0
CUST026603,0.0998,0,0
CUST010175,0.0602,0,0
CUST025098,0.0944,0,0
CUST039576,0.7221,1,0
CUST006086,0.5323,1,0
CUST018276,0.0652,0,0
CUST046682,0.3297,0,0
CUST043392,0.1797,0,0
CUST004862,0.1438,0,0
CUST005415,0.8213,1,0
CUST014254,0.0459,0,0
CUST043512,0.1824,0,0
CUST046618,0.149,0,0
CUST006526,0.1609,0,0
CUST020183,0.0833,0,0
CUST027407,0.53,1,0
CUST019641,0.0859,0,0
CUST032524,0.1505,0,0
CUST046765,0.0403,0,0
CUST010922,0.0533,0,0
CUST044309,0.1132,0,0
CUST037354,0.3272,0,0
CUST000279,0.1292,0,0
CUST041809,0.1346,0,0
CUST032852,0.2374,0,0
CUST038487,0.0753,0,0
CUST043259,0.0675,0,0
CUST034353,0.065,0,0
CUST008738,0.0378,0,0
CUST002549,0.0527,0,0
CUST028354,0.0944,0,0
CUST009086,0.8997,1,1
CUST024058,0.1289,0,0
CUST043403,0.1664,0,0
CUST048900,0.8044,1,0
CUST008627,0.6005,1,1
CUST019727,0.3622,0,1
CUST023569,0.4134,0,0
CUST025815,0.8974,1,0
CUST022621,0.1778,0,0
CUST022421,0.5823,1,0
CUST024333,0.8991,1,0
CUST027669,0.0907,0,0
CUST041939,0.6077,1,0
CUST019935,0.1677,0,0
CUST015508,0.1391,0,0
CUST012415,0.1315,0,0
CUST027252,0.8706,1,0
CUST001827,0.0608,0,0
CUST027391,0.0644,0,0
CUST042417,0.1741,0,0
CUST023581,0.3598,0,0
CUST048128,0.0637,0,0
CUST011260,0.0669,0,0
CUST024944,0.4199,0,0
CUST021352,0.0509,0,0
CUST007138,0.2198,0,0
CUST007793,0.8679,1,1
CUST034923,0.0558,0,0
CUST049105,0.7523,1,0
CUST015292,0.2348,0,0
CUST032558,0.0915,0,0
CUST047352,0.048,0,0
CUST003161,0.3778,0,0
CUST031223,0.1498,0,0
CUST044095,0.2037,0,0
CUST033859,0.0535,0,0
CUST008336,0.7916,1,0
CUST046497,0.4756,0,0
CUST001728,0.5456,1,0
CUST031269,0.7563,1,0
CUST008195,0.1154,0,0
CUST001651,0.2077,0,0
CUST028553,0.062,0,0
CUST014107,0.1018,0,0
CUST020299,0.1404,0,0
CUST047386,0.1159,0,0
CUST003208,0.6441,1,0
CUST041159,0.1059,0,0
CUST016019,0.1704,0,0
CUST024188,0.0483,0,0
CUST028272,0.0806,0,0
CUST045035,0.1056,0,0
CUST017158,0.1115,0,0
CUST024485,0.3243,0,0
CUST045103,0.9214,1,0
CUST017653,0.059,0,0
CUST039027,0.0576,0,0
CUST032806,0.1102,0,0
CUST027940,0.1164,0,0
CUST009680,0.1862,0,0
CUST011258,0.0539,0,0
CUST006812,0.8437,1,0
CUST023652,0.0753,0,0
CUST041398,0.0448,0,0
CUST009739,0.703,1,0
CUST024191,0.1206,0,0
CUST046058,0.0714,0,0
CUST031725,0.0646,0,0
CUST037733,0.0617,0,0
CUST029335,0.0862,0,0
CUST048349,0.4082,0,0
CUST039202,0.0598,0,0
CUST022162,0.0431,0,0
CUST044300,0.0989,0,0
CUST001273,0.0581,0,0
CUST001678,0.061,0,0
CUST004991,0.0573,0,0
CUST027367,0.0631,0,0
CUST002180,0.852,1,0
CUST037202,0.0566,0,0
CUST009166,0.1336,0,0
CUST032617,0.0716,0,0
CUST028988,0.0671,0,0
CUST020613,0.0637,0,0
CUST022960,0.0896,0,0
CUST011196,0.0588,0,0
CUST018563,0.8968,1,0
CUST038216,0.3463,0,0
CUST037891,0.1178,0,0
CUST001484,0.8974,1,0
CUST032653,0.071,0,0
CUST010131,0.0703,0,0
CUST032003,0.7712,1,0
CUST010439,0.0764,0,0
CUST039828,0.8495,1,0
CUST040361,0.2934,0,0
CUST028567,0.6578,1,0
CUST032985,0.8414,1,0
CUST000747,0.4692,0,0
CUST019978,0.065,0,0
CUST028548,0.0676,0,0
CUST013210,0.1583,0,0
CUST042989,0.1117,0,0
CUST034755,0.0811,0,0
CUST007869,0.5667,1,0
CUST025534,0.074,0,0
CUST043338,0.3469,0,0
CUST000541,0.0515,0,0
CUST004797,0.083,0,0
CUST037445,0.0907,0,0
CUST004579,0.8868,1,0
CUST025387,0.0715,0,0
CUST042148,0.0532,0,0
CUST018807,0.318,0,0
CUST032740,0.2272,0,0
CUST026265,0.0618,0,0
CUST030369,0.0855,0,0
CUST012937,0.5576,1,0
CUST045646,0.0943,0,0
CUST026170,0.1352,0,0
CUST039365,0.0353,0,0
CUST028608,0.2118,0,0
CUST020424,0.0557,0,0
CUST039515,0.2776,0,0
CUST017299,0.6717,1,0
CUST002760,0.1964,0,0
CUST013076,0.2383,0,0
CUST005271,0.0916,0,0
CUST030416,0.0982,0,0
CUST002974,0.1941,0,0
CUST043581,0.0629,0,0
CUST003349,0.204,0,0
CUST028621,0.098,0,0
CUST047231,0.0884,0,0
CUST029891,0.6251,1,0
CUST034822,0.0805,0,0
CUST037223,0.0511,0,0
CUST015888,0.2357,0,0
CUST019419,0.1712,0,0
CUST036026,0.0711,0,0
CUST002342,0.2479,0,0
CUST004088,0.0775,0,0
CUST001023,0.2302,0,0
CUST033918,0.1251,0,0
CUST016315,0.0717,0,0
CUST018033,0.2298,0,0
CUST006623,0.0767,0,0
CUST038454,0.054,0,0
CUST010328,0.0945,0,0
CUST022528,0.1139,0,0
CUST038064,0.2766,0,0
CUST028905,0.8131,1,0
CUST022057,0.067,0,0
CUST032694,0.0584,0,0
CUST022992,0.8269,1,0
CUST003184,0.1746,0,0
CUST004037,0.0502,0,0
CUST008163,0.0919,0,0
CUST041767,0.0547,0,0
CUST004403,0.0656,0,0
CUST045183,0.1366,0,0
CUST016040,0.0832,0,0
CUST045055,0.1781,0,0
CUST017897,0.1161,0,0
CUST004961,0.3658,0,0
CUST030619,0.0537,0,0
CUST001210,0.0987,0,0
CUST032763,0.7229,1,0
CUST018896,0.0675,0,0
CUST028262,0.2005,0,0
CUST032776,0.8451,1,0
CUST010089,0.9299,1,0
CUST024064,0.7076,1,0
CUST005085,0.1078,0,0
CUST017309,0.1782,0,0
CUST036990,0.588,1,0
CUST029559,0.1047,0,0
CUST043659,0.2178,0,1
CUST045545,0.117,0,0
CUST040000,0.4613,0,0
CUST018434,0.1241,0,0
CUST006828,0.3644,0,0
CUST044999,0.5143,1,0
CUST015631,0.0557,0,0
CUST046862,0.1593,0,0
CUST032225,0.0519,0,0
CUST018732,0.0907,0,0
CUST018008,0.054,0,0
CUST018548,0.1934,0,0
CUST040280,0.1141,0,0
CUST010508,0.6084,1,0
CUST006125,0.1382,0,0
CUST033289,0.0539,0,0
CUST021697,0.0463,0,0
CUST019062,0.0578,0,0
CUST014578,0.0675,0,0
CUST033042,0.0675,0,0
CUST026309,0.115,0,0
CUST029535,0.1666,0,0
CUST001491,0.2261,0,0
CUST006001,0.6356,1,0
CUST031348,0.5293,1,0
CUST011814,0.0479,0,0
CUST022189,0.4116,0,0
CUST021238,0.664,1,0
CUST015485,0.0908,0,0
CUST011466,0.3983,0,0
CUST032125,0.0476,0,0
CUST015042,0.0407,0,0
CUST013170,0.8444,1,0
CUST035479,0.5912,1,0
CUST048230,0.0578,0,0
CUST002984,0.3161,0,0
CUST017235,0.1102,0,0
CUST018992,0.0866,0,0
CUST018378,0.0444,0,0
CUST048217,0.0978,0,0
CUST024911,0.4875,0,0
CUST029925,0.5323,1,0
CUST041328,0.0573,0,0
CUST030229,0.0573,0,0
CUST008059,0.0433,0,0
CUST023866,0.0669,0,0
CUST019004,0.5054,1,1
CUST001021,0.1262,0,0
CUST003675,0.2165,0,0
CUST003030,0.8935,1,0
CUST034665,0.1066,0,0
CUST043348,0.2049,0,0
CUST021846,0.1009,0,0
CUST046322,0.8916,1,0
CUST019466,0.0753,0,0
CUST003016,0.0456,0,0
CUST038265,0.8991,1,0
CUST019123,0.6901,1,0
CUST041628,0.1503,0,0
CUST026642,0.0475,0,0
CUST026189,0.7992,1,0
CUST002409,0.0795,0,0
CUST034996,0.1387,0,0
CUST031486,0.1098,0,0
CUST021409,0.0433,0,0
CUST012699,0.1673,0,0
CUST025474,0.1422,0,0
CUST004472,0.1015,0,0
CUST030680,0.1702,0,0
CUST031558,0.0443,0,0
CUST021043,0.059,0,0
CUST038027,0.0591,0,0
CUST039604,0.0998,0,0
CUST005538,0.0413,0,0
CUST034368,0.6625,1,1
CUST028429,0.0529,0,0
CUST034443,0.1041,0,0
CUST031006,0.2219,0,0
CUST044197,0.1987,0,0
CUST035676,0.1246,0,0
CUST049394,0.1289,0,0
CUST010473,0.4154,0,0
CUST046345,0.0941,0,0
CUST022179,0.0974,0,0
CUST043000,0.0815,0,0
CUST039538,0.0683,0,0
CUST021921,0.0842,0,0
CUST002542,0.2017,0,0
CUST042010,0.1081,0,0
CUST024939,0.0936,0,0
CUST019861,0.7009,1,0
CUST019513,0.0795,0,0
CUST031209,0.0665,0,0
CUST010792,0.2762,0,0
CUST002870,0.081,0,0
CUST043628,0.3608,0,0
CUST000932,0.2041,0,0
CUST048949,0.305,0,0
CUST002135,0.0721,0,0
CUST013431,0.1638,0,0
CUST048741,0.0857,0,0
CUST041026,0.2701,0,0
CUST002509,0.0532,0,0
CUST039074,0.8315,1,0
CUST037385,0.0515,0,0
CUST014752,0.0399,0,0
CUST002301,0.0902,0,0
CUST022461,0.0568,0,0
CUST035349,0.4679,0,0
CUST035641,0.717,1,0
CUST040660,0.2925,0,0
CUST008084,0.8373,1,0
CUST032615,0.676,1,0
CUST046509,0.4573,0,0
CUST047956,0.0619,0,0
CUST048624,0.5912,1,0
CUST020567,0.0841,0,0
CUST019289,0.0573,0,0
CUST020901,0.2313,0,0
CUST044222,0.3183,0,0
CUST015493,0.8283,1,0
CUST046787,0.0673,0,0
CUST029841,0.2857,0,0
CUST027590,0.4142,0,0
CUST007584,0.0578,0,0
CUST007039,0.0796,0,0
CUST024936,0.4898,0,0
CUST016562,0.0447,0,0
CUST038789,0.2036,0,0
CUST033669,0.1116,0,0
CUST016836,0.0482,0,0
CUST000195,0.0716,0,0
CUST015067,0.8003,1,0
CUST002676,0.115,0,0
CUST003567,0.155,0,0
CUST042987,0.1075,0,0
CUST045977,0.1389,0,0
CUST037105,0.102,0,0
CUST031513,0.5963,1,0
CUST007660,0.0642,0,0
CUST006719,0.4051,0,0
CUST048178,0.1456,0,0
CUST013291,0.0706,0,0
CUST024346,0.2499,0,0
CUST006317,0.0656,0,0
CUST016296,0.7807,1,0
CUST001878,0.9006,1,0
CUST006521,0.702,1,0
CUST016688,0.6456,1,0
CUST042235,0.1759,0,0
CUST011995,0.1419,0,0
CUST022839,0.0859,0,0
CUST002142,0.0626,0,0
CUST039331,0.8156,1,0
CUST013994,0.0572,0,0
CUST046347,0.1636,0,0
CUST005521,0.627,1,0
CUST032536,0.0524,0,0
CUST041822,0.1003,0,0
CUST028811,0.073,0,0
CUST005725,0.0881,0,0
CUST036414,0.0942,0,0
CUST042351,0.8411,1,1
CUST035012,0.66,1,0
CUST044426,0.1336,0,0
CUST024124,0.1298,0,0
CUST004799,0.8931,1,1
CUST010165,0.1282,0,0
CUST012186,0.1698,0,0
CUST047944,0.0838,0,0
CUST014117,0.1288,0,0
CUST020517,0.1108,0,0
CUST031457,0.331,0,0
CUST009516,0.4554,0,0
CUST009759,0.0847,0,0
CUST048303,0.0696,0,0
CUST002404,0.1882,0,0
CUST018410,0.1949,0,0
CUST025013,0.0871,0,0
CUST047803,0.1342,0,0
CUST035696,0.2031,0,0
CUST007289,0.6893,1,0
CUST005358,0.6755,1,0
CUST043620,0.0665,0,0
CUST048731,0.1325,0,0
CUST010080,0.7348,1,0
CUST033320,0.1196,0,0
CUST024513,0.289,0,0
CUST033447,0.1407,0,0
CUST040160,0.1449,0,0
CUST023230,0.1553,0,0
CUST001646,0.2861,0,0
CUST000514,0.0701,0,0
CUST035482,0.6143,1,0
CUST035939,0.0851,0,0
CUST015473,0.2866,0,0
CUST029063,0.153,0,0
CUST044707,0.6003,1,0
CUST043242,0.0638,0,0
CUST013602,0.0517,0,0
CUST044122,0.8344,1,1
CUST025320,0.7593,1,0
CUST029136,0.2014,0,0
CUST028488,0.6839,1,0
CUST034372,0.0605,0,0
CUST019640,0.2934,0,0
CUST044439,0.3913,0,0
CUST021189,0.0509,0,0
CUST012461,0.0995,0,0
CUST007466,0.8349,1,0
CUST040774,0.0565,0,0
CUST004789,0.3296,0,0
CUST043037,0.1445,0,0
CUST040019,0.1178,0,0
CUST025677,0.0905,0,0
CUST010815,0.8991,1,1
CUST029223,0.7281,1,0
CUST032540,0.1202,0,0
CUST018221,0.0899,0,0
CUST041627,0.9294,1,0
CUST045764,0.668,1,0
CUST019111,0.077,0,0
CUST012124,0.9217,1,0
CUST001322,0.1825,0,0
CUST032963,0.2208,0,0
CUST023430,0.379,0,0
CUST036191,0.2473,0,0
CUST008003,0.2123,0,0
CUST035117,0.0407,0,0
CUST041623,0.1194,0,0
CUST020612,0.4761,0,0
CUST030520,0.1287,0,0
CUST030009,0.0839,0,0
CUST022717,0.1684,0,0
CUST043899,0.1071,0,0
CUST025786,0.1196,0,0
CUST039954,0.793,1,0
CUST017054,0.1148,0,0
CUST010071,0.1417,0,0
CUST020999,0.202,0,0
CUST018153,0.0904,0,0
CUST031182,0.0636,0,0
CUST043914,0.053,0,0
CUST005568,0.5956,1,0
CUST047110,0.2181,0,0
CUST024313,0.3595,0,0
CUST041492,0.0839,0,0
CUST010331,0.0675,0,0
CUST035282,0.4856,0,0
CUST028932,0.8991,1,0
CUST027227,0.0498,0,0
CUST018400,0.0685,0,0
CUST012175,0.0675,0,0
CUST020262,0.0349,0,0
CUST036670,0.0865,0,0
CUST024032,0.7273,1,0
CUST040726,0.0434,0,0
CUST008502,0.1596,0,0
CUST041957,0.8471,1,0
CUST039827,0.0545,0,0
CUST045757,0.0454,0,0
CUST002463,0.1055,0,0
CUST026534,0.042,0,0
CUST049501,0.0483,0,0
CUST017190,0.3159,0,0
CUST046080,0.0407,0,0
CUST009341,0.3295,0,0
CUST032614,0.3088,0,0
CUST027758,0.1104,0,0
CUST035305,0.1083,0,0
CUST028893,0.1087,0,0
CUST009384,0.1129,0,0
CUST005195,0.6005,1,0
CUST016935,0.0679,0,0
CUST044697,0.8498,1,0
CUST039960,0.4517,0,0
CUST023357,0.2226,0,0
CUST037481,0.0781,0,0
CUST007498,0.0553,0,0
CUST029074,0.5766,1,0
CUST014370,0.3741,0,0
CUST034588,0.8036,1,0
CUST048144,0.0675,0,0
CUST048656,0.1836,0,0
CUST043802,0.1091,0,0
CUST004642,0.1673,0,0
CUST004759,0.0675,0,0
CUST022683,0.0637,0,0
CUST016917,0.5457,1,0
CUST017676,0.2311,0,0
CUST031537,0.1311,0,0
CUST038872,0.1537,0,0
CUST041312,0.2137,0,0
CUST041413,0.2781,0,0
CUST041918,0.1538,0,0
CUST047237,0.8991,1,0
CUST020167,0.0627,0,0
CUST031224,0.1299,0,0
CUST023484,0.4005,0,0
CUST003083,0.2019,0,0
CUST047353,0.0753,0,0
CUST042108,0.7326,1,0
CUST006170,0.3272,0,0
CUST041945,0.2373,0,0
CUST009253,0.1028,0,0
CUST036744,0.0765,0,0
CUST028922,0.135,0,0
CUST009735,0.86,1,0
CUST039781,0.0774,0,0
CUST036709,0.1694,0,0
CUST012548,0.0577,0,0
CUST029023,0.0834,0,0
CUST031728,0.0565,0,0
CUST018239,0.0675,0,0
CUST037823,0.5963,1,0
CUST012434,0.2122,0,0
CUST043515,0.889,1,1
CUST038339,0.0851,0,0
CUST047774,0.2519,0,0
CUST032815,0.2231,0,0
CUST007257,0.1772,0,0
CUST014158,0.0735,0,0
CUST026892,0.0719,0,0
CUST007717,0.146,0,0
CUST007347,0.1402,0,0
CUST033876,0.1161,0,0
CUST017916,0.4965,0,0
CUST005034,0.7523,1,0
CUST025614,0.1993,0,0
CUST045899,0.722,1,0
CUST041039,0.0705,0,0
CUST008402,0.0552,0,0
CUST031923,0.1649,0,0
CUST040147,0.1598,0,0
CUST018894,0.2896,0,0
CUST020942,0.2068,0,0
CUST045017,0.0399,0,0
CUST037225,0.102,0,0
CUST046703,0.0975,0,0
CUST020708,0.2133,0,0
CUST026546,0.0621,0,0
CUST047515,0.1198,0,0
CUST033072,0.1779,0,0
CUST048584,0.044,0,0
CUST042620,0.0675,0,0
CUST008479,0.0982,0,0
CUST024734,0.0751,0,0
CUST031629,0.8422,1,0
CUST047864,0.164,0,0
CUST006370,0.0753,0,0
CUST019473,0.0447,0,0
CUST046169,0.4857,0,0
CUST046604,0.0607,0,0
CUST007474,0.0925,0,0
CUST036477,0.1007,0,0
CUST035780,0.0617,0,0
CUST045822,0.8991,1,1
CUST045277,0.0837,0,0
CUST023099,0.0914,0,0
CUST047923,0.1843,0,0
CUST000780,0.0511,0,0
CUST048434,0.1469,0,0
CUST032887,0.1328,0,0
CUST032488,0.1819,0,0
CUST005447,0.1435,0,0
CUST016957,0.7756,1,0
CUST043098,0.0571,0,0
CUST008406,0.1047,0,0
CUST010322,0.0841,0,0
CUST046610,0.0716,0,0
CUST020944,0.2937,0,0
CUST038038,0.3422,0,0
CUST037013,0.7718,1,0
CUST000800,0.1325,0,0
CUST041045,0.6294,1,0
CUST007599,0.5586,1,0
CUST025113,0.0782,0,0
CUST031218,0.7202,1,0
CUST048388,0.0675,0,0
CUST009321,0.0648,0,0
CUST043924,0.7553,1,1
CUST025628,0.1811,0,0
CUST013679,0.1055,0,0
CUST007297,0.4953,0,0
CUST027444,0.0825,0,0
CUST030763,0.122,0,0
CUST035943,0.2972,0,0
CUST006247,0.0793,0,0
CUST012888,0.1093,0,0
CUST004143,0.0737,0,0
CUST022950,0.1147,0,0
CUST019326,0.1869,0,0
CUST032319,0.2344,0,0
CUST040323,0.0777,0,0
CUST037365,0.0471,0,0
CUST044161,0.3125,0,0
CUST037447,0.1495,0,0
CUST038322,0.0387,0,0
CUST037031,0.0753,0,0
CUST032276,0.3324,0,0
CUST012264,0.0504,0,0
CUST020498,0.7864,1,0
CUST044860,0.717,1,0
CUST002937,0.1348,0,0
CUST025859,0.6954,1,0
CUST013097,0.1117,0,0
CUST018010,0.0586,0,0
CUST004273,0.1757,0,0
CUST035302,0.0396,0,0
CUST029454,0.0903,0,0
CUST034608,0.0427,0,0
CUST039857,0.0672,0,0
CUST042558,0.4108,0,0
CUST040287,0.0623,0,0
CUST002938,0.11,0,0
CUST007080,0.063,0,0
CUST026572,0.0981,0,0
CUST037416,0.3853,0,0
CUST031139,0.0874,0,0
CUST011828,0.0648,0,0
CUST006806,0.1108,0,0
CUST001540,0.0711,0,0
CUST008712,0.0947,0,0
CUST047203,0.7505,1,0
CUST016378,0.0874,0,0
CUST030899,0.0831,0,0
CUST029354,0.5445,1,0
CUST040718,0.2932,0,0
CUST016235,0.0967,0,0
CUST017777,0.0515,0,0
CUST039177,0.0691,0,0
CUST046342,0.1022,0,0
CUST037042,0.1412,0,0
CUST018214,0.7244,1,0
CUST041189,0.6669,1,0
CUST030242,0.044,0,0
CUST046184,0.6011,1,0
CUST030394,0.1254,0,0
CUST015753,0.4581,0,0
CUST007678,0.1087,0,0
CUST001061,0.0943,0,0
CUST024272,0.5566,1,0
CUST027298,0.6806,1,0
CUST002437,0.8446,1,0
CUST045528,0.0846,0,0
CUST026080,0.1082,0,0
CUST048644,0.1382,0,0
CUST030690,0.7904,1,0
CUST040162,0.1202,0,0
CUST020350,0.0688,0,0
CUST033354,0.0703,0,0
CUST042604,0.6195,1,0
CUST027308,0.1461,0,0
CUST012587,0.0847,0,0
CUST036775,0.8724,1,1
CUST048966,0.0594,0,0
CUST038691,0.2689,0,0
CUST018522,0.0461,0,0
CUST039563,0.7483,1,0
CUST027587,0.75,1,0
CUST031442,0.1708,0,0
CUST008603,0.0785,0,0
CUST048546,0.0468,0,0
CUST021965,0.2018,0,0
CUST040519,0.1036,0,0
CUST005745,0.1488,0,0
CUST011469,0.2489,0,0
CUST004918,0.0883,0,0
CUST015171,0.105,0,0
CUST023280,0.8991,1,1
CUST025457,0.0951,0,0
CUST001307,0.0758,0,0
CUST000019,0.0777,0,0
CUST022150,0.1081,0,0
CUST000369,0.4005,0,0
CUST008650,0.0646,0,0
CUST007414,0.1606,0,0
CUST021735,0.0599,0,0
CUST038702,0.1891,0,0
CUST030223,0.7627,1,0
CUST032134,0.045,0,0
CUST019032,0.3016,0,0
CUST039374,0.0717,0,0
CUST014385,0.2716,0,0
CUST039262,0.0525,0,0
CUST004317,0.0604,0,0
CUST018444,0.7864,1,0
CUST030253,0.8717,1,0
CUST000103,0.1854,0,0
CUST017968,0.0591,0,0
CUST022569,0.0828,0,0
CUST024846,0.0913,0,0
CUST045371,0.1022,0,0
CUST035615,0.0675,0,0
CUST015796,0.6004,1,0
CUST039361,0.3141,0,0
CUST015203,0.1347,0,0
CUST047785,0.1808,0,0
CUST017174,0.0444,0,0
CUST022002,0.7744,1,1
CUST018125,0.2154,0,1
CUST035938,0.3045,0,0
CUST019031,0.1371,0,0
CUST006323,0.1003,0,0
CUST007143,0.121,0,0
CUST011493,0.6509,1,0
CUST048677,0.0509,0,0
CUST015354,0.6309,1,0
CUST044293,0.0904,0,0
CUST027333,0.0443,0,0
CUST013015,0.4157,0,0
CUST021006,0.3281,0,0
CUST038744,0.0911,0,0
CUST016436,0.8231,1,0
CUST014705,0.1464,0,0
CUST003305,0.0675,0,0
CUST030235,0.0567,0,0
CUST002013,0.4109,0,0
CUST010412,0.7609,1,0
CUST005627,0.0753,0,0
CUST022676,0.3212,0,0
CUST039493,0.4259,0,0
CUST030674,0.0497,0,0
CUST028341,0.074,0,0
CUST013762,0.0666,0,0
CUST031063,0.0652,0,0
CUST034876,0.0745,0,0
CUST035093,0.1718,0,0
CUST010564,0.0648,0,0
CUST035863,0.0495,0,0
CUST011474,0.8144,1,0
CUST016072,0.0853,0,0
CUST022465,0.0535,0,0
CUST043510,0.2294,0,0
CUST046842,0.0668,0,0
CUST019635,0.1553,0,0
CUST027281,0.0944,0,0
CUST032421,0.3709,0,0
CUST006408,0.5983,1,1
CUST005640,0.0792,0,0
CUST001404,0.1693,0,0
CUST049315,0.1469,0,0
CUST008372,0.4005,0,0
CUST013130,0.1064,0,0
CUST045808,0.0762,0,0
CUST041539,0.0958,0,0
CUST023149,0.1258,0,0
CUST039985,0.292,0,0
CUST008956,0.1033,0,0
CUST022102,0.0402,0,0
CUST032264,0.2439,0,0
CUST012459,0.3317,0,0
CUST026434,0.0849,0,0
CUST038463,0.2176,0,0
CUST049116,0.0989,0,0
CUST013245,0.8133,1,0
CUST016050,0.0509,0,0
CUST038279,0.8203,1,0
CUST032078,0.058,0,0
CUST025776,0.1259,0,0
CUST044399,0.9109,1,1
CUST023761,0.0558,0,0
CUST039500,0.0756,0,0
CUST019788,0.2373,0,0
CUST043138,0.4914,0,0
CUST032496,0.0478,0,0
CUST047999,0.1832,0,0
CUST002390,0.0524,0,0
CUST022688,0.0841,0,0
CUST037172,0.6488,1,0
CUST038195,0.5955,1,0
CUST003872,0.8591,1,0
CUST036647,0.0509,0,0
CUST003232,0.1008,0,0
CUST004886,0.0729,0,0
CUST009417,0.077,0,0
CUST019073,0.0462,0,0
CUST027992,0.1,0,0
CUST030354,0.5556,1,0
CUST046977,0.8974,1,0
CUST041371,0.0962,0,0
CUST030649,0.0546,0,0
CUST043446,0.2742,0,0
CUST000553,0.0881,0,0
CUST016303,0.7206,1,0
CUST037504,0.0662,0,0
CUST034951,0.1824,0,0
CUST038277,0.5675,1,0
CUST025136,0.0385,0,0
CUST039625,0.0748,0,0
CUST019375,0.0746,0,0
CUST013738,0.045,0,0
CUST031202,0.214,0,0
CUST020895,0.2177,0,0
CUST014766,0.0928,0,0
CUST002779,0.1135,0,0
CUST006841,0.0783,0,0
CUST027885,0.4669,0,0
CUST012842,0.299,0,0
CUST001709,0.7232,1,0
CUST026959,0.1618,0,0
CUST031331,0.0863,0,0
CUST033913,0.0751,0,0
CUST029027,0.0563,0,0
CUST026530,0.1453,0,0
CUST027523,0.0463,0,0
CUST042963,0.5865,1,0
CUST006396,0.0639,0,0
CUST034527,0.5067,1,0
CUST044270,0.084,0,0
CUST002365,0.4337,0,0
CUST024026,0.0738,0,0
CUST038490,0.046,0,0
CUST027948,0.1138,0,0
CUST013903,0.2723,0,0
CUST034051,0.0712,0,0
CUST030809,0.1689,0,0
CUST006431,0.1862,0,0
CUST027000,0.1022,0,0
CUST003210,0.0509,0,0
CUST016228,0.1,0,0
CUST001043,0.0638,0,0
CUST006107,0.1019,0,0
CUST040917,0.118,0,0
CUST013742,0.054,0,0
CUST015373,0.2292,0,0
CUST038806,0.0476,0,0
CUST003027,0.0866,0,0
CUST032551,0.5678,1,0
CUST021917,0.2339,0,0
CUST044164,0.121,0,0
CUST044865,0.5955,1,0
CUST016752,0.0618,0,0
CUST025252,0.0559,0,0
CUST016892,0.0609,0,0
CUST032302,0.0675,0,0
CUST041797,0.137,0,0
CUST037235,0.1159,0,0
CUST049262,0.7714,1,0
CUST038665,0.0584,0,0
CUST011906,0.0668,0,0
CUST026443,0.212,0,0
CUST007729,0.0529,0,0
CUST038327,0.2214,0,0
CUST027813,0.1048,0,0
CUST027566,0.0609,0,0
CUST030732,0.0487,0,0
CUST045841,0.0492,0,0
CUST038079,0.0885,0,0
CUST023601,0.2586,0,0
CUST023439,0.0905,0,0
CUST023164,0.2418,0,0
CUST010504,0.2751,0,0
CUST014952,0.0736,0,0
CUST039086,0.0478,0,0
CUST045356,0.5221,1,0
CUST039228,0.3233,0,0
CUST020449,0.0558,0,0
CUST035540,0.0907,0,0
CUST032183,0.4425,0,0
CUST015059,0.4215,0,0
CUST015175,0.1904,0,0
CUST046939,0.214,0,0
CUST034103,0.4798,0,0
CUST026761,0.4093,0,0
CUST013502,0.0942,0,0
CUST019259,0.0979,0,0
CUST036081,0.924,1,0
CUST010231,0.1352,0,0
CUST028010,0.0726,0,0
CUST048854,0.413,0,0
CUST030865,0.0609,0,0
CUST049005,0.1194,0,0
CUST009769,0.0443,0,0
CUST002929,0.1269,0,0
CUST018166,0.2746,0,0
CUST000812,0.259,0,0
CUST049654,0.0603,0,0
CUST027972,0.0557,0,0
CUST006035,0.0535,0,0
CUST023785,0.0558,0,0
CUST005668,0.0928,0,0
CUST036640,0.111,0,0
CUST005411,0.1226,0,0
CUST032195,0.2933,0,0
CUST040568,0.0492,0,0
CUST034105,0.0519,0,0
CUST015467,0.0918,0,0
CUST005387,0.0654,0,0
CUST046781,0.0675,0,0
CUST029080,0.0495,0,0
CUST027295,0.1181,0,0
CUST018611,0.1258,0,0
CUST033435,0.1203,0,0
CUST049240,0.1564,0,0
CUST014454,0.1604,0,0
CUST012222,0.6237,1,0
CUST011044,0.1011,0,0
CUST014690,0.0967,0,0
CUST006112,0.074,0,0
CUST022070,0.098,0,0
CUST005679,0.7512,1,0
CUST048404,0.0599,0,0
CUST025413,0.2206,0,0
CUST030575,0.1522,0,0
CUST028873,0.1122,0,0
CUST042782,0.8991,1,0
CUST012142,0.131,0,0
CUST017126,0.2947,0,0
CUST047470,0.3071,0,0
CUST027556,0.595,1,0
CUST023477,0.1003,0,0
CUST039168,0.0932,0,0
CUST003751,0.8974,1,1
CUST013475,0.1983,0,0
CUST007814,0.5377,1,0
CUST013672,0.1925,0,0
CUST013099,0.0598,0,0
CUST007102,0.0794,0,0
CUST030087,0.2927,0,0
CUST009363,0.0907,0,0
CUST038422,0.8665,1,1
CUST011114,0.4939,0,0
CUST023703,0.4215,0,0
CUST005855,0.5794,1,0
CUST025914,0.1354,0,0
CUST021817,0.129,0,0
CUST043364,0.0446,0,0
CUST010294,0.0812,0,0
CUST035456,0.0824,0,0
CUST028187,0.4094,0,0
CUST015954,0.6005,1,0
CUST002349,0.0436,0,0
CUST042851,0.7659,1,0
CUST007846,0.0789,0,0
CUST020831,0.4528,0,0
CUST002066,0.0753,0,0
CUST042934,0.0373,0,0
CUST004848,0.082,0,0
CUST015689,0.3574,0,0
CUST000583,0.4116,0,0
CUST020886,0.8145,1,1
CUST033759,0.102,0,0
CUST015372,0.8877,1,0
CUST004417,0.0772,0,0
CUST010256,0.0715,0,0
CUST011291,0.0929,0,0
CUST009193,0.5567,1,1
CUST006529,0.3618,0,0
CUST010643,0.1098,0,0
CUST014832,0.1206,0,0
CUST035101,0.0585,0,0
CUST040123,0.2764,0,0
CUST035371,0.1678,0,0
CUST041946,0.1166,0,0
CUST023537,0.1454,0,0
CUST014572,0.2623,0,0
CUST003426,0.0753,0,0
CUST035159,0.8498,1,0
CUST012183,0.3975,0,0
CUST019248,0.1308,0,0
CUST003143,0.071,0,0
CUST043278,0.3134,0,0
CUST010789,0.9294,1,0
CUST021765,0.0545,0,0
CUST021542,0.0967,0,0
CUST007568,0.0751,0,0
CUST041677,0.0643,0,0
CUST007075,0.2535,0,0
CUST029791,0.067,0,0
CUST019816,0.1655,0,0
CUST023902,0.0968,0,0
CUST022754,0.07,0,0
CUST022581,0.8814,1,0
CUST006698,0.0612,0,0
CUST018393,0.1248,0,0
CUST046421,0.5779,1,0
CUST024682,0.0764,0,0
CUST001056,0.3888,0,0
CUST015672,0.0584,0,0
CUST021783,0.0977,0,0
CUST041942,0.7368,1,0
CUST038996,0.2474,0,0
CUST037446,0.1007,0,0
CUST030379,0.1544,0,0
CUST026511,0.8498,1,1
CUST021632,0.3931,0,0
CUST031164,0.3366,0,0
CUST023268,0.8878,1,0
CUST015789,0.2468,0,0
CUST015291,0.554,1,0
CUST006082,0.0773,0,0
CUST030848,0.1455,0,0
CUST039845,0.0882,0,0
CUST025388,0.1699,0,0
CUST023608,0.1152,0,0
CUST016748,0.0745,0,0
CUST024591,0.0339,0,0
CUST011412,0.5851,1,0
CUST033865,0.118,0,0
CUST019421,0.1335,0,0
CUST008047,0.7864,1,0
CUST040185,0.5389,1,0
CUST049829,0.102,0,0
CUST000766,0.0603,0,0
CUST031523,0.0731,0,0
CUST000569,0.1092,0,0
CUST049192,0.2136,0,0
CUST000164,0.0727,0,0
CUST002662,0.8991,1,1
CUST023368,0.0692,0,0
CUST007572,0.3182,0,0
CUST046283,0.2768,0,0
CUST018465,0.2094,0,0
CUST015669,0.0699,0,0
CUST026242,0.1639,0,0
CUST028110,0.075,0,0
CUST019008,0.0656,0,0
CUST017923,0.0998,0,0
CUST026119,0.0678,0,0
CUST031239,0.535,1,0
CUST020305,0.0635,0,0
CUST002080,0.1441,0,0
CUST007710,0.2342,0,0
CUST030349,0.2071,0,0
CUST042709,0.077,0,0
CUST011892,0.1734,0,0
CUST013828,0.1877,0,0
CUST023639,0.0951,0,0
CUST010227,0.3081,0,0
CUST035014,0.2526,0,0
CUST036654,0.0634,0,0
CUST003452,0.358,0,0
CUST022765,0.0438,0,0
CUST045885,0.8322,1,0
CUST021692,0.3895,0,0
CUST018058,0.57,1,0
CUST045249,0.5585,1,0
CUST020766,0.2221,0,0
CUST012418,0.1366,0,0
CUST038268,0.0874,0,0
CUST014251,0.8034,1,0
CUST039042,0.0593,0,0
CUST035983,0.05,0,0
CUST010580,0.0686,0,0
CUST019215,0.0622,0,0
CUST022009,0.25,0,0
CUST016781,0.1561,0,0
CUST014600,0.247,0,0
CUST048186,0.8188,1,0
CUST016988,0.1206,0,0
CUST031959,0.2139,0,0
CUST025663,0.0675,0,0
CUST035470,0.1899,0,0
CUST029318,0.0456,0,0
CUST032305,0.0742,0,0
CUST023555,0.0545,0,0
CUST006038,0.5045,1,0
CUST031233,0.069,0,0
CUST029817,0.0496,0,0
CUST021822,0.6062,1,0
CUST047112,0.1118,0,0
CUST029577,0.1192,0,0
CUST027197,0.1169,0,0
CUST009988,0.2132,0,0
CUST036597,0.069,0,0
CUST035765,0.0509,0,0
CUST019381,0.1975,0,0
CUST027579,0.0947,0,0
CUST019266,0.0482,0,0
CUST031594,0.5963,1,0
CUST019710,0.136,0,0
CUST037783,0.9068,1,1
CUST035672,0.0558,0,0
CUST029470,0.5409,1,0
CUST013145,0.0977,0,0
CUST045602,0.0699,0,0
CUST001288,0.0572,0,0
CUST005959,0.5104,1,0
CUST033959,0.1004,0,0
CUST009147,0.3404,0,0
CUST003005,0.4298,0,0
CUST009073,0.0431,0,0
CUST005295,0.0763,0,0
CUST031110,0.0618,0,0
CUST011161,0.0473,0,0
CUST044065,0.6115,1,0
CUST046302,0.4563,0,0
CUST039537,0.1903,0,0
CUST004298,0.0458,0,0
CUST028130,0.1021,0,0
CUST035652,0.056,0,0
CUST027804,0.0949,0,0
CUST042146,0.0995,0,0
CUST036273,0.1319,0,0
CUST015563,0.0675,0,0
CUST010609,0.6697,1,0
CUST042966,0.6438,1,0
CUST022982,0.2425,0,0
CUST021625,0.1217,0,0
CUST027249,0.054,0,0
CUST017455,0.0609,0,0
CUST039804,0.6705,1,0
CUST009095,0.1637,0,0
CUST030530,0.0526,0,0
CUST027095,0.1987,0,0
CUST030927,0.6833,1,0
CUST037798,0.0525,0,0
CUST008470,0.0853,0,0
CUST012049,0.8799,1,0
CUST041341,0.1688,0,0
CUST049793,0.0562,0,0
CUST014042,0.0755,0,0
CUST039914,0.5073,1,0
CUST001686,0.241,0,0
CUST037000,0.0651,0,0
CUST032193,0.582,1,0
CUST032807,0.0734,0,0
CUST018068,0.0676,0,0
CUST027564,0.0646,0,0
CUST045726,0.0398,0,0
CUST026423,0.0508,0,0
CUST002816,0.0908,0,0
CUST047400,0.0506,0,0
CUST045995,0.6948,1,0
CUST047115,0.3686,0,0
CUST017958,0.9025,1,1
CUST016090,0.0921,0,0
CUST004966,0.069,0,0
CUST008813,0.0644,0,0
CUST025737,0.1089,0,0
CUST023911,0.0778,0,0
CUST049358,0.0662,0,0
CUST011690,0.0947,0,0
CUST043459,0.1196,0,0
CUST021916,0.2147,0,0
CUST008660,0.097,0,0
CUST012406,0.4425,0,0
CUST047714,0.7347,1,0
CUST026900,0.264,0,0
CUST040363,0.2587,0,0
CUST014911,0.337,0,0
CUST011393,0.1985,0,0
CUST041932,0.0456,0,0
CUST035185,0.1163,0,0
CUST014753,0.0819,0,0
CUST046485,0.558,1,0
CUST027950,0.554,1,0
CUST037860,0.1945,0,0
CUST011588,0.2092,0,0
CUST023479,0.0752,0,0
CUST037080,0.0522,0,0
CUST023587,0.0737,0,0
CUST030702,0.1225,0,0
CUST041618,0.0845,0,0
CUST017359,0.7763,1,0
CUST008697,0.081,0,0
CUST016370,0.5503,1,0
CUST008324,0.0952,0,0
CUST018251,0.6372,1,0
CUST022776,0.1156,0,0
CUST021200,0.1062,0,0
CUST041664,0.0951,0,0
CUST000203,0.8367,1,0
CUST029879,0.2048,0,0
CUST003216,0.0955,0,0
CUST046336,0.0692,0,0
CUST025049,0.8374,1,0
CUST045689,0.0535,0,0
CUST006847,0.5954,1,0
CUST011081,0.0711,0,0
CUST012769,0.3217,0,0
CUST045667,0.1203,0,0
CUST027241,0.217,0,0
CUST045519,0.1465,0,0
CUST021725,0.7078,1,0
CUST034913,0.0724,0,0
CUST024081,0.4703,0,0
CUST002485,0.069,0,0
CUST013609,0.1221,0,0
CUST036961,0.107,0,0
CUST019224,0.0546,0,0
CUST010288,0.0403,0,0
CUST049076,0.3907,0,0
CUST026007,0.8259,1,0
CUST017272,0.2744,0,0
CUST036666,0.0947,0,0
CUST004693,0.3226,0,0
CUST020354,0.2874,0,0
CUST015226,0.7013,1,0
CUST031272,0.6038,1,0
CUST025405,0.1072,0,0
CUST049763,0.457,0,0
CUST015972,0.0666,0,0
CUST036858,0.0828,0,0
CUST013704,0.1213,0,0
CUST030232,0.1064,0,0
CUST046685,0.8919,1,1
CUST032448,0.077,0,0
CUST021195,0.394,0,0
CUST029203,0.1361,0,0
CUST015224,0.0928,0,0
CUST024446,0.1683,0,0
CUST011494,0.1799,0,0
CUST000064,0.1983,0,0
CUST013417,0.166,0,0
CUST018365,0.5963,1,0
CUST008414,0.0554,0,0
CUST044998,0.0595,0,0
CUST031037,0.0491,0,0
CUST029141,0.454,0,0
CUST019208,0.0449,0,0
CUST040412,0.1022,0,0
CUST011988,0.1243,0,0
CUST006171,0.1222,0,0
CUST039204,0.0675,0,0
CUST044042,0.0985,0,0
CUST023155,0.2542,0,0
CUST006970,0.6158,1,1
CUST001262,0.0818,0,0
CUST028161,0.0939,0,0
CUST048834,0.1974,0,0
CUST045290,0.8357,1,0
CUST039335,0.1859,0,0
CUST039378,0.048,0,0
CUST048971,0.4209,0,0
CUST015732,0.8955,1,0
CUST028113,0.1221,0,0
CUST044876,0.1171,0,0
CUST000246,0.1916,0,0
CUST049360,0.0662,0,0
CUST018056,0.2053,0,0
CUST047424,0.9006,1,1
CUST026248,0.5431,1,0
CUST023525,0.087,0,0
CUST001364,0.786,1,0
CUST040987,0.1743,0,0
CUST016286,0.0696,0,0
CUST046227,0.0803,0,0
CUST039972,0.2519,0,0
CUST038223,0.1353,0,0
CUST021478,0.1673,0,0
CUST027766,0.0675,0,0
CUST028499,0.1086,0,0
CUST007128,0.6047,1,1
CUST042665,0.1046,0,0
CUST034744,0.0411,0,0
CUST048387,0.0557,0,0
CUST049278,0.0698,0,0
CUST039329,0.1028,0,0
CUST031122,0.1298,0,0
CUST028491,0.0733,0,0
CUST035936,0.0976,0,0
CUST024711,0.124,0,0
CUST025743,0.1407,0,0
CUST036965,0.0474,0,0
CUST015211,0.0496,0,0
CUST027310,0.0522,0,0
CUST049704,0.055,0,0
CUST041841,0.0782,0,0
CUST007054,0.0615,0,0
CUST024148,0.1337,0,0
CUST028622,0.1092,0,0
CUST035061,0.0592,0,0
CUST030370,0.6412,1,0
CUST023367,0.216,0,0
CUST032216,0.0467,0,0
CUST017216,0.1694,0,0
CUST035243,0.211,0,0
CUST011175,0.7042,1,0
CUST002680,0.1144,0,0
CUST011352,0.0753,0,0
CUST037534,0.77,1,0
CUST019932,0.8322,1,0
CUST002275,0.8634,1,0
CUST047427,0.0431,0,0
CUST045589,0.1516,0,0
CUST041810,0.1114,0,0
CUST025531,0.0984,0,0
CUST027711,0.267,0,0
CUST048633,0.0771,0,0
CUST004184,0.1048,0,0
CUST045146,0.8473,1,0
CUST020420,0.1034,0,0
CUST049118,0.2265,0,0
CUST020166,0.0609,0,0
CUST026480,0.1349,0,0
CUST005323,0.1579,0,0
CUST042715,0.078,0,0
CUST045904,0.8644,1,0
CUST047963,0.2289,0,0
CUST036659,0.2991,0,0
CUST006046,0.0595,0,0
CUST047358,0.7468,1,0
CUST031456,0.124,0,0
CUST000197,0.0917,0,0
CUST003783,0.1735,0,0
CUST045559,0.1038,0,0
CUST019718,0.2175,0,0
CUST011547,0.3198,0,0
CUST037511,0.1586,0,0
CUST016905,0.054,0,0
CUST019246,0.8463,1,0
CUST015618,0.1511,0,0
CUST027492,0.3741,0,0
CUST010845,0.0596,0,0
CUST006734,0.058,0,0
CUST048960,0.0683,0,0
CUST024696,0.0355,0,0
CUST019848,0.7905,1,0
CUST010046,0.0489,0,0
CUST031663,0.0972,0,0
CUST021136,0.6005,1,0
CUST011887,0.0851,0,0
CUST031859,0.1222,0,0
CUST018726,0.4537,0,0
CUST005543,0.3382,0,0
CUST049669,0.1711,0,0
CUST009843,0.1099,0,0
CUST012612,0.4446,0,0
CUST028755,0.0839,0,0
CUST020762,0.1183,0,0
CUST030357,0.1135,0,0
CUST046513,0.6811,1,0
CUST034091,0.0814,0,0
CUST031099,0.6739,1,0
CUST000589,0.0564,0,0
CUST012037,0.9006,1,1
CUST033286,0.2973,0,0
CUST044311,0.0827,0,0
CUST048985,0.1004,0,0
CUST010912,0.1888,0,0
CUST028166,0.273,0,0
CUST000345,0.2849,0,0
CUST033827,0.0523,0,0
CUST022726,0.1309,0,0
CUST009854,0.0845,0,0
CUST045498,0.1195,0,0
CUST010425,0.1145,0,0
CUST001498,0.4953,0,0
CUST036575,0.7249,1,1
CUST034671,0.1327,0,0
CUST001592,0.7285,1,0
CUST024520,0.0505,0,0
CUST024522,0.0572,0,0
CUST019124,0.0685,0,0
CUST039339,0.0872,0,0
CUST026777,0.1973,0,0
CUST026184,0.5614,1,0
CUST034534,0.1175,0,0
CUST029816,0.1815,0,0
CUST042376,0.108,0,0
CUST042098,0.0467,0,0
CUST049846,0.0764,0,0
CUST041652,0.8712,1,0
CUST015279,0.0608,0,0
CUST004671,0.1196,0,0
CUST030996,0.0837,0,0
CUST001300,0.2141,0,0
CUST010699,0.193,0,0
CUST005885,0.0571,0,0
CUST012863,0.2067,0,0
CUST022965,0.1228,0,0
CUST011830,0.0514,0,0
CUST040822,0.1005,0,0
CUST016308,0.0462,0,0
CUST031541,0.0879,0,0
CUST003954,0.1184,0,0
CUST046439,0.7922,1,1
CUST004089,0.1217,0,0
CUST022650,0.1232,0,0
CUST040613,0.1655,0,0
CUST049770,0.0889,0,0
CUST019351,0.1553,0,0
CUST001188,0.0394,0,0
CUST024243,0.1084,0,0
CUST012006,0.2705,0,0
CUST034547,0.4764,0,0
CUST013008,0.19,0,0
CUST035445,0.852,1,0
CUST022382,0.0511,0,0
CUST040895,0.6095,1,1
CUST005892,0.2193,0,0
CUST016606,0.2806,0,0
CUST044909,0.0732,0,0
CUST028096,0.06,0,0
CUST022918,0.0734,0,0
CUST036508,0.0686,0,0
CUST032942,0.0676,0,0
CUST038191,0.3529,0,0
CUST025962,0.0756,0,0
CUST039398,0.1015,0,0
CUST042489,0.0664,0,0
CUST029359,0.0954,0,0
CUST015156,0.0546,0,0
CUST018528,0.6127,1,0
CUST049016,0.1707,0,0
CUST037819,0.0433,0,0
CUST039540,0.502,1,0
CUST044877,0.0663,0,0
CUST033590,0.2,0,0
CUST004402,0.1263,0,0
CUST046585,0.6151,1,0
CUST011253,0.0806,0,0
CUST035295,0.1984,0,0
CUST027314,0.0828,0,0
CUST019078,0.0777,0,0
CUST035968,0.6528,1,0
CUST031700,0.5029,1,0
CUST004339,0.6143,1,0
CUST045257,0.4868,0,0
CUST015745,0.4044,0,0
CUST039039,0.7349,1,0
CUST000094,0.1503,0,0
CUST015818,0.4799,0,0
CUST001664,0.114,0,0
CUST036442,0.0861,0,0
CUST044671,0.1243,0,0
CUST038062,0.0648,0,0
CUST042431,0.5341,1,0
CUST024776,0.0973,0,0
CUST041186,0.1053,0,0
CUST015994,0.7752,1,0
CUST012011,0.1047,0,0
CUST005545,0.0769,0,0
CUST009921,0.2495,0,0
CUST020776,0.3354,0,0
CUST042205,0.1422,0,0
CUST009251,0.0913,0,0
CUST002359,0.2123,0,0
CUST008409,0.5767,1,0
CUST012209,0.0543,0,0
CUST049036,0.1638,0,0
CUST034438,0.5163,1,0
CUST001436,0.619,1,0
CUST032731,0.1687,0,0
CUST021661,0.2883,0,0
CUST041923,0.1163,0,0
CUST007450,0.5523,1,0
CUST020568,0.0824,0,0
CUST015530,0.1172,0,0
CUST049712,0.1628,0,0
CUST037922,0.0996,0,0
CUST023805,0.3774,0,0
CUST001010,0.3823,0,0
CUST006646,0.1209,0,0
CUST026225,0.2156,0,0
CUST036789,0.3648,0,0
CUST016027,0.1853,0,0
CUST035535,0.0449,0,0
CUST041508,0.0385,0,0
CUST036833,0.0652,0,0
CUST019001,0.0675,0,0
CUST018981,0.5652,1,0
CUST008915,0.0578,0,0
CUST018623,0.1087,0,0
CUST020736,0.749,1,0
CUST014532,0.5958,1,0
CUST039490,0.0675,0,0
CUST030107,0.0474,0,0
CUST038086,0.0675,0,0
CUST023255,0.0875,0,0
CUST031919,0.2267,0,0
CUST024796,0.1,0,0
CUST015777,0.0719,0,0
CUST018484,0.0582,0,0
CUST030189,0.0659,0,0
CUST041563,0.0529,0,0
CUST011138,0.2494,0,0
CUST046172,0.4563,0,0
CUST005708,0.0972,0,0
CUST031158,0.5671,1,0
CUST044083,0.3524,0,0
CUST049995,0.5997,1,0
CUST027438,0.0521,0,0
CUST041436,0.2449,0,0
CUST004539,0.3631,0,0
CUST045666,0.1772,0,0
CUST041283,0.7304,1,0
CUST034726,0.0675,0,0
CUST022721,0.4107,0,0
CUST034574,0.7963,1,0
CUST032748,0.419,0,0
CUST017885,0.0659,0,0
CUST030950,0.1494,0,0
CUST003442,0.5933,1,0
CUST008812,0.1573,0,0
CUST042392,0.0675,0,0
CUST039627,0.095,0,0
CUST030330,0.1042,0,0
CUST025940,0.8768,1,1
CUST010606,0.1217,0,0
CUST048989,0.7709,1,0
CUST021048,0.2531,0,0
CUST017325,0.0514,0,0
CUST026154,0.1376,0,0
CUST019050,0.9006,1,0
CUST006944,0.083,0,0
CUST023654,0.0792,0,0
CUST000893,0.045,0,0
CUST038962,0.5989,1,0
CUST006296,0.4014,0,0
CUST042899,0.2238,0,0
CUST046930,0.0477,0,0
CUST019261,0.127,0,0
CUST030376,0.8218,1,0
CUST033382,0.0832,0,0
CUST039723,0.1265,0,0
CUST048020,0.1123,0,0
CUST002345,0.0862,0,0
CUST001271,0.6614,1,0
CUST028826,0.1696,0,0
CUST046200,0.0538,0,0
CUST023070,0.0945,0,0
CUST028724,0.3113,0,0
CUST021945,0.0783,0,0
CUST028727,0.0542,0,0
CUST025156,0.0666,0,0
CUST008917,0.1546,0,0
CUST014693,0.2152,0,0
CUST041454,0.0911,0,0
CUST025533,0.0758,0,0
CUST040148,0.0617,0,0
CUST018069,0.8133,1,1
CUST038991,0.2104,0,0
CUST015656,0.0753,0,0
CUST030499,0.0382,0,0
CUST024433,0.1511,0,0
CUST029969,0.7,1,0
CUST010455,0.9009,1,1
CUST036329,0.1378,0,0
CUST034125,0.0959,0,0
CUST048920,0.5183,1,0
CUST031230,0.0866,0,0
CUST027397,0.0729,0,0
CUST014212,0.0839,0,0
CUST021553,0.062,0,0
CUST033671,0.1165,0,0
CUST046987,0.063,0,0
CUST011142,0.1916,0,0
CUST030666,0.0805,0,0
CUST025854,0.1241,0,0
CUST041940,0.8091,1,0
CUST014927,0.0851,0,0
CUST010558,0.1349,0,0
CUST010344,0.4008,0,0
CUST041125,0.5266,1,0
CUST037093,0.5367,1,0
CUST033383,0.1341,0,0
CUST046628,0.6294,1,0
CUST004640,0.212,0,0
CUST035233,0.1198,0,0
CUST005401,0.1105,0,0
CUST015815,0.1357,0,0
CUST007723,0.128,0,0
CUST028012,0.0698,0,0
CUST020018,0.099,0,0
CUST038874,0.143,0,0
CUST003320,0.4466,0,0
CUST034501,0.1486,0,0
CUST026878,0.0958,0,0
CUST005589,0.2368,0,0
CUST025568,0.0417,0,0
CUST011174,0.0678,0,0
CUST020528,0.0575,0,0
CUST008662,0.0658,0,0
CUST014535,0.1356,0,0
CUST018360,0.0614,0,0
CUST046275,0.0727,0,0
CUST009033,0.1118,0,0
CUST006718,0.852,1,0
CUST044286,0.0924,0,0
CUST038089,0.0675,0,0
CUST022187,0.0753,0,0
CUST030683,0.15,0,0
CUST009682,0.5934,1,0
CUST012293,0.6624,1,0
CUST045704,0.0874,0,0
CUST019329,0.8717,1,0
CUST012920,0.0865,0,0
CUST038787,0.1851,0,0
CUST032743,0.0406,0,0
CUST005643,0.2267,0,0
CUST007879,0.1014,0,0
CUST006032,0.0545,0,0
CUST014250,0.0677,0,0
CUST037931,0.8355,1,1
CUST012766,0.2888,0,0
CUST033893,0.3793,0,0
CUST017155,0.5471,1,0
CUST008783,0.0678,0,0
CUST026759,0.2623,0,0
CUST047979,0.0461,0,0
CUST041444,0.1043,0,0
CUST042284,0.0466,0,0
CUST019633,0.8659,1,1
CUST001429,0.0617,0,0
CUST020457,0.852,1,0
CUST001415,0.0763,0,0
CUST015953,0.0649,0,0
CUST007290,0.7868,1,0
CUST014402,0.0865,0,0
CUST014116,0.1165,0,0
CUST048963,0.1805,0,0
CUST039710,0.1243,0,0
CUST009727,0.0895,0,0
CUST019598,0.0647,0,0
CUST024525,0.2947,0,0
CUST023882,0.0822,0,0
CUST015527,0.1005,0,0
CUST002563,0.0753,0,0
CUST007056,0.8821,1,1
CUST015587,0.0772,0,0
CUST010653,0.162,0,0
CUST013135,0.0635,0,0
CUST007622,0.4953,0,0
CUST027189,0.1471,0,0
CUST036607,0.5394,1,0
CUST019125,0.4731,0,0
CUST044628,0.0998,0,0
CUST006572,0.0517,0,0
CUST017869,0.5677,1,0
CUST026575,0.2267,0,0
CUST049195,0.1002,0,0
CUST015537,0.0559,0,0
CUST013093,0.852,1,0
CUST032179,0.9243,1,1
CUST040458,0.0693,0,0
CUST018156,0.2173,0,0
CUST031547,0.658,1,0
CUST030641,0.6412,1,0
CUST026917,0.189,0,0
CUST044736,0.1151,0,0
CUST043665,0.0701,0,0
CUST048923,0.084,0,0
CUST009312,0.1028,0,0
CUST004543,0.3302,0,0
CUST002025,0.0675,0,0
CUST000832,0.1597,0,0
CUST042554,0.6653,1,0
CUST018264,0.2384,0,0
CUST000868,0.4555,0,0
CUST040882,0.1229,0,0
CUST031321,0.049,0,0
CUST006749,0.5028,1,0
CUST028921,0.074,0,0
CUST006333,0.904,1,1
CUST031237,0.7202,1,1
CUST025955,0.0675,0,0
CUST026062,0.1087,0,0
CUST014428,0.6005,1,0
CUST045777,0.8007,1,0
CUST048649,0.5438,1,0
CUST016595,0.4071,0,0
CUST014230,0.0497,0,0
CUST049482,0.099,0,0
CUST012772,0.0753,0,0
CUST013589,0.0713,0,0
CUST004335,0.5634,1,0
CUST008247,0.3245,0,0
CUST013989,0.7326,1,0
CUST048891,0.0753,0,0
CUST013289,0.1046,0,0
CUST032211,0.8974,1,0
CUST001591,0.1463,0,0
CUST007503,0.7909,1,0
CUST012586,0.094,0,0
CUST040886,0.0816,0,0
CUST045605,0.0479,0,0
CUST035783,0.1854,0,0
CUST018471,0.137,0,0
CUST024323,0.0718,0,0
CUST041160,0.0822,0,0
CUST049945,0.3504,0,0
CUST014134,0.4116,0,0
CUST020141,0.5365,1,0
CUST039215,0.8397,1,0
CUST041022,0.0635,0,0
CUST040024,0.4097,0,0
CUST048823,0.0687,0,0
CUST044833,0.1768,0,0
CUST011314,0.0814,0,0
CUST029467,0.127,0,0
CUST036160,0.1954,0,0
CUST019926,0.9282,1,1
CUST029975,0.0838,0,0
CUST008852,0.0497,0,0
CUST004261,0.4415,0,0
CUST020709,0.7408,1,0
CUST007557,0.1447,0,0
CUST013405,0.8047,1,0
CUST008298,0.1951,0,0
CUST008981,0.0743,0,0
CUST003592,0.1347,0,0
CUST011821,0.0482,0,0
CUST005878,0.1282,0,0
CUST007229,0.2476,0,0
CUST046866,0.1824,0,0
CUST044493,0.0779,0,0
CUST028223,0.0605,0,0
CUST034987,0.0845,0,0
CUST025536,0.1739,0,0
CUST010126,0.0743,0,0
CUST032987,0.1292,0,0
CUST017611,0.3351,0,0
CUST013674,0.1758,0,0
CUST048050,0.0675,0,0
CUST010951,0.7062,1,0
CUST033770,0.0666,0,0
CUST047823,0.1292,0,0
CUST004738,0.8991,1,1
CUST002496,0.1004,0,0
CUST001762,0.5886,1,0
CUST043709,0.108,0,0
CUST026312,0.1241,0,0
CUST001081,0.5297,1,0
CUST031101,0.0646,0,0
CUST038093,0.0696,0,0
CUST040354,0.114,0,0
CUST015092,0.637,1,0
CUST040385,0.0668,0,0
CUST001603,0.0483,0,0
CUST006867,0.1007,0,0
CUST033439,0.0774,0,0
CUST026291,0.1345,0,0
CUST049485,0.0449,0,0
CUST009158,0.1823,0,0
CUST039691,0.0525,0,0
CUST044763,0.0685,0,0
CUST025151,0.0607,0,0
CUST007453,0.5901,1,0
CUST001381,0.3107,0,0
CUST007592,0.075,0,0
CUST033580,0.5912,1,0
CUST015959,0.0906,0,0
CUST024000,0.2219,0,0
CUST003042,0.0705,0,0
CUST047920,0.074,0,0
CUST043389,0.0833,0,0
CUST022773,0.148,0,0
CUST005327,0.0675,0,0
CUST049519,0.1243,0,0
CUST005172,0.1529,0,0
CUST011140,0.3463,0,0
CUST024728,0.0646,0,0
CUST049788,0.1001,0,0
CUST041386,0.2091,0,0
CUST028919,0.8095,1,0
CUST003275,0.0947,0,0
CUST011577,0.2145,0,0
CUST031474,0.0746,0,0
CUST025230,0.0555,0,0
CUST010008,0.6418,1,0
CUST007086,0.1946,0,0
CUST004504,0.0386,0,0
CUST043869,0.0653,0,0
CUST046198,0.1158,0,0
CUST023923,0.6051,1,0
CUST000672,0.2475,0,0
CUST004144,0.2532,0,0
CUST048755,0.0675,0,0
CUST041490,0.0531,0,0
CUST007507,0.1128,0,0
CUST026737,0.0753,0,0
CUST036986,0.2134,0,0
CUST029178,0.3575,0,0
CUST019401,0.6487,1,0
CUST032307,0.1336,0,0
CUST043852,0.0805,0,0
CUST022587,0.0833,0,0
CUST042759,0.0997,0,0
CUST003457,0.0469,0,0
CUST003066,0.0654,0,0
CUST003938,0.057,0,0
CUST001571,0.6846,1,0
CUST034804,0.1439,0,0
CUST047273,0.0719,0,0
CUST006312,0.0863,0,0
CUST039366,0.0675,0,0
CUST035312,0.8322,1,0
CUST006655,0.0797,0,0
CUST003049,0.5888,1,0
CUST048236,0.0555,0,0
CUST032515,0.4781,0,0
CUST035960,0.0675,0,0
CUST024627,0.1275,0,0
CUST040187,0.1841,0,0
CUST025772,0.1934,0,0
CUST000603,0.2502,0,0
CUST011951,0.9006,1,1
CUST032316,0.1253,0,0
CUST038891,0.2225,0,0
CUST012849,0.2361,0,0
CUST013241,0.1575,0,0
CUST038280,0.5913,1,0
CUST023073,0.6508,1,0
CUST024957,0.7844,1,0
CUST021977,0.0748,0,0
CUST038698,0.1522,0,0
CUST023959,0.0731,0,0
CUST019597,0.1695,0,0
CUST006014,0.0978,0,0
CUST021677,0.1845,0,0
CUST042827,0.4442,0,0
CUST015993,0.0713,0,0
CUST033703,0.1096,0,0
CUST024887,0.0945,0,0
CUST047382,0.0658,0,0
CUST025194,0.4802,0,0
CUST002575,0.0675,0,0
CUST016943,0.0643,0,0
CUST018621,0.6609,1,0
CUST017798,0.0385,0,0
CUST027611,0.0835,0,0
CUST043570,0.3851,0,0
CUST027427,0.2098,0,0
CUST040432,0.0681,0,0
CUST025372,0.1135,0,0
CUST041648,0.0914,0,0
CUST049939,0.776,1,0
CUST019995,0.1656,0,0
CUST040775,0.0997,0,0
CUST014167,0.0757,0,0
CUST007632,0.7742,1,0
CUST031071,0.2646,0,0
CUST028230,0.1499,0,0
CUST003815,0.1471,0,0
CUST040700,0.0635,0,0
CUST046292,0.0382,0,0
CUST044283,0.8897,1,0
CUST041722,0.0753,0,0
CUST006790,0.5794,1,0
CUST010598,0.0795,0,0
CUST027311,0.0848,0,0
CUST049863,0.852,1,0
CUST008036,0.5091,1,0
CUST040930,0.6326,1,0
CUST003940,0.8991,1,0
CUST033261,0.8091,1,0
CUST002164,0.1275,0,0
CUST005039,0.0804,0,0
CUST036459,0.1344,0,0
CUST024542,0.1047,0,0
CUST028730,0.0662,0,0
CUST025207,0.1202,0,0
CUST020639,0.4016,0,0
CUST019753,0.0623,0,0
CUST019758,0.5361,1,0
CUST015491,0.0978,0,0
CUST008067,0.9025,1,0
CUST011120,0.1106,0,0
CUST049608,0.1194,0,0
CUST031897,0.0657,0,0
CUST020190,0.7408,1,0
CUST033764,0.5954,1,0
CUST042439,0.0553,0,0
CUST046772,0.0424,0,0
CUST007512,0.1134,0,0
CUST007155,0.111,0,0
CUST049337,0.0523,0,0
CUST038584,0.0777,0,0
CUST018278,0.1047,0,0
CUST035553,0.3485,0,0
CUST039716,0.168,0,0
CUST026489,0.1176,0,0
CUST011969,0.8422,1,0
CUST022087,0.0545,0,0
CUST009790,0.1912,0,0
CUST026238,0.3933,0,0
CUST043414,0.0826,0,0
CUST038730,0.4342,0,0
CUST013115,0.0572,0,0
CUST042917,0.1077,0,0
CUST047318,0.4443,0,0
CUST021700,0.0781,0,0
CUST006682,0.1662,0,0
CUST043413,0.3477,0,0
CUST002826,0.6932,1,0
CUST017011,0.7859,1,0
CUST034872,0.591,1,0
CUST008202,0.0545,0,0
CUST034939,0.4649,0,0
CUST015244,0.8498,1,1
CUST028772,0.1176,0,0
CUST032553,0.0672,0,0
CUST012731,0.0675,0,0
CUST030731,0.1581,0,0
CUST041870,0.0888,0,0
CUST010956,0.074,0,0
CUST043761,0.6562,1,0
CUST042668,0.146,0,0
CUST008497,0.0586,0,0
CUST013003,0.1016,0,0
CUST043998,0.3831,0,0
CUST014743,0.3161,0,0
CUST006124,0.2179,0,0
CUST012375,0.0872,0,0
CUST008552,0.1549,0,0
CUST049598,0.1106,0,0
CUST021338,0.1017,0,0
CUST026306,0.072,0,0
CUST013067,0.3325,0,0
CUST048193,0.1192,0,0
CUST002357,0.661,1,0
CUST039662,0.1249,0,0
CUST033476,0.1739,0,0
CUST016985,0.0952,0,0
CUST022785,0.5117,1,1
CUST011470,0.1997,0,0
CUST006344,0.1426,0,0
CUST042429,0.0574,0,0
CUST013062,0.0605,0,0
CUST011780,0.8991,1,0
CUST003089,0.7523,1,0
CUST024720,0.2082,0,0
CUST001304,0.0687,0,0
CUST007665,0.7873,1,0
CUST016544,0.0561,0,0
CUST000867,0.5909,1,0
CUST029653,0.4649,0,0
CUST025689,0.2147,0,0
CUST039596,0.8854,1,0
CUST037282,0.0753,0,0
CUST014064,0.1289,0,0
CUST044100,0.0745,0,0
CUST006613,0.1202,0,0
CUST049953,0.1178,0,0
CUST029635,0.2473,0,0
CUST027228,0.4688,0,0
CUST015129,0.88,1,0
CUST001012,0.087,0,0
CUST040175,0.0639,0,0
CUST040094,0.5375,1,0
CUST002199,0.0838,0,0
CUST040605,0.1502,0,0
CUST012506,0.638,1,0
CUST032869,0.1809,0,0
CUST010712,0.0692,0,0
CUST045494,0.1034,0,0
CUST037873,0.6192,1,0
CUST000850,0.4107,0,0
CUST044881,0.0563,0,0
CUST014543,0.1688,0,0
CUST048694,0.1369,0,0
CUST037638,0.2435,0,0
CUST023598,0.7721,1,0
CUST001485,0.0922,0,0
CUST026017,0.0532,0,0
CUST006399,0.2057,0,0
CUST001020,0.1367,0,0
CUST020143,0.1188,0,0
CUST039283,0.14,0,0
CUST038470,0.0442,0,0
CUST004186,0.0815,0,0
CUST007931,0.3095,0,0
CUST048430,0.8898,1,0
CUST030821,0.0786,0,0
CUST029081,0.3006,0,0
CUST002227,0.5925,1,0
CUST011822,0.1349,0,0
CUST008907,0.1943,0,0
CUST049367,0.2653,0,0
CUST015188,0.8036,1,0
CUST046859,0.0387,0,0
CUST020475,0.1454,0,0
CUST011211,0.1442,0,0
CUST048507,0.4734,0,0
CUST007328,0.0675,0,0
CUST008043,0.3982,0,0
CUST006334,0.1374,0,0
CUST007850,0.8991,1,1
CUST022266,0.1462,0,0
CUST041782,0.2996,0,0
CUST014498,0.7205,1,0
CUST033119,0.2384,0,0
CUST037692,0.0861,0,0
CUST029584,0.7046,1,1
CUST004553,0.1467,0,0
CUST000299,0.2117,0,0
CUST039931,0.0763,0,0
CUST019623,0.0583,0,0
CUST016410,0.0456,0,0
CUST040835,0.0932,0,0
CUST021314,0.1175,0,0
CUST003533,0.0684,0,0
CUST008752,0.0669,0,0
CUST010811,0.1113,0,0
CUST037380,0.064,0,0
CUST023360,0.0919,0,0
CUST013872,0.1711,0,0
CUST020330,0.1103,0,0
CUST025382,0.2133,0,0
CUST008506,0.0578,0,0
CUST049229,0.1364,0,0
CUST034902,0.2079,0,0
CUST006313,0.278,0,0
CUST020532,0.261,0,0
CUST015850,0.688,1,0
CUST013905,0.8131,1,0
CUST007914,0.0652,0,0
CUST003249,0.0803,0,0
CUST033826,0.0692,0,0
CUST048611,0.1024,0,0
CUST027123,0.301,0,0
CUST019189,0.0938,0,0
CUST044429,0.048,0,0
CUST008022,0.1009,0,0
CUST046079,0.3914,0,0
CUST025434,0.4188,0,0
CUST004608,0.8991,1,1
CUST023934,0.1147,0,0
CUST049347,0.1206,0,0
CUST043902,0.061,0,0
CUST015195,0.1703,0,0
CUST028003,0.0617,0,0
CUST018464,0.1892,0,0
CUST046201,0.0997,0,0
CUST018541,0.6962,1,0
CUST010241,0.2497,0,0
CUST032281,0.1013,0,0
CUST040218,0.1129,0,0
CUST013634,0.0957,0,0
CUST042247,0.0683,0,0
CUST011282,0.5784,1,0
CUST031616,0.1065,0,0
CUST028077,0.2183,0,0
CUST023998,0.0805,0,0
CUST015179,0.0712,0,0
CUST040337,0.0886,0,0
CUST048670,0.0508,0,0
CUST003468,0.5938,1,0
CUST033941,0.1288,0,0
CUST016092,0.0672,0,0
CUST001703,0.2887,0,0
CUST020840,0.0718,0,0
CUST032338,0.0516,0,0
CUST006760,0.0926,0,0
CUST014339,0.8085,1,1
CUST023647,0.5963,1,0
CUST002578,0.0737,0,0
CUST013687,0.1723,0,0
CUST017612,0.5942,1,0
CUST029533,0.4956,0,0
CUST006964,0.0585,0,0
CUST043831,0.0949,0,0
CUST022698,0.0919,0,0
CUST026171,0.0934,0,0
CUST012441,0.0923,0,0
CUST015546,0.0729,0,0
CUST025730,0.2597,0,0
CUST019107,0.0977,0,0
CUST022550,0.3087,0,0
CUST027504,0.25,0,1
CUST037533,0.0749,0,0
CUST047322,0.3022,0,0
CUST016594,0.4548,0,0
CUST011931,0.1308,0,0
CUST002252,0.0823,0,0
CUST004289,0.8991,1,1
CUST034850,0.206,0,0
CUST047216,0.0467,0,0
CUST033508,0.6377,1,0
CUST049010,0.0601,0,0
CUST022749,0.8498,1,0
CUST026136,0.8925,1,1
CUST015582,0.0739,0,0
CUST019472,0.203,0,0
CUST017632,0.138,0,0
CUST019234,0.0409,0,0
CUST015600,0.0365,0,0
CUST046163,0.0563,0,0
CUST032221,0.0408,0,0
CUST029184,0.1311,0,0
CUST042643,0.3633,0,0
CUST003920,0.0675,0,0
CUST028076,0.8002,1,0
CUST019250,0.1053,0,0
CUST032234,0.1551,0,0
CUST034319,0.0753,0,0
CUST005900,0.0786,0,0
CUST043261,0.3442,0,0
CUST032035,0.1826,0,0
CUST007963,0.2103,0,0
CUST006052,0.0529,0,0
CUST016942,0.2614,0,0
CUST040559,0.0635,0,0
CUST049004,0.0927,0,0
CUST005200,0.6824,1,0
CUST035241,0.0686,0,0
CUST049110,0.0675,0,0
CUST037037,0.1912,0,0
CUST020456,0.0774,0,0
CUST038757,0.1299,0,0
CUST030664,0.1345,0,1
CUST005041,0.1095,0,0
CUST047279,0.554,1,0
CUST047877,0.0677,0,0
CUST016109,0.1509,0,0
CUST017357,0.0985,0,0
CUST035650,0.069,0,0
CUST008316,0.084,0,0
CUST013068,0.0503,0,0
CUST012469,0.0753,0,0
CUST003918,0.3081,0,0
CUST022870,0.0862,0,0
CUST042551,0.3226,0,0
CUST044131,0.0715,0,0
CUST010037,0.055,0,0
CUST042799,0.0594,0,0
CUST033083,0.1906,0,0
CUST000135,0.0423,0,0
CUST033105,0.0638,0,0
CUST004860,0.0591,0,0
CUST024014,0.516,1,0
CUST022243,0.2052,0,0
CUST044333,0.0399,0,0
CUST046087,0.0966,0,0
CUST026701,0.7496,1,0
CUST018913,0.1757,0,0
CUST002512,0.065,0,0
CUST004627,0.7102,1,0
CUST000678,0.0722,0,0
CUST014432,0.8422,1,0
CUST047858,0.0659,0,0
CUST045001,0.2226,0,0
CUST011849,0.0759,0,0
CUST048125,0.3395,0,0
CUST019057,0.0783,0,0
CUST008240,0.2265,0,0
CUST018498,0.0984,0,0
CUST045232,0.1886,0,0
CUST018492,0.6047,1,0
CUST007561,0.1087,0,0
CUST046906,0.1327,0,0
CUST021897,0.1998,0,0
CUST031905,0.3093,0,0
CUST033715,0.1345,0,0
CUST002936,0.0909,0,0
CUST033964,0.2126,0,0
CUST039740,0.8775,1,0
CUST019380,0.115,0,0
CUST013943,0.0753,0,0
CUST043913,0.8629,1,0
CUST012256,0.4248,0,0
CUST017891,0.1543,0,0
CUST005201,0.0369,0,0
CUST020676,0.2535,0,0
CUST004706,0.0583,0,0
CUST022746,0.1045,0,0
CUST048620,0.0614,0,0
CUST012527,0.1909,0,0
CUST032263,0.1019,0,0
CUST008714,0.0703,0,0
CUST039071,0.0748,0,0
CUST035916,0.0774,0,0
CUST011764,0.0976,0,0
CUST018180,0.0738,0,0
CUST043599,0.1482,0,0
CUST011801,0.0952,0,0
CUST021375,0.8236,1,0
CUST009489,0.3183,0,0
CUST020641,0.0821,0,0
CUST046204,0.1681,0,0
CUST031521,0.0784,0,0
CUST041040,0.9341,1,1
CUST046094,0.1419,0,0
CUST049831,0.1323,0,0
CUST031721,0.0699,0,0
CUST044040,0.3887,0,0
CUST044892,0.0813,0,0
CUST001406,0.8626,1,0
CUST025300,0.3784,0,0
CUST024561,0.2884,0,0
CUST013347,0.0557,0,0
CUST036503,0.0555,0,0
CUST025709,0.0556,0,0
CUST033760,0.2267,0,0
CUST011879,0.8115,1,0
CUST006490,0.0902,0,0
CUST038264,0.0566,0,0
CUST016135,0.588,1,0
CUST049142,0.4084,0,0
CUST048581,0.1943,0,0
CUST030249,0.1242,0,0
CUST017733,0.9006,1,0
CUST003403,0.9219,1,1
CUST014719,0.8133,1,0
CUST016526,0.1745,0,0
CUST043398,0.1146,0,0
CUST035977,0.4953,0,0
CUST036601,0.0602,0,0
CUST009590,0.1042,0,0
CUST003291,0.8561,1,1
CUST049555,0.288,0,0
CUST013588,0.1288,0,0
CUST043699,0.1005,0,0
CUST009544,0.1673,0,0
CUST035598,0.0952,0,0
CUST003542,0.0634,0,0
CUST017416,0.0453,0,0
CUST029456,0.1696,0,0
CUST027026,0.3672,0,0
CUST040741,0.0784,0,0
CUST037784,0.7524,1,0
CUST005023,0.0835,0,0
CUST017194,0.7705,1,0
CUST008472,0.2315,0,0
CUST028706,0.4956,0,0
CUST048096,0.1779,0,0
CUST041643,0.0601,0,0
CUST035556,0.1851,0,0
CUST002330,0.0885,0,0
CUST009294,0.2538,0,0
CUST013718,0.8919,1,1
CUST048988,0.077,0,0
CUST010995,0.1465,0,0
CUST047564,0.0917,0,0
CUST033475,0.2666,0,0
CUST011336,0.2535,0,0
CUST016735,0.2764,0,0
CUST033206,0.076,0,0
CUST006803,0.1136,0,0
CUST038577,0.5386,1,0
CUST028917,0.4822,0,0
CUST014074,0.2833,0,0
CUST000089,0.1722,0,0
CUST037247,0.1423,0,0
CUST000700,0.7256,1,0
CUST026570,0.0613,0,0
CUST016450,0.0686,0,0
CUST046338,0.6788,1,0
CUST032054,0.8991,1,0
CUST033007,0.1503,0,0
CUST021502,0.6005,1,0
CUST028950,0.8591,1,0
CUST020741,0.0799,0,0
CUST022438,0.5481,1,1
CUST008663,0.0741,0,0
CUST038176,0.4425,0,0
CUST024559,0.0716,0,0
CUST019903,0.0781,0,0
CUST035980,0.7906,1,0
CUST011720,0.0836,0,0
CUST039274,0.0754,0,0
CUST022068,0.0552,0,0
CUST008245,0.099,0,0
CUST025782,0.0828,0,0
CUST049370,0.1876,0,0
CUST038903,0.1983,0,0
CUST035054,0.1196,0,0
CUST020806,0.1178,0,0
CUST008085,0.5673,1,0
CUST033441,0.8107,1,0
CUST031871,0.1464,0,0
CUST028637,0.744,1,1
CUST003627,0.1784,0,0
CUST048868,0.0661,0,0
CUST023085,0.2843,0,0
CUST024743,0.8974,1,1
CUST007307,0.5955,1,0
CUST042527,0.0515,0,0
CUST009958,0.85,1,0
CUST038060,0.2649,0,0
CUST049994,0.048,0,0
CUST000990,0.0438,0,0
CUST016661,0.8179,1,0
CUST041252,0.1337,0,0
CUST035142,0.5165,1,0
CUST007673,0.051,0,0
CUST027098,0.7804,1,0
CUST026452,0.4733,0,0
CUST009868,0.0494,0,0
CUST005691,0.1153,0,0
CUST043120,0.0461,0,0
CUST030271,0.0588,0,0
CUST035899,0.0502,0,0
CUST023485,0.1288,0,0
CUST021636,0.2896,0,0
CUST000532,0.8655,1,0
CUST003295,0.1942,0,0
CUST021186,0.0372,0,0
CUST038305,0.2315,0,0
CUST029085,0.3061,0,0
CUST040827,0.629,1,0
CUST002567,0.7485,1,0
CUST005923,0.2507,0,0
CUST041037,0.0363,0,0
CUST008250,0.6947,1,0
CUST010968,0.0419,0,0
CUST003108,0.5995,1,0
CUST010382,0.4421,0,0
CUST033188,0.5026,1,0
CUST038717,0.2124,0,0
CUST026151,0.8005,1,0
CUST032306,0.077,0,0
CUST049060,0.6427,1,0
CUST024698,0.0596,0,0
CUST010204,0.0697,0,0
CUST034666,0.0804,0,0
CUST008453,0.0693,0,0
CUST037668,0.0687,0,0
CUST040728,0.0862,0,0
CUST019694,0.6017,1,0
CUST043465,0.0635,0,0
CUST005173,0.0897,0,0
CUST021371,0.1142,0,0
CUST023505,0.0669,0,0
CUST020221,0.2086,0,0
CUST037124,0.0764,0,0
CUST000581,0.0602,0,0
CUST045500,0.0973,0,0
CUST004015,0.0675,0,0
CUST028153,0.7169,1,1
CUST004314,0.8913,1,0
CUST009159,0.0483,0,0
CUST042245,0.8071,1,1
CUST005230,0.9005,1,0
CUST019193,0.3827,0,0
CUST002323,0.5673,1,0
CUST031420,0.0653,0,0
CUST042968,0.3764,0,0
CUST040600,0.1303,0,0
CUST031104,0.0599,0,0
CUST042561,0.1419,0,0
CUST025981,0.8937,1,0
CUST013492,0.0882,0,0
CUST044918,0.0559,0,0
CUST016535,0.0602,0,0
CUST038648,0.0591,0,0
CUST046195,0.3836,0,0
CUST028455,0.0837,0,0
CUST034811,0.0749,0,0
CUST006905,0.5076,1,0
CUST003139,0.0487,0,0
CUST042681,0.0792,0,0
CUST008631,0.0753,0,0
CUST001643,0.0548,0,0
CUST004710,0.0742,0,0
CUST007973,0.1603,0,0
CUST000924,0.1201,0,0
CUST003913,0.0757,0,0
CUST005526,0.6237,1,0
CUST042441,0.0568,0,0
CUST015688,0.0651,0,0
CUST024417,0.1673,0,0
CUST046885,0.8755,1,0
CUST020242,0.8131,1,0
CUST021913,0.2797,0,0
CUST025805,0.0426,0,0
CUST027350,0.0935,0,0
CUST007088,0.6022,1,0
CUST014762,0.5813,1,1
CUST024351,0.175,0,0
CUST034708,0.0761,0,0
CUST017819,0.1003,0,0
CUST018477,0.0928,0,0
CUST035363,0.6474,1,0
CUST027731,0.8626,1,0
CUST011110,0.8381,1,0
CUST025492,0.4326,0,0
CUST023803,0.3395,0,0
CUST012218,0.433,0,0
CUST025678,0.1211,0,0
CUST044927,0.0524,0,0
CUST024549,0.0538,0,0
CUST032516,0.1276,0,0
CUST041619,0.2019,0,0
CUST038973,0.0753,0,0
CUST049114,0.2664,0,0
CUST033837,0.0997,0,0
CUST042879,0.2123,0,0
CUST016604,0.0442,0,0
CUST019065,0.0806,0,0
CUST005301,0.1758,0,0
CUST035099,0.9275,1,1
CUST006855,0.6176,1,0
CUST033769,0.3253,0,0
CUST005592,0.1417,0,0
CUST038429,0.4533,0,0
CUST043433,0.3734,0,0
CUST036932,0.1845,0,0
CUST046121,0.0708,0,0
CUST030141,0.1064,0,0
CUST012429,0.7506,1,0
CUST011580,0.1058,0,0
CUST049695,0.0657,0,0
CUST033731,0.0617,0,0
CUST047100,0.1526,0,0
CUST042259,0.0448,0,0
CUST004667,0.1422,0,0
CUST041097,0.129,0,0
CUST013511,0.0928,0,0
CUST003760,0.181,0,0
CUST004993,0.0613,0,0
CUST017393,0.3005,0,0
CUST034639,0.9025,1,1
CUST036003,0.719,1,0
CUST047746,0.7814,1,0
CUST007081,0.1007,0,0
CUST024396,0.0675,0,0
CUST046233,0.1159,0,0
CUST037236,0.1425,0,0
CUST008668,0.289,0,0
CUST035662,0.7728,1,0
CUST038566,0.1845,0,0
CUST029854,0.8186,1,0
CUST039791,0.0675,0,0
CUST037621,0.1098,0,0
CUST020789,0.1045,0,0
CUST048475,0.1943,0,0
CUST044931,0.0556,0,0
CUST037435,0.0423,0,0
CUST036512,0.5451,1,0
CUST036196,0.2119,0,0
CUST008041,0.7179,1,1
CUST008951,0.1183,0,0
CUST042947,0.0503,0,0
CUST030212,0.1657,0,0
CUST007182,0.1039,0,0
CUST031441,0.1904,0,0
CUST015380,0.1548,0,0
CUST032424,0.072,0,0
CUST009569,0.0753,0,0
CUST049259,0.1779,0,0
CUST022989,0.0639,0,0
CUST027780,0.0609,0,0
CUST042190,0.0769,0,0
CUST022134,0.0855,0,0
CUST031937,0.075,0,0
CUST000785,0.8554,1,0
CUST025083,0.7077,1,0
CUST023801,0.1025,0,0
CUST047267,0.0611,0,0
CUST048429,0.103,0,0
CUST043096,0.3391,0,0
CUST049762,0.8305,1,0
CUST023354,0.0738,0,0
CUST002814,0.0541,0,0
CUST045476,0.5396,1,0
CUST021151,0.0536,0,0
CUST000997,0.207,0,0
CUST011278,0.398,0,0
CUST034261,0.1372,0,0
CUST047988,0.8188,1,0
CUST007061,0.1013,0,0
CUST003417,0.6005,1,0
CUST020807,0.4425,0,0
CUST000305,0.1335,0,0
CUST047796,0.0675,0,0
CUST016598,0.1196,0,0
CUST028177,0.1053,0,0
CUST047146,0.6208,1,0
CUST006029,0.0675,0,0
CUST027657,0.1007,0,0
CUST041713,0.3672,0,0
CUST018791,0.3476,0,0
CUST029055,0.5457,1,0
CUST014837,0.0621,0,0
CUST041717,0.1202,0,0
CUST047907,0.8796,1,0
CUST046035,0.6005,1,0
CUST008555,0.226,0,0
CUST021951,0.0835,0,0
CUST041352,0.3015,0,0
CUST029862,0.0767,0,0
CUST003408,0.0675,0,0
CUST021771,0.0562,0,0
CUST041249,0.5749,1,0
CUST040675,0.0385,0,0
CUST033607,0.0955,0,0
CUST022052,0.067,0,0
CUST001679,0.7853,1,0
CUST046023,0.2542,0,0
CUST039921,0.0572,0,0
CUST043068,0.2686,0,0
CUST048785,0.0867,0,0
CUST023006,0.7901,1,0
CUST002523,0.0802,0,0
CUST039272,0.4425,0,0
CUST011504,0.8375,1,0
CUST043198,0.7789,1,0
CUST021987,0.5954,1,0
CUST006597,0.8518,1,0
CUST021559,0.0818,0,0
CUST043247,0.2247,0,0
CUST005921,0.6158,1,0
CUST043204,0.0676,0,0
CUST001616,0.283,0,0
CUST049837,0.0596,0,0
CUST026780,0.1117,0,0
CUST006202,0.0841,0,0
CUST029158,0.8565,1,1
CUST025784,0.0646,0,0
CUST016534,0.3375,0,0
CUST006940,0.0996,0,0
CUST004809,0.0587,0,0
CUST032022,0.86,1,0
CUST003456,0.0675,0,0
CUST018369,0.0763,0,0
CUST031084,0.0744,0,0
CUST032602,0.141,0,0
CUST001356,0.427,0,0
CUST045852,0.0604,0,0
CUST014642,0.0882,0,0
CUST032384,0.0993,0,0
CUST017868,0.852,1,0
CUST033167,0.1095,0,0
CUST012501,0.062,0,0
CUST008974,0.0636,0,0
CUST026712,0.2,0,0
CUST009202,0.1338,0,0
CUST027517,0.2682,0,0
CUST015213,0.5473,1,0
CUST007169,0.6143,1,0
CUST039280,0.1858,0,0
CUST045668,0.4379,0,0
CUST039841,0.0961,0,0
CUST016108,0.8415,1,0
CUST039592,0.8991,1,1
CUST045444,0.1316,0,0
CUST049156,0.1029,0,0
CUST011685,0.8659,1,0
CUST026106,0.1447,0,0
CUST040417,0.0918,0,0
CUST029374,0.1876,0,0
CUST012549,0.183,0,0
CUST021281,0.0753,0,0
CUST036262,0.11,0,0
CUST037880,0.2182,0,0
CUST044195,0.0505,0,0
CUST036257,0.9006,1,1
CUST019620,0.051,0,0
CUST030034,0.0858,0,0
CUST018059,0.3669,0,0
CUST017889,0.0633,0,0
CUST015748,0.5865,1,0
CUST039946,0.1801,0,0
CUST029406,0.1327,0,0
CUST033251,0.366,0,0
CUST046255,0.0992,0,0
CUST010982,0.0557,0,0
CUST028191,0.0792,0,0
CUST048957,0.0787,0,0
CUST012479,0.1611,0,0
CUST042553,0.0745,0,0
CUST043818,0.3031,0,0
CUST027028,0.2017,0,0
CUST001729,0.9247,1,1
CUST048077,0.474,0,0
CUST044783,0.0981,0,0
CUST044575,0.1946,0,0
CUST013428,0.1635,0,0
CUST009186,0.4519,0,0
CUST036957,0.562,1,0
CUST005118,0.14,0,0
CUST048067,0.0675,0,0
CUST041900,0.1674,0,0
CUST017087,0.8164,1,0
CUST030295,0.3834,0,0
CUST006874,0.1071,0,0
CUST040753,0.601,1,0
CUST026562,0.0853,0,0
CUST029737,0.5423,1,0
CUST014886,0.8616,1,1
CUST019212,0.8915,1,0
CUST027996,0.077,0,0
CUST036845,0.1757,0,0
CUST030697,0.0601,0,0
CUST038560,0.0675,0,0
CUST035323,0.6812,1,0
CUST044237,0.7944,1,0
CUST013204,0.7229,1,0
CUST048545,0.8378,1,0
CUST009237,0.0979,0,0
CUST006285,0.2103,0,0
CUST025768,0.087,0,0
CUST012899,0.0388,0,0
CUST015057,0.5585,1,0
CUST002712,0.8877,1,0
CUST007168,0.0812,0,0
CUST024712,0.0731,0,0
CUST024091,0.3476,0,0
CUST030571,0.0631,0,0
CUST030928,0.0697,0,0
CUST014047,0.0671,0,0
CUST010057,0.6737,1,0
CUST023549,0.0845,0,0
CUST045829,0.2018,0,0
CUST042316,0.0457,0,0
CUST007583,0.0847,0,0
CUST012807,0.0829,0,0
CUST021097,0.2399,0,0
CUST009856,0.3117,0,0
CUST002442,0.0753,0,0
CUST030543,0.048,0,0
CUST004483,0.7801,1,0
CUST043920,0.261,0,0
CUST025482,0.1309,0,0
CUST037829,0.5716,1,0
CUST016667,0.1688,0,0
CUST030612,0.8991,1,1
CUST030047,0.2755,0,0
CUST003732,0.8964,1,1
CUST016237,0.0757,0,0
CUST025500,0.1603,0,0
CUST025248,0.8166,1,0
CUST046966,0.2747,0,0
CUST000490,0.6257,1,0
CUST045324,0.1475,0,0
CUST014782,0.8919,1,0
CUST038829,0.8893,1,1
CUST037741,0.1845,0,0
CUST027506,0.3209,0,0
CUST021242,0.2746,0,0
CUST042372,0.8913,1,0
CUST033923,0.0843,0,0
CUST006665,0.3072,0,0
CUST000245,0.0753,0,0
CUST001219,0.0641,0,0
CUST003830,0.0993,0,0
CUST015960,0.0759,0,0
CUST013448,0.0804,0,0
CUST032425,0.1487,0,0
CUST019882,0.0838,0,0
CUST031185,0.104,0,0
CUST029036,0.0745,0,0
CUST005090,0.1537,0,0
CUST048567,0.1757,0,0
CUST009551,0.0791,0,0
CUST043900,0.2195,0,0
CUST042938,0.1183,0,0
CUST009338,0.8107,1,0
CUST046672,0.3218,0,0
CUST027125,0.1468,0,0
CUST024306,0.0582,0,0
CUST031730,0.1139,0,0
CUST044085,0.0711,0,0
CUST026031,0.5847,1,0
CUST010660,0.0562,0,0
CUST029313,0.7084,1,0
CUST024278,0.1269,0,0
CUST038534,0.8498,1,0
CUST027835,0.0608,0,0
CUST029256,0.6342,1,0
CUST018692,0.1171,0,0
CUST014309,0.0547,0,0
CUST030246,0.1099,0,0
CUST048345,0.1127,0,0
CUST008281,0.0749,0,0
CUST002289,0.068,0,0
CUST007890,0.3566,0,1
CUST009902,0.2497,0,0
CUST042445,0.0633,0,0
CUST017590,0.6849,1,0
CUST027303,0.0538,0,0
CUST012916,0.4475,0,0
CUST046850,0.0446,0,0
CUST005987,0.3195,0,0
CUST033377,0.0811,0,0
CUST010620,0.7318,1,0
CUST041304,0.5193,1,0
CUST010459,0.048,0,0
CUST043643,0.0543,0,0
CUST020463,0.9006,1,0
CUST028552,0.1214,0,0
CUST024482,0.0757,0,0
CUST003286,0.225,0,0
CUST048548,0.1026,0,0
CUST041924,0.1107,0,0
CUST019348,0.234,0,0
CUST037193,0.1194,0,0
CUST045862,0.6583,1,0
CUST030962,0.101,0,0
CUST035497,0.0686,0,0
CUST020814,0.0939,0,0
CUST021886,0.0573,0,0
CUST003754,0.1222,0,0
CUST020169,0.2508,0,0
CUST006337,0.3213,0,0
CUST001925,0.8498,1,0
CUST045575,0.0749,0,0
CUST003071,0.4042,0,0
CUST005656,0.2276,0,0
CUST002221,0.3472,0,0
CUST007581,0.4669,0,0
CUST034099,0.0568,0,0
CUST042346,0.2519,0,0
CUST011073,0.4874,0,0
CUST029833,0.1447,0,0
CUST048663,0.1623,0,0
CUST011182,0.6179,1,1
CUST039671,0.0522,0,0
CUST042957,0.1066,0,0
CUST020991,0.1906,0,0
CUST010292,0.0575,0,0
CUST040734,0.6976,1,0
CUST026658,0.0913,0,0
CUST000266,0.8504,1,0
CUST035146,0.5621,1,0
CUST033062,0.1509,0,0
CUST002666,0.0945,0,0
CUST040013,0.3557,0,0
CUST002952,0.0879,0,0
CUST019779,0.5488,1,0
CUST017844,0.1087,0,0
CUST032088,0.3836,0,0
CUST015683,0.0856,0,0
CUST005168,0.0719,0,0
CUST033223,0.1562,0,0
CUST025874,0.2738,0,0
CUST006211,0.0824,0,0
CUST024959,0.0557,0,0
CUST042972,0.0857,0,0
CUST031679,0.0634,0,0
CUST025358,0.1231,0,0
CUST022607,0.093,0,0
CUST038071,0.1849,0,0
CUST014733,0.0699,0,0
CUST018291,0.0742,0,0
CUST026697,0.0459,0,0
CUST018319,0.0606,0,0
CUST049170,0.2277,0,0
CUST049600,0.8379,1,0
CUST026436,0.6005,1,0
CUST039149,0.0641,0,0
CUST034054,0.8837,1,1
CUST027909,0.0852,0,0
CUST021528,0.0732,0,0
CUST030713,0.071,0,0
CUST043542,0.0544,0,0
CUST031701,0.0486,0,0
CUST030161,0.2281,0,0
CUST013329,0.0675,0,0
CUST017302,0.643,1,1
CUST037546,0.3716,0,0
CUST013857,0.1006,0,0
CUST041631,0.2633,0,0
CUST036324,0.053,0,0
CUST027399,0.5505,1,0
CUST049329,0.059,0,0
CUST023076,0.1394,0,0
CUST046565,0.5234,1,0
CUST043981,0.0635,0,0
CUST044383,0.0759,0,0
CUST028510,0.0892,0,0
CUST007211,0.0919,0,0
CUST044209,0.4572,0,0
CUST001458,0.2152,0,0
CUST024377,0.2219,0,0
CUST007781,0.1942,0,0
CUST038637,0.0792,0,0
CUST021202,0.5306,1,0
CUST036656,0.4305,0,0
CUST016183,0.1066,0,0
CUST027093,0.08,0,0
CUST035687,0.2267,0,0
CUST020192,0.166,0,0
